Date,AAPL,AMZN,GOOGL,JPM,META,MSFT,NVDA,TSLA,UNH,XOM
2020-01-03,-0.00976980402199522,-0.012213314472679244,-0.005244897189091454,-0.013284394159884999,-0.005305474531161988,-0.012529955925980956,-0.016135393540330237,0.02920267893223429,-0.010171714936518942,-0.008072047254619285
2020-01-06,0.007936662420765891,0.014775871094842,0.026305246947236613,-0.0007954318165757143,0.01865845272484143,0.0025814360714822558,0.004185004576790636,0.019071612174755247,0.006918205377956948,0.007648751116118595
2020-01-07,-0.004714175060794684,0.002089436023074214,-0.0019336594900160526,-0.01714676458225086,0.0021614854225752186,-0.009159748541432387,0.012033778779596709,0.03806670586808656,-0.006054839043655634,-0.008217616332565495
2020-01-08,0.015958173412213776,-0.007839287338238396,0.00709247745896635,0.007770540562139281,0.01008676607832969,0.015803315205290745,0.001873836290057551,0.048032568493066904,0.020864947501404177,-0.01519509723705385
2020-01-09,0.02101876253826863,0.0047876954600311996,0.010443203315832901,0.0036446840677139053,0.014209522035067357,0.012415211507677978,0.010922690070849004,-0.022189385476863444,-0.005693899656724743,0.007626373100976669
2020-01-10,0.002257758551614287,-0.009455156242405702,0.00643779267813993,-0.010017768111802435,-0.0010998879138607444,-0.0046376976309109854,0.005335201295627872,-0.006649355680979626,0.003088359074773201,-0.008927465058671369
2020-01-13,0.021139465492035835,0.0043132627393767525,0.00771707230008987,0.008270120308583723,0.017501557175372513,0.01195241079092853,0.030870985699957127,0.09320702322102224,-0.03194919229523777,0.009500577772845483
2020-01-14,-0.01359529317674078,-0.011625527046359843,-0.006576976316596069,0.011594227596420006,-0.012926252303960946,-0.007067765304789182,-0.018828288781181434,0.024578286172624794,0.00832668103028502,-0.008633068885591082
2020-01-15,-0.004294753630961577,-0.003977024437111101,0.006000719749393622,-0.01509891185758314,0.009495547012639228,0.00645552177018223,-0.006939583425225293,-0.03676981311758122,0.027949999439782866,-0.0015909220273763864
2020-01-16,0.012448624586233024,0.008513567549042408,0.00758647469531382,0.003868946888890586,0.002799631598268287,0.01815722802756204,0.013589870065004627,-0.00970946227670784,0.01450246647606088,-0.0039155592336539875
2020-01-17,0.01101005020652798,-0.007064556764163625,0.020043446022568998,0.006897998674261777,0.001667057960797285,0.005581183471934559,0.001404782242046217,-0.005839913304383257,-0.007576633438307404,-0.0037850568565827385
2020-01-21,-0.006800138360867611,0.014523546068980422,0.001843692913366968,-0.009890003510212832,-0.003156221066910788,-0.003597261772016974,-0.005389830401788339,0.06942373110021945,0.006878195614219321,-0.01439713080075085
2020-01-22,0.0035635604752167266,-0.0024024329949913796,0.0010923862478229183,-0.0011697367893981102,-0.0005420641484436247,-0.004816339994148593,0.008714149309113404,0.04004983514491321,0.00019984660336093876,-0.005787851741739317
2020-01-23,0.004804157987217624,-0.0015270766138826273,0.0005522781718097047,-0.001024792808558138,-0.00707349381852945,0.006136997111915587,0.010934913466075346,0.004624413044606698,-0.003767027039683431,-0.006270675938688491
2020-01-24,-0.0028859942771177994,-0.012247117354347815,-0.012552345359287814,-0.025141296541621994,-0.00831637224222921,-0.010128193832674473,-0.009456800314947871,-0.012981499419033645,-0.02245630400822099,-0.006762114148565371
2020-01-27,-0.029846421762107014,-0.018049378179086813,-0.0237701428425109,-0.008447025540263506,-0.014186596449659675,-0.016864418849046853,-0.04190688300807395,-0.012112331857897394,-0.030232935761356713,-0.024112191682930568
2020-01-28,0.027896747742948383,0.013532388730052893,0.013025046339077334,0.018014420895629726,0.01349822559726209,0.019406246774089947,0.03183561319829593,0.01578809278786119,0.006245990900772125,-0.0013913121796556287
2020-01-29,0.02071598431354754,0.002559818728975466,0.0042652582095840386,-0.0014888574829115264,0.02467131094883249,0.01547235305888791,-0.00984798977154133,0.02455066473079113,-0.01044357991670587,-0.008387495724345632
2020-01-30,-0.001449739829586909,0.00680130777131683,-0.001683278706501066,0.012290957831123621,-0.0633357486662413,0.027817176204656718,0.0010991179859865593,0.09799952270077929,-0.006810206991570384,0.010550730773552258
2020-01-31,-0.04535195392877862,0.07119570893188107,-0.01487389440151049,-0.02632022345756451,-0.037044865848870415,-0.014868475555789143,-0.03890688248117107,0.015115867923964223,-0.03082834506786825,-0.042083365491936336
2020-02-03,-0.002750221032038613,-0.002252704013802056,0.034180625894916314,0.007601580537191276,0.011228853831271314,0.024086384631682195,0.016360957340525017,0.18144500086765858,0.005745806199413227,-0.022630063149821363
2020-02-04,0.03248054552143962,0.022433811849720944,-0.025404268954432374,0.01429336949676201,0.027246936297910005,0.03238653982167077,0.027901379162837834,0.1286186970285338,0.024584461168480936,-0.012593245430999793
2020-02-05,0.008121293106040182,-0.004792703414039184,0.00044274271632563193,0.016858004999751208,0.0013332791352294782,-0.0012224365957569426,0.014582071760037302,-0.18845037343186985,0.051661521810441605,0.04499521738305684
2020-02-06,0.01162898249252961,0.005065879625856511,0.020479776448278034,0.00014530793836773013,0.0035159621002587784,0.020521811252900594,0.013821735151021022,0.019223358515689473,-0.011118714706001976,-0.01364266477183052
2020-02-07,-0.013685694505796453,0.014069692433392624,0.0021253176010310867,-0.0032025220179572795,0.006994546687316649,0.0014149922291065104,-0.010517310053986127,-0.0011890304222129079,-0.011140298096035305,-0.006647882125789878
2020-02-10,0.004738341712096224,0.02593435798738784,0.01978099951478227,0.004146706889229875,0.0034323060001508455,0.02582050099355302,0.044239113964281325,0.030554904345579816,-0.007601024450874416,-0.010617271009237768
2020-02-11,-0.006051746518708153,0.007883866478429244,0.0009277089438202294,0.0018858967029295225,-0.027937604558054503,-0.02283414588355082,0.0185365099797687,0.0040112052857509935,0.013014860505636668,0.009461428996168019
2020-02-12,0.02347039250808039,0.004268347229322045,0.005659358266557602,0.0,0.017083882426423423,0.0014625301155053805,0.017209008105447603,-0.009197828567077742,0.0427140198756875,0.01215122150501188
2020-02-13,-0.0071469785835567064,-0.004700848772083054,-0.0034566445595974114,-0.0008699618167996995,0.011229043147100864,-0.005428133239588634,-0.006478749319567102,0.04673438827304504,-0.004226685460305665,-0.00556452164704754
2020-02-14,0.00024648477239929366,-0.007001620314183051,0.0035224304021733007,-0.0030510382749036275,0.004867619308431299,0.008887334689160458,0.06784973930054923,-0.004949986662921484,-0.011381206396617848,-0.004606097307002285
2020-02-18,-0.0184801839934035,0.00969583372641929,0.0004672691527421755,-0.013328555465041237,0.016760276958752672,0.010091813584397624,0.023126797493337826,0.0704209168261074,0.011182876106727937,-0.012777225289932711
2020-02-19,0.014378930581294356,0.006726973190216665,0.0035673880968890392,0.013547111521745116,-0.001424174993615473,0.002994707935555082,0.05933657178381016,0.06649517653196184,0.01043723081884932,0.007652610010914372
2020-02-20,-0.010311938643605007,-0.007919906743473367,-0.005181207180703056,0.0,-0.013470413707232058,-0.01538896887871777,-0.01925003575640849,-0.019826354777620053,-0.010470534297592583,-0.007986539963252446
2020-02-21,-0.022895537365917946,-0.02689219882130043,-0.022350723146430388,-0.012294663426554163,-0.020718236374406063,-0.03212325917758629,-0.04855203551790392,0.0017662480443414094,-0.0023195197754162862,-0.01227007597405967
2020-02-24,-0.048665157937507204,-0.042235023870589,-0.04381907909893666,-0.027243190724497834,-0.04605335534109387,-0.04407243986631027,-0.07332089100491353,-0.07752369493467591,-0.08167216852574413,-0.047978772109682453
2020-02-25,-0.03445926965973486,-0.018357980231590378,-0.02390554533544379,-0.04567017796829835,-0.019875388303783284,-0.016639774526532047,-0.04196165715111952,-0.041482357972054684,-0.05322968811368432,-0.03907875042753416
2020-02-26,0.01573908670336078,0.0034663008478506324,0.002989021753138209,0.0030050149202910338,0.0021828952190469657,0.01241748132463879,0.021145010208460893,-0.026744949535016983,-0.0014817338884165344,-0.022200145867880862
2020-02-27,-0.06760262620328829,-0.049333390430740226,-0.05584297245703921,-0.04250465941144635,-0.038511107816359136,-0.07306418736348017,-0.05727521910712749,-0.13713311629061195,-0.03513502230052518,-0.062064235884386164
2020-02-28,-0.0005851840199669625,-0.0002918893180325476,0.01831090933266438,-0.04430578851452103,0.014232949046790365,0.02392403752823096,0.06687413769575412,-0.016347950327421108,0.004087679714110384,0.03199932615635107
2020-03-02,0.0890186895997034,0.03658851566405863,0.034543041371236864,0.04554086720254207,0.02041674065395775,0.06441923775665469,0.023276493471982924,0.1072570247859105,0.06876770502434448,0.04634351690252868
2020-03-03,-0.032274858273196386,-0.023278669366774255,-0.035686024033731,-0.03824683762291402,-0.05520193738135358,-0.04910577385072592,-0.03887489100219415,0.0025383850988232293,-0.0438226604049355,-0.049068591494748
2020-03-04,0.045341174821081985,0.03441420829326915,0.03227552987301941,0.02440914872154956,0.031089369484862267,0.036057253344810726,0.06768573467858612,0.005337746224066965,0.10182708162232323,0.021597187515684502
2020-03-05,-0.0329749240305659,-0.02656658154602768,-0.049588048175402674,-0.05030583547881498,-0.03497021811558694,-0.025415407411678227,-0.04023506440352064,-0.033869376791647296,-0.022573375987391484,-0.045067352660175614
2020-03-06,-0.013369108296896528,-0.011994572145720599,-0.01457219182043091,-0.053063345123807754,-0.02228007258483139,-0.028674771925374938,-0.02688679344302672,-0.029497510135476336,0.003210998311054802,-0.049499069433641456
2020-03-09,-0.08239520354609471,-0.05430184971456644,-0.06368787987226608,-0.1455523511405059,-0.06614120174852954,-0.07017828651144986,-0.08059409331305999,-0.14586457137702016,-0.03743426565005122,-0.13039070476081002
2020-03-10,0.06954629564470169,0.04941384267449418,0.04768532433542055,0.07482618263151362,0.04999727698409732,0.06614745251360539,0.061774343753003544,0.059586929551683376,0.023707105274820003,0.03635896946034532
2020-03-11,-0.035347857567209914,-0.03823045590680999,-0.0517154558228097,-0.048214370540261474,-0.04564104044390929,-0.046360213950976246,-0.05758635748794025,-0.01735009892797303,-0.007959923594211559,-0.033496261240018
2020-03-12,-0.10397798677238958,-0.08253503819368388,-0.08560844917100209,-0.08602648481662196,-0.09720930731965992,-0.09964194428833562,-0.1305279985784913,-0.12349328402408655,-0.10372982669646598,-0.12142231254702651
2020-03-13,0.11315746789483049,0.06264454451479513,0.08838750875547433,0.16562050213930363,0.0974442764712082,0.13292913288389402,0.10742030113966534,-0.02516454136147571,0.0871716294867986,0.024967816505625153
2020-03-16,-0.13770798697395378,-0.0551930111496119,-0.12368444620079036,-0.16210602132052818,-0.15376915716038314,-0.1594533976541503,-0.2039794536220682,-0.20552230217550044,-0.18967092194442497,-0.10006951456081621
2020-03-17,0.04303089274513518,0.0679073394904408,0.04113640920527482,0.05931890952041731,0.023085985039053788,0.07912199700287893,0.10098752182305379,-0.03398134500612111,0.08179134828119357,0.06509992028907727
2020-03-18,-0.02478446382220145,0.012183223280898315,-0.024326060478333647,-0.11123170230976383,-0.01660047028342995,-0.043007485658853824,-0.06882203368675478,-0.17476304366003273,-0.11789570876151202,-0.10563230449352388
2020-03-19,-0.007691633521742181,0.027450380856149387,0.01859439902095493,0.016667959608814332,0.04112667410215134,0.01631901421628169,0.04883261184060452,0.16879451260286096,0.01254419350188591,0.03879124014032301
2020-03-20,-0.0655903694844192,-0.018696493799985447,-0.03987895673061533,-0.02132806005501398,-0.02245348974919896,-0.03828226360787944,-0.034489593504450994,-0.00025720668994270134,-0.061981776491998236,-0.0503307334629427
2020-03-23,-0.021473106024878688,0.03027242280070844,-0.013268545159430505,-0.055018933637096264,-0.010945974525563822,-0.010024432459615559,0.03317378298153163,0.015688043665694176,-0.058454899445263366,-0.04019857955303741
2020-03-24,0.09560600200767264,0.019397213114498144,0.06951064919377024,0.1123836068933863,0.08339234745339362,0.08699921265947386,0.15833991953572166,0.15084593365171223,0.12043667593726165,0.11944189312129459
2020-03-25,-0.005523966707363111,-0.02836614678504326,-0.025444603960140505,0.036638571762792414,-0.030078835512946808,-0.009619007449300375,-0.014390044227656343,0.06562083944686455,0.06469512185888461,0.05088436283811893
2020-03-26,0.051284981999538966,0.036267437779002064,0.05415223135851797,0.06734153136981685,0.04463256538211547,0.060672845040394344,0.04622396090763002,-0.0207800386755252,0.08537881068436223,0.04021035443280218
2020-03-27,-0.04228365457707324,-0.028734293362178226,-0.046339892260814856,-0.07390428930514664,-0.040926391785707054,-0.041927613832027,-0.017687758441006632,-0.026475805312348537,-0.05199633225379519,-0.04937000800519213
2020-03-30,0.028138413283436973,0.03305128565768252,0.031953901095670735,0.02567462585942562,0.05677920284792394,0.06797687149368918,0.04963180034757196,-0.024064387275638185,0.035772211372673245,0.014775273679613567
2020-03-31,-0.0020430145004901672,-0.0072719999659999635,0.01355155155393527,-0.037818626658538704,0.005108796582174013,-0.01585230861629268,-0.007520903061769557,0.04263263821287683,-0.007589799455652713,0.012455502505868469
2020-04-01,-0.05405176522040689,-0.02178742279295421,-0.052882175791623735,-0.0650497243067848,-0.04412474870657829,-0.03615398234766049,-0.08108323757712768,-0.08446087652228773,-0.04956850307980299,-0.011655791258663117
2020-04-02,0.01654886909208655,0.005817252037933856,0.013456028877702992,0.0366599650437658,-0.00887390539545304,0.020497252165240364,0.0497556541234676,-0.057898921000518445,0.013061100462459464,0.07368929298287633
2020-04-03,-0.01447557183645191,-0.006399314195321289,-0.022021868449802275,-0.03000344799485637,-0.025676026912687423,-0.009252981309922722,-0.04630590525639678,0.05467504939194526,-0.04661090328075351,-0.02989790241169993
2020-04-06,0.08364035361122271,0.04662517920980072,0.07956243657405383,0.062379870312829926,0.07115253616182791,0.07173239413767038,0.09567919598712675,0.07276481895829454,0.07893905035370036,0.03162897740077512
2020-04-07,-0.01164988511106679,0.006988976113008688,-0.0005325383732093936,0.013103796063027615,0.019619041225534803,-0.010828673759455875,-0.035534329623235106,0.05503939414254686,-0.0012086231540062624,0.01884773318000862
2020-04-08,0.025272349025028604,0.015488887252484295,0.02045646494852335,0.03958558909657703,0.03177099847987467,0.00998127413694875,0.030117134306415345,0.006195761068727163,0.07676255459704384,0.06136578456420664
2020-04-09,0.0071906836437235855,-0.00011749136016937198,-0.0003564105818704661,0.08591499696386032,0.005207668352823706,6.053843824675665e-05,-0.015097188299026319,0.043078797207400474,-0.01391114034731504,-0.016555626229937528
2020-04-13,0.019436764124735984,0.059904424788693025,0.003177632000292583,-0.04549157369332389,-0.0022857404134038997,0.002237544210538592,0.025902248890170704,0.12754711640906993,-0.002349924117848591,-0.008615844184783573
2020-04-14,0.049269502041729654,0.05142426317898338,0.04429475937165488,-0.027778435910577715,0.01915277683546763,0.048298370809042736,0.0509318011452891,0.0866771798728856,0.026180446557493117,-0.007747314112790838
2020-04-15,-0.00916934363486152,0.01061218674730437,-0.006287448585010438,-0.050576795437991505,-0.006757872489908003,-0.010532671502343273,-0.011012872225194925,0.02770162075738181,0.04049960491736633,-0.04704782340617785
2020-04-16,0.00791451308934226,0.042632714874196495,0.00010333208646164136,-0.0388553440758976,-0.004076683872267668,0.029578794319513605,0.04817280431552871,0.020854428493631318,0.05776369442260309,-0.033407661900327894
2020-04-17,-0.013661396611252251,-0.013877991515518532,0.017008726959393726,0.08607586583070911,0.016822346504174558,0.008773070085364817,-0.008108828019499019,0.011580411041559343,-0.026724777405954473,0.09890332304380238
2020-04-20,-0.020975606971219522,0.007805217491159297,-0.014054631889419952,-0.037138671953124605,-0.005594861861210622,-0.0200201125546492,-0.018192789206661578,-0.010038465581097953,-0.029407323144649073,-0.04835079069723494
2020-04-21,-0.031397906227729915,-0.027741595250859077,-0.03962005424603824,-0.029432979131730687,-0.042637645492201275,-0.042236492457432974,-0.06305097618368521,-0.08328137479063667,-0.02858215879530614,-0.00535707262871486
2020-04-22,0.028396170059024742,0.015078276370104332,0.03744525820497896,0.003250886034708656,0.06505060225661548,0.03340072930494446,0.05991070278875749,0.06400415510269586,0.010268685386232051,0.028164405207170878
2020-04-23,-0.0038828074346924264,0.015100238852104056,0.010088541131880943,0.0005597219480518087,0.015514342069797831,-0.012176281226301282,-0.007506610092217113,-0.036839791089286374,0.029556670477317776,0.03085079629806163
2020-04-24,0.028460765015864642,0.004478467862372162,0.0042627059369553,0.014658594419409204,0.026334260202366896,0.018094454965387998,0.019456819544052047,0.02728753098899391,0.02067304934635295,0.00642326317490596
2020-04-27,0.0007065113439528249,-0.014299615622890095,-0.004506452941852804,0.042201655965951795,-0.013613468784972355,-0.0028687798764943234,0.025535220107013396,0.09666945779957149,0.009192460529117078,0.004790716286764529
2020-04-28,-0.016342119536409197,-0.026406206272373736,-0.03057620404871496,0.007055791637197495,-0.0247848093422459,-0.024662305683407434,-0.019441928095640913,-0.037801017814305886,-0.019302183119622604,0.023170662858653882
2020-04-29,0.03231755936228627,0.025020524430829326,0.08517739201419942,0.026613057860263953,0.05984292265607199,0.04389625650734919,0.024076432114379452,0.040002020280935593,-0.00246502320686367,0.053891622760199646
2020-04-30,0.02087635862347905,0.041803503952607714,0.003362236393762489,-0.021692770286193756,0.05275727138113248,0.009982047279476792,-0.020923747521011744,-0.023547759980736722,0.01661764088690207,-0.021080433130004815
2020-05-01,-0.016230383844463587,-0.0790151691799427,-0.022057963900863946,-0.026561104229033593,-0.01199106942987843,-0.0262324941791718,-0.03304304900145319,-0.10873700220740792,-0.02759380033586295,-0.0743561075556042
2020-05-04,0.014050020938492667,0.013016157575809914,0.004226848496151703,-0.011974911503709924,0.014674042035621922,0.024165910296395192,0.029650308467581477,0.0819187203405193,0.010593314307386243,0.03954144421743345
2020-05-05,0.014896978285824985,0.0007812169559819208,0.019552052495021902,-0.0015204161248169239,0.008779614233644829,0.010678578777985647,0.008375624505614786,0.009180180665024101,0.018947213202439972,-0.0011145032114003774
2020-05-06,0.010264639411155215,0.014332930141282023,-0.0026644371771125,-0.01898356609151961,0.006738045326711943,0.009798965443019402,0.013693314235878102,0.018533023597782732,-0.0146784462995584,-0.01891527776000399
2020-05-07,0.01029166666161323,0.006929629421755726,0.0175713227874644,0.010359373488038944,0.013294402884093226,0.005790269914371658,0.023497184417455748,-0.003250973870209664,-0.013141476189431765,0.005667146836789668
2020-05-08,0.02352262583227049,0.005055588339379235,0.010938354081426719,0.01620393947324705,0.0051463712794206475,0.005864943064635273,0.02471872940810754,0.04925154604829151,0.006993202819405019,0.04291758543865078
2020-05-11,0.015613198459063839,0.012275095742505182,0.013809531547968832,-0.029892117249256563,0.0039010683310852236,0.011092835136010065,0.03187069250086134,-0.009971196406895207,0.0058712665731198415,-0.009573913629957666
2020-05-12,-0.011494129572142206,-0.02184325689933136,-0.02044824064423722,-0.033223516197956826,-0.014553216443070446,-0.022912448325826812,-0.03315155568275001,-0.0023199593370761967,-0.003435490191269802,-0.01685584610023868
2020-05-13,-0.012147994935334777,0.00464352271673132,-0.01971811662605625,-0.03507907626373516,-0.02408597770790705,-0.015237956530242113,-0.0028877391566610807,-0.02305818093053759,-0.034297100646345204,-0.05091201196977248
2020-05-14,0.006124875957503148,0.008800091486279958,0.00630677302384286,0.04069368574975711,0.008302682465381532,0.004330020998963357,0.03169035360615068,0.015518160889563192,0.044360835824047186,0.008785458830580312
2020-05-15,-0.005929521230037733,0.008723388257937528,0.011868371739904713,-0.018683312364583236,0.019488785757200987,0.014463053338982502,0.05573064507568422,-0.005191880165631997,0.0012040267027135089,-0.007117732207536365
2020-05-18,0.023287766371810036,0.006815562402388709,0.008788435540635414,0.05161307945023733,0.010894586249015346,0.00950918223422409,0.030104910791095292,0.01793204109959487,0.008214663847258745,0.07652044907970929
2020-05-19,-0.005795277389482411,0.009463506026665746,-0.007813060542366655,-0.019875993093065605,0.017160439893385965,-0.006946468666734357,0.006294213349772199,-0.0069313094591098995,-0.014800950027468063,-0.03136466585334958
2020-05-20,0.019261592381522596,0.0196519053240098,0.024976520935608253,0.02955817208132139,0.05860476641734763,0.013775412722787206,0.01850914384094991,0.00930057241369536,-0.0036738697243086788,0.03202602994083718
2020-05-21,-0.007483369118237945,-0.020709907813958355,-0.0017114450380535883,-0.012782572552538342,0.006155664985292923,-0.012083647728413402,-0.021950218924656432,0.014654934735012084,-0.003757253363839314,-0.018014393644239596
2020-05-22,0.006417555344078401,-0.0040379627094452065,0.004602639115674945,-0.007793351099362843,0.01509776027865788,0.0004359227727988732,0.028201791893439868,-0.013037700356063059,0.010505577589696407,0.000897259529251244
2020-05-26,-0.006796631084367934,-0.006182687942356004,0.005736203861530092,0.06856800160285723,-0.011603293496507464,-0.010627855224952115,-0.03477590276494636,0.002433081947381517,0.016928200307748293,0.028949002874421283
2020-05-27,0.00434774680592978,-0.004747292931811086,-0.0007670908036297552,0.05630581215302077,-0.01326600346841386,0.0013208457081093302,-0.022328659920211994,0.001659467041868106,0.029668460681620264,0.007162102417080536
2020-05-28,0.00044002579051064065,-0.0038615979869802697,-0.0014372781335675322,-0.015008031685673702,-0.016190272307218003,-0.0022576894978550708,-0.004496892516649618,-0.017736751939729612,0.0006584043550144017,-0.026293913004569652
2020-05-29,-0.0009747165540261728,0.017041909136995572,0.010716305943056434,-0.02586753933771374,-0.0016424895514297229,0.010146772829776909,0.04475893422112338,0.035583725409644835,0.002890681662880595,0.0095017696771052
2020-06-01,0.012223095416523654,0.011670253098244966,0.0009412303849177705,0.01316944548644246,0.029848994799165255,-0.002294191113205241,-0.00783307424391606,0.07284966703702293,0.0035364235276083215,0.017656924523277003
2020-06-02,0.004618600616620271,0.0005542421239081785,0.0051717174057200836,0.003341337736208043,0.0034866452062236983,0.011312161723214994,0.002155339739762088,-0.018588326218028427,0.0012412302552166563,0.02201224488553086
2020-06-03,0.00549015116028173,0.002419803318654912,-0.0021239834085270454,0.05257122092535962,-0.01106131646252578,0.002430556511250377,-0.006337355818442766,0.0015867839932886055,-0.0031388905406797025,0.03998430515873424
2020-06-04,-0.00864957201802283,-0.007207963182428161,-0.017487419420933608,0.020597678949360543,-0.01695732426778863,-0.01325103870006277,0.00011432403685168028,-0.02126741082055923,-0.024096452915996276,-0.002847203908735283
2020-06-05,0.02808288569831141,0.009062306094701045,0.01802239285316982,0.04401866530879288,0.019604218329270038,0.023128857675134347,0.017357960177479127,0.024320646383694,0.04516018955549259,0.07794117223730442
2020-06-08,0.005895230987481159,0.01640122058468097,0.005553818842746433,0.019762103123703554,0.0027261869923704595,0.006177530297325809,-0.012975968843087642,0.07004464847857836,-0.0076289252832830706,0.030794406622582468
2020-06-09,0.0310895598760766,0.029973414532654237,0.002786005200383536,-0.02598472512847123,0.0309340194028504,0.007615959822987668,0.027003189674761407,-0.00978535494822048,-0.0008728016794548745,-0.022539328531528756
2020-06-10,0.02540220038555916,0.01775474019639406,0.008653696049573003,-0.04137242853156919,-0.00816152436802908,0.03642012250222269,0.03484331308035166,0.08590431690632504,-0.011252774425253622,-0.05511616398569653
2020-06-11,-0.04920105236145826,-0.034386807792203426,-0.04382212137004713,-0.0871314102351962,-0.05335635140838173,-0.055194103291254064,-0.06284067064712352,-0.052277046427824686,-0.07474464726015465,-0.0923922544264965
2020-06-12,0.008596558830876462,-0.005071582137180358,0.007830145304532146,0.026995897944798328,0.018322347321019988,0.007860830943118282,0.015370956128351326,-0.03937370329089697,0.004992084062239882,0.02121101691899952
2020-06-15,0.012290988104249927,0.01080967380014712,0.005519408791767843,0.01372331770372434,0.01700398243593204,0.006371490737837444,0.026649883024091943,0.05776761532071402,0.003955159783685042,-0.0006361185418964175
2020-06-16,0.026157181302204482,0.01641919546995653,0.01794812993331637,0.007967910655695841,0.013457406891906172,0.024209549184085664,-0.011539406681442137,-0.008889888882897297,0.023202369223244926,0.022236978964958017
2020-06-17,-0.0013926826491627601,0.009782656419923274,0.004187885167021455,-0.025604326315233603,-0.0005093032896774986,0.003455359625004777,0.01830216532517976,0.009787666254598352,-0.001366361918445756,-0.033114745718338175
2020-06-18,0.0003981328857379265,0.004910408831544251,-0.012762507522708903,-0.005442806572848728,0.001739250906108516,0.01065176872471855,-0.001950761835520487,0.012196058432993926,-0.0038349598680813657,0.006200070862116705
2020-06-19,-0.005730816336137466,0.007892706403668376,-0.0066321548449507425,-0.011487023135009185,0.012006924945297178,-0.005977560308819105,0.004680644257050217,-0.003052506049991116,0.0034740354309316505,-0.020237790086121026
2020-06-22,0.025827448650791247,0.014404049034053084,0.018099272168337635,-0.01089630193906885,0.0017991797257337226,0.02739504558623153,0.028264683159650618,-0.006595797039905825,0.004897746586732038,0.009523842303374977
2020-06-23,0.0211198181049542,0.018470070932883553,0.009140160678144963,0.012122677643865837,0.01254522373957799,0.0066582087217414215,-0.00808887778881376,0.007474555771254048,0.016704606399762536,0.006013845046082395
2020-06-24,-0.017809603484629025,-0.010915222785479236,-0.02159799599542787,-0.033961504947715014,-0.034522297321824866,-0.020363064346756166,-0.022959942415550605,-0.04171541244464825,-0.028700863301043374,-0.04825465791505884
2020-06-25,0.013188169800722186,0.007352966946613356,0.005845893594125934,0.03426795567367575,0.007068322925916706,0.012557230110573967,0.027183850068943357,0.025817844628587844,0.024053075055553493,0.014943593047814657
2020-06-26,-0.031207514078811317,-0.022657517035347675,-0.05605626204942499,-0.05637840775943729,-0.08682632895074904,-0.020218998673264103,-0.035938514886883405,-0.02697370050614223,-0.03203819622475866,-0.034917383753159385
2020-06-29,0.022784930061296803,-0.004648937652200358,0.02509822533019317,0.004418508737400256,0.020883868239303015,0.01068977670966211,0.004903166297262757,0.05039944763683731,0.009988721449692817,0.015920495036388285
2020-06-30,0.008312861041136913,0.02884445591830274,0.01483398805005688,0.01133337858059969,0.02872598041419737,0.025228505952862787,0.03185156428056147,0.06747855280845434,0.017753126532036857,0.008984637058149645
2020-07-01,-0.0018931905256806723,0.04253577590541981,0.01674844089618754,-0.00854127999806094,0.04511968860743832,0.005830353451505527,0.0033898250495016913,0.036213124954005624,0.009381401890644422,-0.02284402075910346
2020-07-02,0.0,0.004021512351305945,0.01918361175314868,0.0032427476721889254,-0.017538753087259072,0.0075917192287015085,0.008593639829412417,0.07651403502187115,0.0017777647293618737,0.008429529774961074
2020-07-06,0.02639855087101895,0.056086861548230546,0.020017269382250645,0.024939770412136804,0.02896548287616382,0.021298239076163537,0.02334114278186595,0.12645108117682743,0.015140317083746012,0.007007940011744467
2020-07-07,-0.00310765649752889,-0.018794894393650154,-0.00650962227481737,-0.028616135924166147,0.0024109425418986767,-0.011696169736862053,0.0032975006616172173,0.01323965619758905,-0.0205526545200851,-0.02624791292912055
2020-07-08,0.0230231906272506,0.026637631211038765,0.009139882302769643,0.01055925576887495,0.011229695339019014,0.021754270993535153,0.03427837349637036,-0.017404076436543424,0.005747994431372356,-0.0023156274986116114
2020-07-09,0.004291139761612527,0.032418003431597016,0.009966161351316158,-0.021888331280484806,0.003769672659766596,0.006976545849138946,0.02827671643062703,0.020579243780394125,-0.024427912988945043,-0.04213664399476391
2020-07-10,0.0017475252847100639,0.005442909266691453,0.013310928617512378,0.05322511603942052,0.0023288055609414398,-0.003037343674158694,-0.002834985959967907,0.10241918272489342,0.00024061949881895944,0.03071312360757747
2020-07-13,-0.0046238443950966605,-0.030459227148096752,-0.01755378383479703,0.014233074340320947,-0.025080420168561334,-0.031375851741543066,-0.041600395383154985,-0.031294179797161696,0.028701859483248802,0.00023440918453963562
2020-07-14,0.0164129739816071,-0.006464146747407976,0.005690533780844453,0.005718422257606469,0.003049557277013579,0.006162366411453296,0.03179487254373909,0.013099686323903579,0.02897123122459653,0.03251796673989222
2020-07-15,0.006854003265576666,-0.02466286482562469,-0.0026203628850291123,0.015358409692038347,0.0022917467899219424,-0.0014889597676763764,-0.014535701700854135,0.019074500672006927,-0.014528881719745335,0.012626611105042642
2020-07-16,-0.012381321989889515,-0.002985648858511928,-0.0012930470094674343,0.002803353392900523,0.0027014882090854284,-0.020002674574645156,-0.009085703801440278,-0.029785727485036655,0.010078449843812181,-0.007872942971987307
2020-07-17,-0.0020222179482897507,-0.012724365220700149,0.0012732571945538438,-0.018671178934549525,0.0045553112315109695,-0.005112914544346373,0.006564494997126247,0.00013329605943815782,-0.0020208847730350437,-0.017312656335620753
2020-07-20,0.020854764800739365,0.07630823511693882,0.0305084214931922,-0.008799800318046133,0.013909402999851196,0.04208285193072495,0.029864152997820095,0.09049888548491682,-0.010065621345895663,-0.02371660017366477
2020-07-21,-0.013897739792272044,-0.018484694634580835,-0.005077195270502611,0.021453604076058702,-0.015066868758521739,-0.013560421551776574,-0.017491679152942013,-0.04649333201590645,0.005422544346414695,0.04935061355601836
2020-07-22,0.0028053954348315293,-0.012305027339411448,0.0057228370267164335,-0.0072691364115913685,-0.0078070789136601565,0.014269075486363482,0.010617738083231978,0.015167860710440668,0.005230576209215649,-0.023567831226900905
2020-07-23,-0.04658502776906436,-0.03725419917985109,-0.03122013362168388,0.002934283513419577,-0.03077679038362249,-0.0444688483603374,-0.030048303232491257,-0.05105769412846385,-0.012269126162394072,0.0020613566213896874
2020-07-24,-0.0024802577062684934,0.007458986752838637,-0.005646286641904588,-0.007097240883566206,-0.008158742262860655,-0.006141103640766855,0.006371887597847186,-0.06559870288489437,-0.007221319646910601,-0.006197543889057412
2020-07-27,0.023423681763954766,0.015270459525145965,0.013971490114405804,-0.014141007467955317,0.012020516227737399,0.01258821950039772,0.022022600925638475,0.08298067038819532,-0.007307367851614636,0.014628993314780613
2020-07-28,-0.016563808838967676,-0.018126069617507432,-0.01699944448052731,0.00432491302540618,-0.01458120519071732,-0.009017922246665467,-0.0199647443023833,-0.04185494718429495,0.004443975661654131,-0.011869975420968399
2020-07-29,0.018986880242910304,0.011004699826417956,0.013121241815886317,0.023960470944512573,0.013681294840719895,0.010047386103769025,0.02417793365580491,0.01520390470417943,0.02225592705272116,0.010961696037570348
2020-07-30,0.012027734961245814,0.0060308083157400725,0.009706577985693984,-0.02704779778792358,0.00517332245522777,-0.0007843397526452658,0.014089611741890828,-0.007781454581928156,-0.004739175120306768,-0.050301536327905856
2020-07-31,0.09956326504628728,0.036294147981264194,-0.03332405606470053,-0.003924089447853606,0.0785786476940945,0.005429032712578708,7.058617306454606e-05,-0.038884339639871014,-0.008059293995721315,0.0050029371159284255
2020-08-03,0.02488540343678129,-0.01682166001089732,-0.0034940936363398326,-0.005603846610368514,-0.006763803718891883,0.05471641988491427,0.03658207036881255,0.03720897247565101,0.0027375766800121506,0.004031738664870912
2020-08-04,0.006655923329452796,0.008619861276316521,-0.006400522283841888,-0.00573946275233558,-0.008489749368775907,-0.015122283232069648,0.01956219436941059,0.0013458747004375454,0.002927133598435691,0.028466741066137922
2020-08-05,0.0036180679300799865,0.020871316739287018,0.00392237294895928,0.017223867113178987,-0.002845885631687044,-0.0016423029252215287,0.005240676953588495,-0.0013323884879125765,0.025837404315621103,0.008703467160071638
2020-08-06,0.034294572482522455,0.0062115284906952865,0.01733248461436743,0.0003085760665855516,0.06285101755110967,0.01588709081415713,0.004310145400430986,0.0030659693985973365,0.005075600413160251,-0.004800283228593401
2020-08-07,-0.022998172171037695,-0.01800293843304236,-0.0043817560413600375,0.021768631462896287,0.011841613088381001,-0.018049727372246208,-0.012070106848477598,-0.025063424630081085,0.009412068947753979,-0.004593919900799809
2020-08-10,0.014430321217012666,-0.006111826385309402,-0.0010349108559859724,0.01259910039495415,-0.020473375355992703,-0.020108566302933863,-0.0030858435991916607,-0.023781465364230404,0.0065083149987220715,0.024333472429639805
2020-08-11,-0.03019121582353162,-0.02167112480516848,-0.010936090031640446,0.031108713826741324,-0.026468785582627503,-0.023663222106849967,-0.028618514374889048,-0.03163934754750347,-0.011187254696876753,0.010281839108744792
2020-08-12,0.03269384348667541,0.026133573522779383,0.017873466744757305,-0.008512305989055793,0.014573377836777854,0.02816671320335842,0.05297283600391887,0.12331118921207428,0.021072109479497093,-0.00022698161030044922
2020-08-13,0.01754299389506394,-0.0003859062604570367,0.00622365407564249,-0.005552488577663179,0.005410391796778818,-0.0023449732045380815,0.00024049383749965263,0.04172205380429948,-0.0023296692776429637,-0.024800260094002925
2020-08-14,-0.0008917966796640449,-0.004121037907113718,-0.007956842243487042,0.0003905354305954352,-0.00022953381523876397,0.000957753844227912,0.010518329978263866,0.018162259872136134,0.006757608289649143,0.004407885843575209
2020-08-17,-0.0026140784565294225,0.010865072977043023,0.007686408012174456,-0.026718412990301383,-0.0003063235324916872,0.006584282413497243,0.0647063119789305,0.10618769683979797,-0.009903846918208259,-0.013047736852929651
2020-08-18,0.008298108568867878,0.04006138810950659,0.025743564172812417,-0.014038340710288737,0.004508168252703023,0.005737909880334799,-0.006200066219989652,0.02764276800974182,-0.011611149529784806,-0.004937228741500743
2020-08-19,0.0012539611352110163,-0.015825714532805114,-0.007205645401278665,0.0023368201737312523,0.0009523102569565159,-0.006085562979191603,-0.010020858996728091,-0.0045463782503080055,-0.004460660402665936,-0.011139099549373508
2020-08-20,0.02194712352221957,0.011250743012291311,0.02027702148384481,-0.01204606752309418,0.02415487941604937,0.023004726193701086,0.00020622292139427256,0.0635722137952821,-0.006584593102102655,-0.015369516845790384
2020-08-21,0.05024867830786765,-0.003843813244746528,-0.00043146954044635095,-0.0005139030243107132,-0.0074625008934087215,-0.0072965180862302175,0.04371381480455012,0.023768211540485355,0.0025819049786320112,-0.007530822748655096
2020-08-24,0.01188923301732876,0.006899163550113672,0.006062058895290754,0.027765469589938294,0.016270854818090468,0.003140067152093462,0.0028930882809550295,-0.017607920006301417,-0.017016106576425584,0.029078057409444837
2020-08-25,-0.008237663456241986,0.01173146611135582,0.012974442755810871,0.004387883236710167,0.03415728836977182,0.012925672634823023,0.0023359625842358962,0.004527486632740915,0.010884940958361369,-0.032253227043656185
2020-08-26,0.013507338786191328,0.02809711446991023,0.023557886972925254,-0.014129370167247142,0.07901772303273077,0.021389445732427858,0.001802068440046189,0.0621915738853809,-0.010949325704104493,-0.02151160883252595
2020-08-27,-0.012026249755902677,-0.012233678809977448,-0.009539691324363305,0.03237019137605701,-0.035808772626654634,0.024256544095233916,-0.011396786386889875,0.03897652873348478,0.0091867778567913,-0.006771099641050045
2020-08-28,-0.0016213022737504585,0.0005292501453169122,0.0066768670531256475,0.004094913851059924,0.0014996218610681203,0.01023131227448217,0.04031423864252314,-0.01138789608941323,0.008625337287998792,0.023623965895000716
2020-08-31,0.033349777659472966,0.014347795491567642,-0.006056860379603478,-0.025425066059150375,-0.001567658592949941,-0.014875838002841191,0.017099104514627636,0.11839534141276628,-0.005806360462835937,-0.01860404000272493
2020-09-01,0.03905986940002183,0.013858994770032553,0.015557644680730379,-0.0004992572941426367,0.007610658259221624,0.007685528935908842,0.033138461725110376,-0.04782238606695396,0.0008954502966464533,-0.012851278629596365
2020-09-02,-0.02093624683928924,0.009197048337934825,0.03695638101135691,0.014966397648148033,0.023615588421515718,0.019088631055379605,0.03731690575913258,-0.060034084286439256,0.0234109517332509,-0.006105566968047566
2020-09-03,-0.08344775354089322,-0.047389460231042485,-0.05252640127555257,-0.003153218595061526,-0.03834575592307389,-0.06394848197997037,-0.09736521108710548,-0.0945727929773044,-0.012601115444934623,-0.002043170854790385
2020-09-04,0.0006616003625630288,-0.02202820804028703,-0.030089007410421455,0.02138237945392692,-0.029243036679653174,-0.014135517807690292,-0.03065987768238278,0.02743348445504921,-0.013466296925409285,-0.0007673518304079193
2020-09-08,-0.06966621226895235,-0.04493916629572862,-0.037114275122687335,-0.03539475827696047,-0.0417832735921078,-0.05561377210993426,-0.05785071322077555,-0.23651789445767657,-0.015341642111785198,-0.023299089528182
2020-09-09,0.03911150219984343,0.037013109131374684,0.015390333978262121,0.009462456080168383,0.00939642497148441,0.04170186196753082,0.06515210669947973,0.10366923114657202,0.015405479018805755,-0.006042067604981505
2020-09-10,-0.03319022108076376,-0.029022560577017922,-0.01378361179088838,-0.010363799868051273,-0.02078295532544789,-0.02841849687835369,-0.03222827378360159,0.013720031040026988,-0.024067703030940347,-0.02535180570960425
2020-09-11,-0.013215979933849807,-0.0187214757293059,-0.006765751865552752,0.012344732002760777,-0.005535890097264046,-0.00654599803049955,-0.012032230147329032,0.003709375196707332,-0.00618348875030596,-0.0027061740695390906
2020-09-14,0.02955878519584157,-0.004261050710177225,-0.004582419638373196,0.013756685359115992,-0.0017268494762590271,0.00674085205258849,0.056552132977088755,0.11852211424147706,0.023244860645686618,-0.006525356551627814
2020-09-15,0.0015590794616938141,0.016986906487693396,0.01727405680908846,-0.03162583979908047,0.023285066636208804,0.016273319658001936,0.009182806151484715,0.06936453038904387,-0.004351714441858017,-0.010695351637897317
2020-09-16,-0.029957804533921776,-0.02503409881608985,-0.015115666815569884,0.004221719313721264,-0.033215786987601074,-0.018027436993732042,-0.037368735017896754,-0.017947393738460667,-0.0023137165099092897,0.04158282841505714
2020-09-17,-0.01609260910596049,-0.02279449983567252,-0.01670546172625853,-0.011500587969696214,-0.03357174224087029,-0.010491310643024795,-0.00408354404372966,-0.04237854336559032,-0.005036922281763127,-0.00026449049916969135
2020-09-18,-0.03223387951325371,-0.018049831297685878,-0.024472554813591067,-0.002132777082118803,-0.009027420566621206,-0.012496892561438348,-0.02225014303886582,0.04326101937694436,0.009918391252726519,-0.016269546848636317
2020-09-21,0.02987499263114345,0.0018798451658920037,-0.014542639164323301,-0.031397641975737994,-0.01749665802227231,0.010671805612465645,0.02655324378479915,0.016241895082045352,-0.029085750488587577,-0.02064734450944114
2020-09-22,0.015593701299886135,0.055362197019776946,0.020540669232144978,-0.010971895724957369,0.02624931208431895,0.02380820589389037,0.009580870479451269,-0.05761528541471742,-0.016615231768440833,-0.0250152240992627
2020-09-23,-0.04285146812780436,-0.04214463095521935,-0.035156028008779795,-0.016363269578216853,-0.022749436890777904,-0.033482569251363045,-0.04152215321231676,-0.10915761260898618,-0.007230574879115733,-0.03261145225219781
2020-09-24,0.01021663490508623,0.0066217097971920415,0.009511933443576833,-0.0008627168190094669,0.002045847099228871,0.012878674002625086,0.01832792844793255,0.019345803747202597,0.0017785473147420726,-0.0020372887516964433
2020-09-25,0.0368295049040686,0.024642604582375296,0.011321280783186475,0.00870373997380025,0.020978356296123532,0.02253065857450408,0.0416961690482615,0.0491842305281949,0.03306956103928398,0.009280643141660957
2020-09-28,0.023588522549314372,0.025178461064278568,0.013528128143419969,0.02837264299174803,0.007817976306970188,0.007764963443181032,0.01244742895351068,0.033459528236176775,0.0024105129467210055,0.019157273050123217
2020-09-29,-0.0075969301021776734,-0.00923261654532486,0.0050331918082009855,-0.008459322739702327,0.019167173459095407,-0.010463349148224964,0.014527776263744392,-0.005069748902601041,0.003029186995883163,-0.029604341100738875
2020-09-30,0.014963541958080464,0.0012233973846267278,-0.00028670745670434674,0.009602614789935272,0.000420083821893146,0.014703887965570673,0.02278083701881273,0.023442192423042928,0.024744609458483256,0.0014575188033982786
2020-10-01,0.008426556030062869,0.022773457377156782,0.015100831201184536,0.00724488700951729,0.017899246912443274,0.010076029451739871,0.006189041691912843,0.043670173422939704,0.004161233268590024,-0.0355803706697962
2020-10-02,-0.03281278200718932,-0.030338326155417573,-0.021947254779908085,0.009442763265539646,-0.025411140969749967,-0.02995564936560042,-0.041408977540267226,-0.07665503512528221,-0.0034874143779164927,-0.0045379883222204705
2020-10-05,0.030326574551738865,0.023466537334268914,0.01853402255619977,0.020916201854307058,0.017957508340505846,0.02011730523453838,0.0434632511256504,0.025192518630920653,0.019583599154150692,0.022782954594739464
2020-10-06,-0.029088489723995855,-0.03151160525254176,-0.021685592148575985,-0.010352496971268946,-0.022893776029474643,-0.0214762925044016,0.00686660435320282,-0.02787018407731412,-0.011698123220958926,-0.010427585686057577
2020-10-07,0.016824664395137624,0.030413812448158245,0.005580409939876973,0.017295160662433192,-0.0020898426344393953,0.018858412641755473,0.0164261291614995,0.026977120398229415,0.027353843733151275,0.0032890391212627187
2020-10-08,-0.0009563822485760846,-0.0016097349459189387,0.016509877447002868,0.02034700220844452,0.021614978456186006,0.0035679805537060594,-0.009009915692302644,0.0014567215247855486,-0.0023546782322399497,0.0512037356779178
2020-10-09,0.017246150428621772,0.02967554216621051,0.018050656278292578,-0.005714942656819656,0.0026124707227115494,0.024532666291858123,-0.0055068884875983555,0.018793074176697643,0.01670160588876525,-0.014857409117010714
2020-10-12,0.06158506235662432,0.0464540159772508,0.035216051713309604,0.012178365445255595,0.041842453381394765,0.02557274310007989,0.03310556384136791,0.018943822515122916,0.006476457822341647,-0.0031716645275976694
2020-10-13,-0.026885587178604946,0.0002033158031418585,0.0015837192016011905,-0.0163371779686891,0.0014132950239026817,0.006572643599060767,0.0015628706996788078,0.009786884708723409,0.004384556025834702,-0.011910103706604988
2020-10-14,0.0007428935583449479,-0.023481628688544316,-0.0023189671062695343,-0.005572242553677217,-0.01576773437667531,-0.009014738158939288,-0.010796288702406712,0.032273287618783654,-0.029301013331974886,-0.00204756199916392
2020-10-15,-0.00396875233369326,-0.007478033616218114,-0.0051106612597490424,0.014856431514712085,-0.01894065870092615,-0.005448080844046231,-0.008925573806651948,-0.02729299577407529,0.008415711926679054,0.008746300466996981
2020-10-16,-0.014099397952509241,-0.01994812848396483,0.007831721139560887,-0.0020667006869291133,-0.0029663750751474528,0.0,-0.011410702113144,-0.020731092265373598,0.016287923226780937,-0.010211436152610772
2020-10-19,-0.02587347377111945,-0.020216949722746604,-0.024374527290883505,-0.016989296042631608,-0.017181331260408016,-0.025077362242381353,-0.022978453182423107,-0.020310891071385614,-0.017366676966581365,-0.020143131994574716
2020-10-20,0.013105492535074882,0.0030508956211158598,0.013716362735182066,0.005695083354087145,0.02329195350864237,0.002005187390643891,0.010886660007561454,-0.020850455371877373,-0.0025014596737302605,0.008343545436231316
2020-10-21,-0.005461278281269683,-0.01001890884724982,0.022257326444289384,-0.010012894862982655,0.040899919622783935,0.000698842537905328,-0.008888214161296499,0.0016576578966101716,-0.0019191249046416779,-0.016153445228470648
2020-10-22,-0.009629530090548904,-0.002684886825932588,0.012948836749747535,0.034713024118398425,-0.0021911750456322333,0.00041862406575604203,-0.012181557384880127,0.007425427859397711,0.009067193079939495,0.04999580206658398
2020-10-23,-0.0061527422518400324,0.008776346822349299,0.01624901073361714,0.00899887737190337,0.023699509353166157,0.0062166508383341415,0.017012664687638273,-0.01219258008931434,0.014840142498000983,-0.020284879057546015
2020-10-26,8.6760898811156e-05,0.0008235515832760146,-0.030270288946028616,-0.025068309439862276,-0.02733758173083684,-0.028854466043490894,-0.033596710467299076,-0.0008324460631960825,-0.023071356824602304,-0.023997723493441866
2020-10-27,0.013382567489890616,0.02442300268945314,0.009166967586890524,-0.019046190108012166,0.02205685382597891,0.014977037776731,0.019256248871202374,0.010414737676610572,-0.007924448505532816,-0.016019507998329588
2020-10-28,-0.04741893056051265,-0.038319991707740156,-0.05666412441499857,-0.028490309026666303,-0.05671626950908477,-0.05083709396166059,-0.05917468402080663,-0.04493353448533056,-0.03981366911819168,-0.038830993657317965
2020-10-29,0.0363806363218033,0.015134134911874026,0.030044648713451028,0.006504558907707771,0.04799450997630555,0.010015130732588121,0.030956343220033867,0.011777078527549948,-0.014125404431594126,0.04339090698925723
2020-10-30,-0.057648211982371224,-0.055995337191590895,0.037338209865271095,0.008913569352306725,-0.06517750142269554,-0.011051717136079704,-0.03834907828195136,-0.05707106115006527,0.004796232753209834,-0.010672496782646644
2020-11-02,-0.0008272165993667198,-0.010485731675678473,0.005067320416000508,0.022291526037179054,-0.006673215958360077,-0.0006917078028038091,0.0037232602272460826,0.03163027338080621,0.022553016014976425,0.04114084957607231
2020-11-03,0.015236843491171777,0.014515652838803237,0.01305219513941044,0.03103478500326995,0.01496260502536146,0.020061368205484077,0.03428018645328397,0.05675891678442002,0.02920727089424342,-0.017211079226341686
2020-11-04,0.04002506383665023,0.06131112770815112,0.05910001502364043,-0.031034785003269904,0.07994388084767778,0.04712092457036853,0.05780344966645858,-0.0069123197353376745,0.0983467146809664,-0.005402250539345637
2020-11-05,0.03487827521409399,0.024635765802841537,0.009491592516743957,0.04008374630057308,0.025084738493775596,0.031389067329994455,0.026169560159154684,0.03983908014025376,-0.00045117966574990893,-0.0018074254972714843
2020-11-06,-0.0011369010811936218,-0.0032050668056014093,-0.0015727001021336514,-0.013410288761591062,-0.004319063714214051,0.0019238869211807867,0.027994277272393935,-0.018755444602258167,-0.0197769894402439,-0.011827204679676273
2020-11-09,-0.020169966172790314,-0.0519488297063862,0.0009599803337522448,0.126978280288107,-0.051183937068653346,-0.02411285152265655,-0.06608721817222016,-0.020418708541599162,0.007283470150871746,0.11920585902316357
2020-11-10,-0.003013374784088823,-0.03519509049367411,-0.013546465226350932,-0.003255934485202373,-0.02300518450768224,-0.03437694278205819,-0.06522976144795063,-0.026215382510501505,0.01048768241063795,0.021942788561692437
2020-11-11,0.0299009366368145,0.03317322672809136,0.005457860256467195,-0.015045658423415473,0.014756544892493095,0.025915843927898325,0.04949874714105664,0.016363110813065698,-0.005641902625138011,-0.010363201446566793
2020-11-12,-0.002345936636279704,-0.008678484699991355,-0.0025274191977001214,-0.012360328681896989,-0.005076538359326318,-0.005138963962650073,0.0028834600204931736,-0.012957330573612593,0.00767596201451904,-0.0348657369862293
2020-11-13,0.00041922233094679104,0.005939975842648188,0.016751148773373203,0.006243166453992813,0.006775271627039055,0.004954430615342066,-0.011942213803574252,-0.007948653293047676,0.0035489210935118745,0.023840497563849112
2020-11-16,0.008682642722683011,0.0007187867984453675,0.0009983203714797315,0.02783470753139022,0.007231270276254691,0.0033197926607232125,0.016280115625255824,-0.0010042223136041864,0.0032276943022533605,0.05604941827450642
2020-11-17,-0.007593065533726948,0.001468143007621713,-0.006997204034208048,-0.01019678728603006,-0.01429733930920952,-0.012833186684899838,-0.006904974928104356,0.07893944622909929,-0.013316023444370068,0.013275861957554235
2020-11-18,-0.011456629400870857,-0.009677888280344956,-0.012003781610661646,-0.007434214614622488,-0.01107913577300798,-0.013271573479133608,0.00048419999739617335,0.09709745318946535,-0.021792069569923325,-0.03848635343764757
2020-11-19,0.005154868635422468,0.003715583547472407,0.01024809479204927,0.002685914921999507,0.0035599683612115287,0.006328426543979102,0.0008561040674995437,0.025622441945055478,-0.022040394089961123,0.005093238218946904
2020-11-20,-0.011017964144933202,-0.0056688516272875725,-0.012698474264776738,-0.008603634996709802,-0.011941635024282879,-0.009602542607926796,-0.026577200915936464,-0.019537882465358328,-0.006848225755044292,-0.012375824390132729
2020-11-23,-0.03019380637788074,-0.0003259651773973119,-0.005092504037981059,0.028396434908739356,-0.004720047037804113,-0.001331856897116966,0.003984131722679129,0.06377098448424992,0.0010751480797204526,0.06345513469749604
2020-11-24,0.01152746505493723,0.006328425701275153,0.020817294791868432,0.045200053896689414,0.031138532323091335,0.017690467737808586,-0.013966676212832116,0.0622723727366544,0.0028311214017013963,0.06444328704066374
2020-11-25,0.007439349423558335,0.021263218006347694,0.00013037742537722397,-0.01051555167816723,-0.004814394908896418,4.675428540096314e-05,0.021151751690813986,0.03297682427747412,-0.00842786576361477,-0.028266120134000757
2020-11-27,0.004814714638010493,0.003219256968037136,0.012891828054753822,-0.006659743118186851,0.008023093828974898,0.006338972535385557,0.0020001284175896025,0.02028074420821668,0.014155370987142148,-0.015309096208133826
2020-11-30,0.020880258316396862,-0.008580433078829422,-0.018422642873701104,-0.02794015168541665,-0.0030283952602149435,-0.005404345586525751,0.010520717712844536,-0.03149318478843732,-0.004745657504943913,-0.052616602308446156
2020-12-01,0.030361598243695047,0.0162931356533559,0.02307863390020178,0.01565557431883717,0.034003768595523204,0.009947095032282199,-0.0008587234635354383,0.029784568093447848,0.014316823536503036,0.009656705776630258
2020-12-02,0.002928953678861686,-0.00515287341781244,0.016358031676518486,0.019026115950881127,0.00337956827058199,-0.0038928488554427015,0.011472385931213379,-0.02763741793314288,0.01849796343460196,0.03671988141305564
2020-12-03,-0.0011378125731528323,-0.005257991204430573,-0.0017163600470679404,-0.006576788700160677,-0.019917278857840035,-0.00526020127762565,-0.010728878767109368,0.04227093212295058,0.0032172180108967267,0.0067377641385693195
2020-12-04,-0.005628402241887883,-0.007607189417695092,0.0010531288821472205,0.009032299682237403,-0.007657643317133982,0.0005597634858531911,0.012039014199347785,0.009493325730045684,0.007055542883212507,0.03590541903903982
2020-12-07,0.012195299564043353,-0.001449259101838023,-0.003696913464326278,-0.0037672828272785467,0.020804864411454755,-0.00032650304317600006,0.003570736838987892,0.068886056292822,-0.005819047049013424,-0.018891384177809983
2020-12-08,0.005077924348544878,0.0060897673194401595,-0.003142071419584412,0.0009838999004818817,-0.007663046055054925,0.00799449170656661,-0.019049546909746827,0.012573321033348567,0.0,0.03223754874922392
2020-12-09,-0.02112513740553201,-0.023272568006966705,-0.01865081055716048,-0.007817211879361342,-0.0195259734509353,-0.019682299742241862,-0.03190821485127738,-0.07241913725041024,-0.009967195211899284,0.0131704983561333
2020-12-10,0.011917512088501152,-0.0008734778193995013,-0.005759486950974576,-0.0064646026585731715,-0.0028827659532486643,-0.006061759513025838,0.003204411656134166,0.03668958724599977,-0.013917094751281335,0.027878851163807117
2020-12-11,-0.006757463007116356,0.004802302959357711,0.004036812589746137,-0.005920746876983347,-0.01296604632334106,0.012931166580755602,0.0031553999681307532,-0.027615591895456065,-0.007624976855560397,-0.004783183808225906
2020-12-14,-0.005160049081384837,0.012927776593180737,-0.012781461109942731,-0.0105944380657274,0.002336992798840364,0.004398284190179249,0.02245379829533031,0.04775997018342951,-0.0027927062896064853,-0.03673987600400109
2020-12-15,0.04887606547713507,0.0025782705182143205,0.005020899663627279,0.016930956784951625,0.004947518832022199,-0.00032697073246944745,0.003880827113849628,-0.010337277993335172,0.010476861357406437,0.01923625651861092
2020-12-16,-0.000547482747762396,0.023678659082595685,-0.002211364562578275,0.002904623546045867,0.000435740732338617,0.023766231250463454,-0.008871260892267295,-0.016688013184044656,-0.0009722902994454173,0.01521778977934021
2020-12-17,0.006939231221983994,-0.001506881775001751,-0.009537746458512759,-0.008321641930173795,-0.00432626983727751,0.0006380467278007898,0.007429476729147194,0.05183107739238726,0.006843032219131217,-0.005046836500045718
2020-12-18,-0.015977743196723803,-0.010696397444651836,-0.00824414328473452,-0.004942334053779043,0.006970594720775405,-0.0037896796109808594,-0.00520447094857317,0.05790353852575241,-0.009676034728779984,-0.01739963701873566
2020-12-21,0.012319472511298871,0.001413904523066775,0.004819676589831644,0.036850336637776454,-0.013146741533356088,0.018133656593256865,0.004529662254270019,-0.06715493498509616,-0.006820330128402741,-0.018422862027107186
2020-12-22,0.02806686240636034,0.00010602891458408637,-0.008301534816864763,-0.015333397322415336,-0.02111662410138903,0.0060466049043297835,-0.004058659259490309,-0.01475762913420309,-0.003188813482519036,-0.017070045881596812
2020-12-23,-0.007000767669701839,-0.006649178948489452,0.004645667685106921,0.02756117962731186,0.0038115023467781115,-0.013124794696123529,-0.020466766694692193,0.00876920991536227,0.007671883085659367,0.01276986753875502
2020-12-24,0.007682734472125319,-0.003957235360226408,0.0034252699363707065,-0.004407239405578308,-0.0026515930949053074,0.007796677715578795,-0.001191978249976607,0.024149533626973363,0.009434315502242514,-0.004078335597213672
2020-12-28,0.03514090754060146,0.034470151618254896,0.022691126683632313,0.006563742858062347,0.03527168732104905,0.00987265856778035,-0.007241463732480344,0.0028971067347807124,0.015027655805878046,0.0033597435353900844
2020-12-29,-0.013404039144572695,0.011517048584034767,-0.009173875202413313,-0.002636397801797783,-0.0007942942873074432,-0.003607242288562846,0.003347280173500221,0.0034595328945027123,0.004038911530964251,-0.0113237449990681
2020-12-30,-0.008563343093387838,-0.01094170357368153,-0.012312750421659524,0.002795943539576746,-0.017899033996914938,-0.01108051108204455,0.015524077458243031,0.04232058232357712,-0.006817709110102375,0.007964001463677928
2020-12-31,-0.007732220616394775,-0.008840331459923346,0.009395571367377552,0.013548438678931,0.004733721810485723,0.003332575592473511,-0.006927249768975843,0.015552413007484785,0.016358727594528586,-0.009176502204311298
2021-01-04,-0.02503004926187737,-0.02182109847190733,-0.015241233157457673,-0.009488389227388849,-0.015569488683161013,-0.021495565782259213,0.004471019799105144,0.03358173995604568,-0.003370531769800651,0.006769755597682566
2021-01-05,0.01228780599169579,0.009954646073317086,0.008031913424153918,0.005426382052468758,0.007519809910552448,0.0009644166951030263,0.021966861837541093,0.007290726849836652,-0.013538888081171792,0.04706763663464685
2021-01-06,-0.034241101220558054,-0.025211776834210834,-0.009916602519016483,0.04588685695563602,-0.02867596977569507,-0.02627144236814136,-0.060762186201732134,0.027994766442436515,0.04110962603236752,0.025197175985025525
2021-01-07,0.033553715653452,0.007548565530855581,0.029431469056222077,0.032311513879260546,0.020412285855184783,0.028059567667050686,0.05621983655039345,0.07644846869014829,0.015905281265318167,0.007815071043636223
2021-01-08,0.008594430593676376,0.006474509430722278,0.01315168533326176,0.0011034893901133522,-0.004363176216498771,0.006074293788041613,-0.005052437235116423,0.07548123816080572,-0.004502859481972717,0.011059745824990494
2021-01-11,-0.02352315806664065,-0.021754382256951105,-0.023376859541661674,0.014813862042567273,-0.04092790451448755,-0.00974584017575903,0.025635063364560076,-0.08144231364811663,-0.00729155309742669,0.02990479388178388
2021-01-12,-0.0013964768694060819,0.002123540741920703,-0.010796573801940329,0.015596841305902154,-0.022641845411318588,-0.011840453721494055,-0.01009011861610554,0.046075003355075396,-0.00941353865820186,0.02196019701359197
2021-01-13,0.01609625073104863,0.014335165650269394,0.005636227906996589,0.0009266873892185863,0.002188113795870418,0.006538784138799623,0.0034792883184951605,0.00583390055163722,-0.006541135750682358,0.011215099467480448
2021-01-14,-0.015242829681310468,-0.01220978211670719,-0.009390183366899544,0.0058253067937658835,-0.02413244437403243,-0.015465067393154258,-0.024802728382989185,-0.011074621019438693,-0.012784132406520394,0.03829110244076654
2021-01-15,-0.01382572978794664,-0.007452299659631569,-0.0019083386598782149,-0.01808415575138059,0.023019206277958323,-0.001738580993399366,-0.026153132997346954,-0.02254816438492551,0.0021943381477566373,-0.04929726893116059
2021-01-19,0.005412571916909059,0.005304424924284414,0.03237684434995257,-0.004337042090180787,0.03801706276591508,0.017665588051187665,0.012807095293108226,0.022015499815695144,0.0025298369624168595,0.01964278921163856
2021-01-20,0.03232773090491487,0.044686981065348005,0.05218751798760578,-0.015109215648286795,0.024141560883275116,0.03584966111729895,0.025805742249424352,0.00696170884124915,-0.0038401040006084707,0.014029029293501916
2021-01-21,0.03600242241416,0.01327491862890803,0.002167725552148701,-0.008419549735499082,0.019950802049511836,0.0028041931365922032,0.03685240164305596,-0.006440854103183227,0.011787392706296652,-0.0290886625046536
2021-01-22,0.01594614032704217,-0.004473303364494828,0.004453672394834881,-0.007743339565275945,0.005955557185536246,0.004346712326748725,-0.011240003157145954,0.0019507385857471659,-0.021209230278510453,-0.014235054148932943
2021-01-25,0.0273075399324258,0.0005374909810066927,0.0009083996364873055,-0.012560737544751783,0.012706105238720816,0.01571986188690792,-0.004330486727743047,0.039555086200732226,0.000747903162634884,-0.01123719287974523
2021-01-26,0.0016778869131629929,0.009706872588035214,0.007190604667355655,-0.0040956152362476165,0.014426801246691781,0.012125196364591917,-0.016095465662325757,0.002596544878530684,-0.013605414159906086,-0.02220673284089689
2021-01-27,-0.007713530679194579,-0.028528919404602372,-0.04777563473264287,-0.028679203167937223,-0.03576749474474842,0.0024503203600756526,-0.039279791547426716,-0.021669174678462418,-0.029938738853310935,-0.011400956540719686
2021-01-28,-0.035611747834844734,0.001557905206109897,0.018660136816899528,0.017444383215385887,-0.026586831679966477,0.025561395915874273,0.010262557942128056,-0.033811459334112025,0.015377273067279254,0.015534759636242441
2021-01-29,-0.0381387426687371,-0.009752051571646207,-0.014041773636103191,-0.01112913741598953,-0.02549211388401179,-0.02960561196323859,-0.004704383884800736,-0.051455133708131096,-0.013606932611129165,-0.026844157849925363
2021-02-01,0.01638497813098164,0.041746274050055085,0.03532779184208687,0.007356062098864178,0.014145008843645676,0.03261458048832364,0.01885547064745563,0.05668432585298431,0.0012584648693113015,0.0017824308686116173
2021-02-02,0.00631653366113986,0.011043015400718599,0.013666755267527326,0.030318022141959472,0.019165273451084607,-0.0005843704185254368,0.02386873604054066,0.03851924269165984,0.014032773477082339,0.015682306033251322
2021-02-03,-0.007808676057031688,-0.020163489626646183,0.0702954949156263,0.0113858551087865,-0.0016112350392058759,0.014466502082530261,-0.0019383590823282399,-0.020956118951172036,-0.002453582705004664,0.03847878352909457
2021-02-04,0.02543181820803359,0.00556035766663457,-0.0025531121816202273,0.02275269492441517,-0.000600189960753108,-0.004082689234468945,0.009836651795201719,-0.005514295631595512,-0.0256905261286748,0.01900845217660399
2021-02-05,-0.0031028684963591417,0.0063293425623789645,0.01699498138814033,-0.0019550104438048293,0.006023530052735037,0.000784845347712798,-0.005375019000906602,0.002631883215661463,-0.014713631940758674,0.03297009859704691
2021-02-08,0.0010962162846142255,-0.008751967758836224,-0.0020654321283106736,0.015533226615966853,-0.00568579948113148,0.001114060757509439,0.06050777541040508,0.013044842106937113,-0.0005236885396574527,0.04214226898352325
2021-02-09,-0.006595165260028888,-0.005413479034808956,-0.004389638784350235,-0.004003962023900706,0.010708516796096464,0.0053473456322707886,-0.01222929915591933,-0.016300455142510474,0.01617840576371161,-0.011780947751588625
2021-02-10,-0.004569225024854284,-0.005588994815406755,0.005329376055567251,0.0005727444117111521,0.008941137601745938,-0.003904774438144491,0.03452233802602084,-0.053982110546516617,0.011371943544094508,0.009631445749757404
2021-02-11,-0.001921878314086193,-0.007467083315264711,0.0010874452772540533,-0.0027962846174189957,-0.005458368558395976,0.006854022858154506,0.032419903824842784,0.008462878423046197,-0.0009900810445676758,-0.02535769723524412
2021-02-12,0.0017744309855548504,0.004764600739063575,0.003002228591621099,0.014116993732807599,0.00040649766174752046,0.0020429981611073847,-0.01916498484180001,0.005479859012751231,-0.014607585428773304,0.013551064697543717
2021-02-16,-0.016235301399875432,-0.002676197092374675,0.0074516042179367074,0.02378539170459055,0.012746609231789193,-0.00527968022793177,0.024364381456041546,-0.024685864957400334,-0.011090082421987054,0.029643535490278577
2021-02-17,-0.017801347200764834,0.012068471325383062,0.0037453375895283333,0.0031061743944680214,-0.0014614069123515632,0.004350298430796668,-0.028064090875001974,0.0024209343993348833,0.006877021252080991,0.015444838508721507
2021-02-18,-0.008674192541034296,0.005903355134450001,-0.006064833875270685,0.003371463377763475,-0.015397059362222564,-0.0016804664584794003,-0.005179167164783204,-0.01358555824881115,0.004730529096372766,-0.015829250895324522
2021-02-19,0.001232678416912911,-0.023816428691007405,-0.008105667626254514,0.01655286812025357,-0.029496681069746657,-0.011634663223472966,0.006553352403519778,-0.007751801260508434,-0.011730777740156502,0.0067057080974334115
2021-02-22,-0.030251789356019545,-0.02151030634661799,-0.01667870982829805,0.00934688433983038,-0.004713435515706397,-0.027174103468405483,-0.03898757089659223,-0.08937612559287707,0.00938372467429689,0.036190424215753844
2021-02-23,-0.0011116387342386333,0.004316729031036398,0.0028484316060449714,0.007999432029360097,0.02101960960141616,-0.005301599142751057,-0.015001444890870496,-0.022161184525391956,0.005691200886777598,0.013717454170106943
2021-02-24,-0.004060573026314184,-0.011007327640787778,0.011433700637741986,0.01744226349818714,-0.005847167798897796,0.005472153578942159,0.024930646278128993,0.059954347975619646,0.00816051546588205,0.02953245620004334
2021-02-25,-0.03540194677304432,-0.03293690001850802,-0.03310744354440515,-0.013664796551748685,-0.037075412697069356,-0.02399053030745657,-0.08575203764401793,-0.08402401628244031,-0.01010486671231507,-0.016717348152091964
2021-02-26,0.0022292047490041276,0.011632467716052848,0.002952125807602593,-0.02688266210916776,0.011438396655499788,0.014695574647768246,0.030126078710517725,-0.009898985904473094,0.010134967403168745,-0.025244366458818304
2021-03-01,0.052451251011025414,0.017057488725899683,0.023341739259026148,0.022374420082788716,0.027904545860442193,0.01943304776301126,0.009235717230659876,0.061615106636751404,0.007287837879914607,0.03665656812813384
2021-03-02,-0.021114957339452355,-0.016540301818484742,-0.0025058690394693813,-0.0032608837814317748,-0.022561959658983593,-0.013041549176936645,-0.03196868787343428,-0.04554943930628858,-2.9781839006678367e-05,-0.005868535716837899
2021-03-03,-0.024760684954410115,-0.029358478249911932,-0.026042435565642248,0.019147551184492833,-0.013957954608042132,-0.027351454024871106,-0.04590456408968424,-0.04963546753524194,-0.005303552875632773,0.007993956391183204
2021-03-04,-0.015938248397835475,-0.009170074897274566,0.011133921465594197,-0.015488038865881359,0.008693100092080035,-0.0036540348056751403,-0.03452186320526697,-0.04984401019282242,0.0028198174071523184,0.038015510451518915
2021-03-05,0.010681095920539911,0.007658083796422065,0.030571149783644426,0.0023220168273796788,0.025445947516126322,0.021251761640375632,0.0073495715859531515,-0.038532236280417013,0.03904135794282327,0.037115463856457205
2021-03-08,-0.04256658258189607,-0.016299583149453855,-0.04365084583382294,0.013166022038501582,-0.034530739005726674,-0.01834516937994948,-0.07222085146492006,-0.06022747806878096,0.008805548171829023,-0.0009851935738958003
2021-03-09,0.03984518526761768,0.036879873274693574,0.01623605625560031,-0.00708811976180617,0.040039768211041125,0.02771402611121728,0.07726920667469644,0.17932714140524914,0.0051560313743319215,-0.015563296596440391
2021-03-10,-0.009209001709300663,-0.0017024656850275469,-0.0020459001104958805,0.021501711508790246,-0.00316593197691046,-0.005834441930175089,-0.004161725063382626,-0.008228833280182691,-0.006785122504212689,0.03024077394904973
2021-03-11,0.016367985246754688,0.018133028189585527,0.03111400349327312,-0.005234799490584259,0.03333776151164359,0.020062467294442853,0.04126371966442395,0.046130766690605556,0.009961562106750269,-0.007474834705353532
2021-03-12,-0.007654750504109286,-0.0077703841773409145,-0.02435468033357066,0.01178867756142208,-0.020211823660004683,-0.0058365443191571885,-0.010638507720726678,-0.008425900400429927,0.01178208437764887,0.010707354276528504
2021-03-15,0.024162643972247894,-0.002531144890792291,0.0021635691752270904,-0.0050078408515958,0.019737023289571182,-0.003995258153398733,0.0257430207247034,0.02027649657712341,-0.006028924189078248,-0.025826914716086297
2021-03-16,0.01266253288271999,0.0032979661178309406,0.014233023316277339,-0.012043753405106817,0.01999962451457472,0.012274672907574703,0.007552177529804736,-0.04486533694757771,0.002032385286285976,-0.02142329223593399
2021-03-17,-0.00647158685983035,0.014089129048404545,-0.0008016836968522311,0.010239998774567036,0.01679443237985646,-0.002822516006026917,0.0037548793714612056,0.03616869761350537,-0.006847708651551769,0.004388833721424577
2021-03-18,-0.0344932883927336,-0.03496292546552067,-0.029673944809621617,0.016371778459984724,-0.019160491286927584,-0.027024141249285302,-0.047488745617471885,-0.07184055905976201,0.027639832246820883,-0.044076592183375306
2021-03-19,-0.004490222677505203,0.015392830040768038,0.00277636097761728,-0.016049331969182023,0.040411441879485165,-0.001604864487480245,0.009640863367958713,0.002614584056873359,0.009702830523552619,-0.005648764640063305
2021-03-22,0.027941631487686112,0.011610547696605156,0.0018385734223497726,-0.02724633364757367,0.011753560857885424,0.024189484996593964,0.026161686101553082,0.02284097771296026,0.0034949976391883517,-0.010320383662242133
2021-03-23,-0.006912619406932598,0.008523856571831514,0.005225812115054934,-0.010052608966052451,-0.009962957065732733,0.006714966899069932,-0.00879768109015495,-0.011770465503008509,0.004460488728568491,-0.012418069116649211
2021-03-24,-0.020196061086207737,-0.016203881085462144,-0.004320023187857281,0.007731168765814911,-0.029647193780726333,-0.008963324330882545,-0.033273214681410264,-0.04935894253519092,0.005682606947432239,0.020079536450146703
2021-03-25,0.004155029701164096,-0.013307791454017294,-3.4537382743896864e-05,0.012732247959319374,-0.012124242755719744,-0.01333920841769753,-0.008558888516098255,0.015929083234572167,0.001321305028998665,-0.0028439143790221057
2021-03-26,0.005128245798814617,0.0018923206745425616,-0.0038104425148667424,0.016513079397688892,0.015238099898460786,0.01766181312390387,0.02396216697421066,-0.034440713289359076,0.014420549974750717,0.026869571927811794
2021-03-29,0.0014839058305405775,0.007735312514846097,0.010347609069735064,-0.01566114578826732,0.02718690464793939,-0.00525731818445238,0.008453631092895052,-0.012065159218404247,0.006829320785338715,-0.005386024446737485
2021-03-30,-0.01235046689449221,-0.006667777807782873,0.00033231371186389285,0.011720013687396951,-0.009743894475530014,-0.014515604187290265,-0.005925415361389841,0.039029424523405194,-0.014615698789924605,-0.012446511611430766
2021-03-31,0.018591633850793387,0.012616087083554913,0.007812195234500099,-0.0146718644598442,0.02242013655348584,0.01676599421490089,0.036350288042867517,0.04958242699342897,-0.0039968778172228695,-0.0152863045768107
2021-04-01,0.006934677404055471,0.021397878158709596,0.032090161626510745,0.009675420594781476,0.013925170270254465,0.027526432937313314,0.0341341253208777,-0.00929552576717066,-0.013529277799045237,0.02755865753153463
2021-04-05,0.023303677975147607,0.020580800847156144,0.04101977983876761,0.005286652759188339,0.033743948677272845,0.02735084927694978,0.012644674831533415,0.043324388497766333,0.00843679185087985,-0.015629542659313385
2021-04-06,0.002458979574741524,-0.0009022971624071701,-0.00438077841754396,-0.0070552894872920515,-0.008615429652050213,-0.004869766477398901,-0.009049204701821283,0.0008244361718844317,-0.01581964614606068,-0.0028359317860318428
2021-04-07,0.013301597631871774,0.01709045911872312,0.013384988346232456,0.015546395866635853,0.022056256845508312,0.00819660213506554,0.02014010373631887,-0.03031223705748461,0.0034793321479704054,0.004427498040077761
2021-04-08,0.019051191740672102,0.006052887214350471,0.005078615096827712,0.0012258749636186808,-0.00022372164439923452,0.013316318533063217,0.012192534830094364,0.018941076007001657,-0.002052789356043437,-0.01048036813160718
2021-04-09,0.02004959671193579,0.021855051421528913,0.00895370014437342,0.0074500654332937425,-0.0017905920272601353,0.010214350909820123,0.0057805014463592755,-0.009964638245883383,0.030790449900392897,-0.0023243237727861308
2021-04-12,-0.01332165357382173,0.002129852126864464,-0.011538715836850946,-0.002113787670676536,-0.00294860873150476,0.00023436112178960557,0.054659074425937315,0.03620406408291566,-5.3050668955135516e-05,-0.006644533283237382
2021-04-13,0.02401539118464469,0.006080225513606812,0.004360808122673589,-0.011998667736744474,-0.005729808069465882,0.01003115991510135,0.030466784940498755,0.0824615371588125,-0.004741924124883747,0.003776660475361534
2021-04-14,-0.018014070872535322,-0.019902668921269934,-0.005568995394673138,-0.01886686222504649,-0.022659202436379897,-0.011282386145916572,-0.02600553180348205,-0.04027179907894094,0.003012905340753629,0.028489931323740614
2021-04-15,0.01853510604638292,0.013733669660684043,0.01914727636565943,0.006328473243677567,0.016376549246441725,0.015182185466062774,0.05478205272359323,0.009000306677510112,0.03756787491047234,-0.005949320488225629
2021-04-16,-0.002530868066827685,0.006004280530908502,-0.001094503895963075,0.007398719159131327,-0.005341960379855574,0.00476687174898278,-0.014025638388864226,0.001257911412789418,0.00256065509069162,-0.005631864548212316
2021-04-19,0.005055463297647987,-0.008101740463144907,0.003066155374685038,-0.0042492101723536025,-0.012952060456060796,-0.007699949017548026,-0.0352242656995299,-0.034587909254449344,-0.0029968894781870832,-0.003181810083673676
2021-04-20,-0.012912999605220913,-0.011129268476364956,-0.004705938923042327,-0.022391039672864287,0.0013556261468634532,-0.0018566881335294926,-0.012478490838785149,0.006082481415169929,0.017015450336156628,-0.021294322025764655
2021-04-21,0.0029254504404690697,0.008162267510845943,-0.0002895495599228434,0.008472137936110978,-0.003906346136903877,0.008942686275495545,0.012397048213807596,0.03435484924604316,0.005733239671569675,0.012759582402797655
2021-04-22,-0.011754098766220104,-0.015883879438343667,-0.011401999511205067,-0.021282418426700457,-0.01655577473948775,-0.013172277170568174,-0.033782549653860246,-0.03338171795091616,-0.005707942094055865,-0.013121562818241629
2021-04-23,0.01787788316182528,0.009576191314045886,0.020828945765892618,0.018954900752220144,0.015427345050600826,0.015357415555590035,0.027562322749139653,0.01340170287553078,0.009462389700676577,0.0054129827401546374
2021-04-26,0.0029733971367387224,0.020184691912166108,0.00433873510395925,0.002460368401750455,0.006322739149588319,0.001530337416434901,0.013840803397036312,0.011992516455123612,-0.011178762914966974,0.0019778762501831823
2021-04-27,-0.0024519356228563803,0.0024698649221989518,-0.008237602986870547,0.0045720005391926485,0.0017475321969594728,0.0016046510490831183,-0.006238259945198488,-0.046385859854230695,-0.0034416096017990303,0.013025237416082797
2021-04-28,-0.006045686155779537,0.011946146532530181,0.029275106569158254,0.00645865875421286,0.011561088169772717,-0.02869343671349907,-0.006849438503839746,-0.014780794025162398,0.00022831806890905295,0.029691388049538407
2021-04-29,-0.0007492121879712809,0.003697092085053035,0.014192750568538868,0.019257726638398066,0.07043323186987983,-0.008085646492186694,0.00313699963525863,-0.02537683713134589,0.017484478569340947,0.01418218855636767
2021-04-30,-0.015248853360216372,-0.0011212645540177846,-0.016543805565333764,-0.008931950587687785,-0.013535436088102605,-0.0013077697446073296,-0.020785793569978304,0.04680461290993818,-0.006872109164380091,-0.02926692947563973
2021-05-03,0.00818176112140551,-0.02361686640013657,-0.004437389614976781,-0.0029301883370845953,-0.0077200551614974655,-0.0012696185344443997,-0.011576203539969673,-0.035203052789871174,0.01764689077684809,0.027228943789005457
2021-05-04,-0.0360267896700323,-0.022280927908247625,-0.015592086031089776,0.013728911842308407,-0.013168329088942396,-0.016291851561612634,-0.03327019402330296,-0.016636360929421883,0.013313500941913664,0.0062706662380821515
2021-05-05,0.0019535983859192965,-0.012557955081461925,0.0034362274691098244,0.013035549367112828,-0.010546748437463276,-0.005341026169908772,0.007445533927843431,-0.003956776807325818,0.002815826946876995,0.029629306431602213
2021-05-06,0.01272114691024859,0.010895826077640012,0.00970736903457257,0.019924411544607612,0.01574738887181022,0.013139773885633008,0.004451084636445652,-0.011090612633393284,0.00597016650399398,0.009467843808205941
2021-05-07,0.0053133273932208375,-0.004474051509126132,0.006218415651839529,0.0034170114896327386,-0.0029417559260189875,0.010872428314798538,0.01972088551070331,0.013219694470214068,0.00643741102031907,0.014196169602533953
2021-05-10,-0.02614326619979078,-0.031202294199865952,-0.02592040403360854,-0.00012394273171300455,-0.04195471493357718,-0.02113582043467571,-0.037592874677744956,-0.0666139869184463,0.007727917706222031,0.002399703158992298
2021-05-11,-0.007437986277381643,0.010420336143649124,-0.009509643446827308,-0.016763317648700385,0.0018285377942537518,-0.003850802728571611,0.002834794856283031,-0.019001672485714396,-0.022076453200611895,-0.03231586944464017
2021-05-12,-0.025254753827729702,-0.022576744303825176,-0.03123522965836066,-0.006898774967171798,-0.01306904216759517,-0.029802574039709265,-0.03903958743132595,-0.04525703659502106,-0.015494859069815334,0.005344044476657562
2021-05-13,0.01776109170065805,0.0030189822880309276,0.013000092963896051,0.02539750984057224,0.008917495665868249,0.016721233035834435,-0.006800677291390952,-0.03133918628539079,0.007838661265065583,-0.012401633132896129
2021-05-14,0.019650516661787704,0.019244482527551766,0.021893625602682733,0.015421926427366284,0.03438836870942092,0.02084845346512038,0.04140942991914726,0.031084853734470938,0.003030155777663679,0.0244868981480417
2021-05-17,-0.009301722291648395,0.01462764646007257,0.0046155055911687,0.004016311701907329,-0.0015206534425179054,-0.012040583047715612,-0.0054561970640113686,-0.02213414578006038,-0.002858872320350336,0.023098081737060395
2021-05-18,-0.011309578771903068,-0.011721487581113643,-0.011623078062508627,-0.014189241396883961,-0.017588624025557553,-0.008601925479376727,-0.010627520242162807,0.0018013224952045325,0.004273394052807549,-0.02870855921048397
2021-05-19,-0.0012823579575662336,-0.00014852585753418506,0.003983278628673987,-0.007666967437101419,0.01164300896313178,0.002470914206328585,0.0035609913594387486,-0.025252562795766022,-0.002146621711287085,-0.02428748889982544
2021-05-20,0.02079451013629674,0.004901676923524499,0.01548602384898236,-0.0017394058696051495,0.015881638810198516,0.013725696382768934,0.038134572133299814,0.040553601408475165,-0.0021023056709548703,-0.002376429711053712
2021-05-21,-0.014877294408208957,-0.013828021471269424,-0.005572638722766964,0.011314179341862742,-0.007497992705680604,-0.005329069229302398,0.025622666140562304,-0.010105809239520404,0.007290197885251119,0.0013587957825106406
2021-05-24,0.013226487259882437,0.0129993563234214,0.028748494503132955,0.005395232992356518,0.026216265915048526,0.02262420303235763,0.04053968294148212,0.04306162202970284,-0.0016531567270873912,0.01164276793074941
2021-05-25,-0.001574893542283049,0.004323491452926749,0.0007747377875464141,-0.010387340073056693,0.00968704128741603,0.0037412979114533145,0.0022874212180719125,-0.002889839951081735,0.005097102127296056,-0.02290775199562553
2021-05-26,-0.0003940186819037481,0.0018730010825371592,0.007353864926501844,-0.0001239054372054243,-0.00039660289758165226,-0.0009139558037825299,0.0033335919954143698,0.023599290742317446,0.00038736927378586863,0.011604336379781584
2021-05-27,-0.012454214186966402,-0.010792589148289969,-0.007434263227808528,0.015451999309789634,0.015414860898026626,-0.008706416869548126,-0.01359529929931553,0.018752900206065234,-0.0012352326809791157,-0.006468173751824107
2021-05-28,-0.005362247124848249,-0.002181807353604432,-0.0024706076812370695,-0.0006693384348359527,-0.01215455834708949,0.001483185108310985,0.04768866935632719,-0.008964584890580543,-0.0018915530676324919,-0.0032498045358411473
2021-06-01,-0.002651732086170844,-0.0013723560569097765,0.010270139868320215,0.010960125523081158,0.0012159614007916902,-0.009173517038094657,0.001230756050296279,-0.002113500469111133,-0.012704324787295338,0.03518001891634891
2021-06-02,0.006256293293022305,0.004754641593085972,-0.00445718856038539,6.0327787279837595e-05,6.079668729144616e-05,-0.0004043195524232187,0.031098242556305354,-0.030563287475861584,-0.0021415719099775223,0.007907686029644133
2021-06-03,-0.012228489180866728,-0.014633490299348802,-0.009754060012396037,0.0006620049463400195,-0.009493467548610187,-0.006450353797027074,0.011349493567870328,-0.05482031154624074,0.0051856613146521666,0.0039305541227289955
2021-06-04,0.01884343820284054,0.0060095641643640885,0.019401098182796433,0.001623474088388245,0.013132750590127222,0.02046402160470721,0.035229908946287816,0.04473860632554917,-0.005702873847373172,0.004403587554275859
2021-06-07,7.95166457699781e-05,-0.0025639767739557943,0.0036406322249804978,-0.0046973393660382536,0.01868302098556332,0.011970085947661925,0.0023153905972048477,0.010098272085864791,-0.013376943859410472,-0.006530591461018078
2021-06-08,0.006649577117644615,0.02045844509486988,-0.0016081143994526859,-0.003992157330738987,-0.008653506959547521,-0.004897617412276741,-0.009236986791700498,-0.0025481655598922595,0.0037159957266861476,0.01753574934096728
2021-06-09,0.003072598938359263,0.005206770515708458,0.003953149184520628,-0.012563123616892765,-0.01033242985883468,0.0040304408534851685,-0.005443979618881426,-0.008000903407653626,-0.00159451139470308,0.00833470519381331
2021-06-10,-0.008055523238615133,0.020661910893956897,0.011228520147989066,-0.015711441543271677,0.006669620164482995,0.014290488392837636,0.0038379943375633084,0.018761400839628444,0.0009717367220023491,0.0015949590023061865
2021-06-11,0.009784675608703513,-0.0008421810689315857,-0.0020265674171348344,-0.0006861525875080412,-0.003615679920424086,0.002523849575836095,0.022710153379204498,-0.00037708912038201647,-0.009007025892208437,-0.009286123324224753
2021-06-14,0.024280623103964023,0.011006334685231454,0.007669586321524856,-0.017114686153495644,0.016496364423262674,0.007725365370581121,0.01079710071496704,0.012708130416930218,0.0031868521563892856,-0.0016097032300533005
2021-06-15,-0.006458540912281601,-0.00021872359760794925,-0.008414673851179597,-0.015284144089559986,-5.9512434116799544e-05,-0.005904818751958418,-0.012860785445755259,-0.03012429716067012,0.0028019711169391124,0.03576326685513249
2021-06-16,0.0039263152632233395,0.009449397061352359,-0.0053429945141175925,0.006999672532576986,-0.0169807610370921,-0.003800259335868663,0.0012218502468209964,0.009151155788618984,-0.00759843939720714,-0.0035816544431133824
2021-06-17,0.012522185871780705,0.02143330072900694,0.008007933951141778,-0.029284928845038256,0.01626789067957029,0.013583462136334318,0.04646086029044489,0.0192069740346885,0.00025181537386801507,-0.03347140593231658
2021-06-18,-0.010142936979732415,-0.000670883305820527,-0.013500161911866934,-0.025628910728755068,-0.020565968196350502,-0.005650142903662123,-0.0009921769510065912,0.010823457790850165,-0.016631815922994776,-0.02598396815289146
2021-06-21,0.014005322019969015,-0.009491708765252797,0.014066736492666543,0.016826030295191353,0.00794620224695028,0.012259464532572874,-0.01141223190813535,-0.003986737073227676,0.02209802462403592,0.03561656317125133
2021-06-22,0.012618385325052665,0.014794678093753032,0.004243386654964948,-0.0014630159023798146,0.02008054148031148,0.010906145388708549,0.02462997751129484,0.004628256702323586,0.001556074709679307,0.01899078889473643
2021-06-23,-0.002091959948311459,-0.00046229652298874693,-0.001664929483422463,0.006039420553316792,0.004590710169173808,-0.0009042262812405421,0.008986891662529785,0.051343820984031875,-0.007881679227906974,0.007340909248938145
2021-06-24,-0.0021713213834188894,-0.015746270765313524,0.0030494709432717032,0.009155913890200429,0.0075755649367838206,0.005338613757778984,0.007749611816473233,0.03479874196476401,0.008333321099125693,0.004037858390256849
2021-06-25,-0.002251544019379534,-0.013902758645549816,6.949092184956722e-05,0.010047173581316779,-0.005287908359023174,-0.006281453872558334,-0.009127776880428587,-0.011763228305736152,0.015127931459737287,0.002167589723703781
2021-06-28,0.012467984541790975,0.012396928694551673,0.00022452445388001886,0.00181611642153151,0.04095214812483132,0.013864511859923323,0.048912794471176836,0.02476994196174637,-0.008655800633505857,-0.025849443368341853
2021-06-29,0.011434703669838156,0.0012332733462509843,-0.002152772135375641,-0.0012320412067406575,-0.01060058996143654,0.00992393459443432,0.002086928461943298,-0.011624991064809973,-0.008404693416735292,-0.006208774765198403
2021-06-30,0.0046102382068307045,-0.0023169853895690052,-0.0014978188171922739,0.009041959624464493,-0.011949837974315052,-0.0018441542299581831,-0.0012118858852735788,-0.0015582931945795787,0.005860818113346657,0.007319274540539664
2021-07-01,0.0022608526486719784,-0.002092189192267082,0.002903572472166842,0.009851963186833033,0.01902939799397611,0.0025805134781598103,0.010419344359528602,-0.00262225819371756,0.01105174060131534,0.0028493929840117923
2021-07-02,0.019407350855618732,0.02246941064938596,0.022713635317742946,-0.0009608467355792444,0.0008743034252434396,0.022031003858290273,0.013514031846057675,0.001444593124038416,0.010979277596496894,-0.0014238630513454514
2021-07-06,0.014610938731754963,0.04585930904650017,0.0074171278484955385,-0.016933998213919502,-0.005427651530879507,3.6419809081834026e-05,0.010270725066944084,-0.028870583198134143,0.0021960487849072502,-0.028908419765490117
2021-07-07,0.017795881232490852,0.0056535525885647525,0.002248029261025702,0.0011727184481372195,-0.0065126767656641295,0.008142287053258677,-0.015912229319964513,-0.02289574720602526,0.0034067437249169774,-0.015766343077171716
2021-07-08,-0.009242036033346357,0.009378115281815287,-0.011371167097158585,-0.01740454808820745,-0.01390551793645893,-0.009006985621297951,-0.023290989066535574,0.01257859403128338,-0.004162496075435612,-0.004479416182501266
2021-07-09,0.012970408465211311,-0.0032399471675578434,0.003787604168041814,0.03149816262364886,0.013706022910325572,0.001872359704650277,0.007383717010176828,0.006321812249024031,0.005254948058287487,0.01796205808651654
2021-07-12,-0.004212500723401813,-0.00021237069203446337,0.01154091158242714,0.014214524758423283,0.007788711713807765,-0.002232804679244758,0.022792669915069286,0.042832279170544656,0.009491050205244746,-0.0009803706798840101
2021-07-13,0.007858128903035912,-0.011138754050319735,0.0028783777775563298,-0.014985240872878444,-0.003034427032830298,0.013111043425809949,-0.012879361173226071,-0.02534398967789286,0.005991036301890948,-0.004752218079153347
2021-07-14,0.02381463572376182,0.0011740849089997769,0.007007520284521847,-0.0034108222543616923,-0.012748211151562444,0.005430519653656967,-0.020379432818761607,-0.02293732311171139,-0.009120434781623757,-0.022424252436137694
2021-07-15,-0.004502189848324502,-0.013806009042966375,-0.009653574874933898,0.0021895651617180154,-0.009160783667544286,-0.00525240210669525,-0.0451144947369536,-0.004263873629526309,0.012721824927746398,-0.009790802836441924
2021-07-16,-0.014175976337096823,-0.015981254351190455,-0.00027554501231785353,-0.023100640754874793,-0.009626301871607764,-0.0009970289772418602,-0.04338447285116958,-0.009854715165981626,-0.0008334628497333809,-0.02804002578723169
2021-07-19,-0.027283400390687898,-0.006749758546577603,-0.019018838525899643,-0.03305939487856074,-0.012416989556970999,-0.013410636242222827,0.03350251646364603,0.003099673103658058,-0.02567848330422716,-0.034973004005406635
2021-07-20,0.02564276167844663,0.006626609097477396,0.0130111725852477,0.018471660557548952,0.013881560939819043,0.008304313876469871,-0.008972612556371752,0.021857165705963834,0.00951323763220323,0.010960402025933215
2021-07-21,-0.005145032940969101,0.0033554749445127334,0.010557452599601086,0.020822201730616947,0.013287187932764845,0.007418786224589942,0.04198199626281864,-0.007919294852611359,0.004035785415954287,0.031659458542455485
2021-07-22,0.009582457500313923,0.014628121323517897,0.006817087630927905,-0.012706350664021452,0.014224141953967245,0.01670412536140038,0.009434758122663178,-0.00924460786068585,0.0027214892390319784,-0.011317346757040712
2021-07-23,0.011917995816079009,0.005102345801164877,0.035144119800191706,-0.0019229795953130666,0.05160787237357793,0.012261239973278788,-0.0018389571359667507,-0.009097683584931696,0.0046312245942726525,-0.0012263359868067258
2021-07-26,0.00289016964427503,0.011739458318775495,0.007639150053051195,0.006682043219880076,0.007194376789058515,-0.002142841674814197,-0.013590053558879267,0.02189168871378688,-0.010009201306686253,0.024932047142102932
2021-07-27,-0.015012285769188314,-0.02004647134574264,-0.01605706652120139,-0.0013194825353750675,-0.012563165822384032,-0.008721450289473567,-0.004467173233167479,-0.019718078031379437,0.0037650099508371804,-0.011177147297616112
2021-07-28,-0.012271298736270208,0.0010831503488784933,0.031301747373601786,0.0016493092915331965,0.014762253907850019,-0.0011173800263709205,0.015241159954577112,0.0034062276545409947,-0.014388487366792206,0.006721237075404743
2021-07-29,0.004542163659660667,-0.008409199103878962,-0.0023282125047905653,0.00853312511220448,-0.04090245717001869,0.0009779838933002792,0.008119593692405395,0.04587275846182932,0.007086650666827452,0.012121420303529059
2021-07-30,0.0015094455971289191,-0.07866330887549154,-0.007770725711243866,-0.008006061404896783,-0.005653269968547091,-0.005565275346557433,-0.008324522626555897,0.014437208664382839,0.0003395853526573277,-0.023348525445644912
2021-08-02,-0.002333868030671099,0.0011683541547145397,0.0009498641615923561,-0.004026738528456469,-0.01228386817951398,-0.00031602163520945816,0.012790242069516691,0.03217472594711166,0.008093918087822845,0.00017351013148798503
2021-08-03,0.012565394654603405,0.010379692962522098,0.005734002762027204,0.011313387276786482,-0.0020194787024031585,0.008042857561263779,0.003285904072321326,9.862134908657855e-05,0.015117218960449683,0.01071004522915433
2021-08-04,-0.0027862484329950876,-0.003428109147843768,-0.0037265780515401675,-0.010851017907478321,0.0216296417697075,-0.0021267097245041425,0.02289979237561353,0.001661168327351945,-0.0008536746485622839,-0.02364495582757921
2021-08-05,0.0007481729691210608,0.006320347457217287,0.008298359356815386,0.012550070468862242,0.011220823320961663,0.010450883638308107,0.01774644177498083,0.005205072568156722,-0.02485899848678002,0.006313536383672817
2021-08-06,-0.004778499228943565,-0.009239891315900388,-0.00377226199534339,0.028007648321748423,0.001486562648271988,-0.00020749826751881604,-0.013218614691117564,-0.021971130346089583,0.009511942242463408,0.01147230851693217
2021-08-09,-0.0003421050103182907,-0.0009181548153357011,0.008615503783440429,-0.0010799486483953344,-0.005240419819960205,-0.003911627223305026,-0.0034922798910322155,0.02075293960905606,-0.010290553319465096,-0.011472308516932178
2021-08-10,-0.0033595457552970712,-0.006361004973165342,-0.0007744288384125306,0.012192934990931542,-0.001328302473011204,-0.006576072687962038,-0.017847633730417263,-0.005295892009324611,0.002212097386911005,0.01698783039571444
2021-08-11,0.0017839034515802342,-0.008640868502137664,-0.0038669328430744106,0.011859481529387405,-0.003245276667931323,0.0017789889613226693,-0.011959371891492833,-0.003061037245157465,-0.009859313752556283,0.0029174186892479696
2021-08-12,0.020560366219742724,0.0034538388189029033,0.006691684128636326,0.0039014823635870207,0.0074453028842609275,0.009917395465183793,0.010403176550657426,0.020181504916966016,-0.004375006338624393,-0.002263983786494747
2021-08-13,0.0014096343910263006,-0.0028889970825907705,0.0038812076138206313,-0.011250585611633139,0.0014605790943916584,0.01043500448158964,0.014117406167331455,-0.0070584091033222005,0.009097304575650802,-0.010164724658762888
2021-08-16,0.013456933938728873,0.0015227871766333222,0.004216641473141848,-0.006585079097248008,0.009263580535619608,0.0059579872681904495,-0.011859184292348428,-0.04418754471286682,0.01823786385450586,-0.014728569903470132
2021-08-17,-0.006173203666129013,-0.017438191452478862,-0.011986632013099576,-0.012154202689444994,-0.022373029299036756,-0.005173007008146331,-0.024970890594818464,-0.03027123516946714,0.010893861235965871,-0.006816113943665555
2021-08-18,-0.0258315977388258,-0.012646113476257194,-0.00891199443279921,-0.00914931612568398,-0.008404652690708538,-0.006138093008683203,-0.021716270640985268,0.03437259258571844,-0.010630377704317963,-0.0212830578855692
2021-08-19,0.002320430317925228,-0.004216696494284563,0.001704013962672008,-0.008390800618511426,-0.0009288919222024729,0.020562473636624678,0.039038754968165196,-0.022783267048393844,0.025012921285589716,-0.030995928764418434
2021-08-20,0.010105567783006265,0.0038198497898503034,0.012811718638559082,0.00284745872395626,0.011896851531163105,0.025253651561845995,0.050141058318922155,0.010031571629142592,0.004244131889091563,0.0001896934298667439
2021-08-23,0.01020463223732366,0.02039103748353467,0.018827808610563903,0.012716432053423505,0.011014114023175085,0.0009525542936914729,0.05340961600051757,0.03756503320848795,-0.010174672198942096,0.04032124589223575
2021-08-24,-0.0006013498699514272,0.012146253464241655,0.008674283215751496,0.006171255767987289,0.005927018812245819,-0.006685650202118809,-0.007542604445582269,0.0030958501857263057,-0.0045947661468314525,0.008161887678497928
2021-08-25,-0.008456774562575382,-0.0019985098458953207,0.005770154937549211,0.02040283291571927,0.007848577802679248,-0.0020179103283477916,0.01908889139980973,0.0038177489873267093,-0.008705535390850463,0.0018047053722399324
2021-08-26,-0.005542618782463615,0.005085305152845157,-0.004503786208665536,0.005144545003406312,-0.010944978859531858,-0.009715595317376749,-0.006549219031833875,-0.014217568331421088,-0.006908917883550068,-0.013615518820140903
2021-08-27,0.0071588411907524225,0.010090674197310714,0.017961626359225012,0.008005160572679389,0.022388800353870857,0.0021043062070429754,0.025413043258445057,0.015229452832627683,0.004571439904474203,0.019189642464830865
2021-08-30,0.02996386919939803,0.021249618004886027,0.004064529092683276,-0.016137108444510377,0.021320496627554666,0.012829275215937137,0.0022945066504108515,0.026324794631827943,-0.0010991470140942698,-0.010998040133603514
2021-08-31,-0.008460618136150844,0.014282714711431693,0.0007396709025368285,-0.0030585156924566185,-0.0033680913265255316,-0.005648319870025042,-0.01326871380864702,0.0065592749200010505,-0.004864641024262513,-0.01167047475014152
2021-09-01,0.004468653623504584,0.0023626160329893353,0.0035737793511826602,-0.0014390102060062519,0.0070129915283730125,-0.00016591821258558234,0.0024984590273261368,-0.002217981262751364,0.002591033677286604,-0.013851901895118758
2021-09-02,0.007447341628388615,-0.004574927931495782,-0.013369411507125974,0.00462265084170165,-0.01787897712416312,-0.002255346637941625,-0.002006948681206426,-0.00231847373209337,0.015123994143542516,0.024070901791790823
2021-09-03,0.0042216644923411045,0.004301820154126882,0.0031529795977012836,-0.006063626360437027,0.00260789004602263,-3.330403772775338e-05,0.019762090742487647,0.0016098361025145228,-0.0020082345518923576,-0.003819938928412469
2021-09-07,0.015370252647744788,0.008941925919554996,0.0037566507439082807,-0.0017572224332093474,0.01561131834925603,-0.003193058555412711,-0.007954815776936465,0.026035942688487673,-0.0038380626782707956,-0.0058489295808101666
2021-09-08,-0.010134512431585942,0.004608538783881409,-0.004094063742758422,-0.004469724998911081,-0.012135762841757542,0.00010001685281743969,-0.014355816914295334,0.0012609548743898497,-0.013985155879529754,-0.009208381413058289
2021-09-09,-0.0067275842154237275,-0.011795296134862758,-0.0010443449855578255,0.004344052079733577,0.0011383291880284927,-0.009908659764309564,-0.007278071652145359,0.001312369553312357,-0.0020242285624222016,0.0007399559713453019
2021-09-10,-0.0336622042266411,-0.004317307606338972,-0.018740706174113348,-0.01156219791617248,0.001823806107748397,-0.0051941178443854685,0.01348121124099768,-0.024935356375548032,-0.022497409923128514,-0.0020357586488825574
2021-09-13,0.0038856648036833027,-0.0034592661286029646,0.010285883306253484,0.01576199006752721,-0.005773369928722572,0.004318939445433708,-0.014609113026608308,0.009099139444443169,0.02592902831471574,0.02542433942803724
2021-09-14,-0.009608010712446597,-0.0020761346389200496,0.0014883059541855972,-0.017606650758085075,5.2982709906278946e-05,0.009384067392973773,0.00405438609998595,0.002003341828722264,-0.004788078473330266,-0.01437049191898108
2021-09-15,0.006124965099919027,0.007447589064120205,0.013137312619951309,0.006915718721655781,-0.006955774559789113,0.01663910796502379,0.004441186018827834,0.015117058319369688,0.011999288210452383,0.033156264532817
2021-09-16,-0.001611975549808022,0.003575505609499879,-0.005690130773280191,-0.00044279083613866615,-0.002302675057033743,0.0013112837297020866,-0.004441186018827833,0.0015335851645735571,-0.0016298872710525428,-0.01069149937746859
2021-09-17,-0.018518280008164065,-0.007400637151307249,-0.019761002698413535,-0.0025968228666618048,-0.02260923425647702,-0.017683743586344853,-0.01549558702473237,0.0032970919669145526,0.007933063768011795,-0.0118940852111168
2021-09-20,-0.021592711954857673,-0.03132736193754281,-0.014886618261088955,-0.030391019731878847,-0.02504230754858416,-0.018749174753587082,-0.03659776641705469,-0.03936976129858423,-0.017914808830580164,-0.027011233088654427
2021-09-21,0.003422286189490061,-0.0036122637458179565,0.0022575222146200727,0.00013045205385532493,0.0049917122292988956,0.0016973139712900393,0.00627974952151259,0.012534643183807646,-0.0008725579174474874,-0.0009316937735325622
2021-09-22,0.016731859427010637,0.010833453848678572,0.008954009020270971,0.01897182450559989,-0.04073683790628097,0.012740582089345873,0.0321882824702872,0.01684451236014587,-0.008866727806069431,0.02884895838402421
2021-09-23,0.006696490669167442,0.010579777062858911,0.006625128778628998,0.03324263364968341,0.00798069538560095,0.0032771044723718694,0.024358129714113597,0.002258262820491851,-0.001640924615693741,0.033309632023922654
2021-09-24,0.0006128794152357481,0.0027829969154169873,0.007049362194026094,0.0114739606736056,0.02003155139206224,-0.0007015300563284133,-0.017997757204830978,0.027160841972020323,-0.0023308932541254946,0.008895174876137009
2021-09-27,-0.01060595875818172,-0.005773469524888403,-0.008069243754337261,0.0238783946624327,0.0017550924394797336,-0.017455404081973797,-0.01925007545001133,0.021677401377557137,-0.0044563695633531835,0.029260430369018573
2021-09-28,-0.024089096642993784,-0.026732621677354657,-0.037866598749443585,-0.00540450281567901,-0.037254210551486706,-0.03687512247182053,-0.0453819769147338,-0.017592195347548873,-0.016544930881728794,0.010401018258137698
2021-09-29,0.006461960476611505,-0.004485396155336227,-0.010929670826459197,-0.0007831848670163858,-0.0030577416837058264,0.0016915011183329847,-0.00883174025764546,0.0048111864344248965,0.0044806324019721865,-0.0006677860014083913
2021-09-30,-0.009355563135588657,-0.004882981617736262,-0.005055379749963192,-0.013712103198086727,-0.0006479931934463754,-0.00735081714681748,0.009652815307658508,-0.0074897880450971975,-0.024446593100292544,-0.017860605730161343
2021-10-01,0.008094624132483099,-0.0005420246980202862,0.021220590356953895,0.02079786362499297,0.010609841886827103,0.02514917493296835,0.0012542910472098706,-0.00033534501293734615,0.004315581333889754,0.035243633309324986
2021-10-04,-0.024913404858094918,-0.02888485808454832,-0.021344049208862757,-0.001077659824904777,-0.05015688687857096,-0.02093722521978054,-0.04991907074448843,0.008106673348889567,-0.013907636659751942,0.012882430979440095
2021-10-05,0.014058907483157433,0.009739950346903852,0.01752847661288212,0.016198315698016854,0.020419435034738392,0.01976064148144385,0.03579001021937052,-0.0012035741082394261,0.016452869459412284,-0.0016215864097395903
2021-10-06,0.00628737673320242,0.012651646071788683,0.011272622328140264,0.0021320922348256753,0.002040087625776844,0.014952089191786921,0.012102136699185076,0.002763320999873195,0.002081957768020569,-0.018508367075312327
2021-10-07,0.009043339109098863,0.012315060502089633,0.011994732322735855,0.0063107278922994,-0.013336278592302488,0.0059186648611067585,0.017953905930990277,0.01377889392912291,0.026160741829744993,0.0028062247988402413
2021-10-08,-0.0027254588232350197,-0.004190573462060326,0.004017767421885143,0.0007640980187009847,0.0025181542263277546,0.0,-0.01164544199328959,-0.010284539562274665,0.009248169411686978,0.024749139878308412
2021-10-11,-0.0006299072892215711,-0.012952121105274618,-0.006253998717169697,-0.02125604973179191,-0.014035349427935447,-0.002104904824298817,-0.0065499590264555905,0.008177997401230774,-0.008531690527311354,-0.010021227803544893
2021-10-12,-0.009144671788645841,0.0003172241904451794,-0.017903963117815027,-0.0077109173094147545,-0.005175545536958384,-0.004598676594421215,-0.001160488834487291,0.01725061613832015,-0.004330716578197213,-0.0052117883998429385
2021-10-13,-0.0042488609805926185,0.011314351840536129,0.00826910850496808,-0.02672039610851488,0.0023753398751943356,0.011643030689475713,0.012881737411268253,0.006630349593761303,0.0007687634386004388,-0.002779684055280397
2021-10-14,0.020023896129485203,0.004732543058962018,0.02561000314839887,0.015225088369809561,0.012219441176121067,0.021501325904581443,0.03781608376296856,0.008886865672994949,0.04081077635449262,0.015113471048413273
2021-10-15,0.0074845261969222355,0.03254486320029431,0.0015362545455152522,0.019026214668926626,-0.01154152329770053,0.0048107631117349,0.005320185477332564,0.02974907491710917,0.01817568985321159,0.009471317410458164
2021-10-18,0.011736792406227615,0.01100400576947037,0.009924385773449266,-0.0003601179987713021,0.0320583509578235,0.010073442739017049,0.01633297155408774,0.03161711443997285,-0.008092343137877033,-0.0004794473059780135
2021-10-19,0.014967466843449713,-0.0007517249304827118,0.0032095568407530355,0.012055602338955891,0.013771190824205236,0.0030547332714160047,0.003055447493934164,-0.006734486474692475,-0.0005652886642010747,0.014913844040238797
2021-10-20,0.0033556374465379744,-0.00848206698962188,-0.01030149354184253,0.013376275962044798,0.002320868759225327,-0.0026642890806895907,-0.00842487510770258,0.0017687488821671587,0.024923586576772808,0.005496534113184604
2021-10-21,0.0014728579581190107,0.005824760045406363,0.0008249113253991443,-0.007874586536541186,0.003222778465824268,0.010838828402191816,0.02629896959543303,0.03205181901693134,0.01639023027711476,-0.018334527354247173
2021-10-22,-0.005299016312132468,-0.029382296136388146,-0.03091652176789268,0.01336170983074871,-0.05183542055063979,-0.005162165076938489,0.0014974163733060262,0.017387072543931938,0.015435942818225624,0.0068357424938677675
2021-10-25,-0.00033644729639213346,-0.004561377086082202,-0.0008688559373736849,-0.004902030588303146,0.012490631729628976,-0.003337194154657551,0.019175950494461694,0.11921843486746743,0.0007344389061976574,0.01929917621421446
2021-10-26,0.004564652114174127,0.016636110939323188,0.013452396804744414,0.0026874070229840914,-0.03997430831711544,0.006405410534245511,0.06480545189055179,-0.0062938149592970775,0.011392332498388802,0.022890685186082272
2021-10-27,-0.0031525435391409973,0.004851848967382222,0.048404284785733546,-0.02104855077211763,-0.011432692565206085,0.04125147180026481,-0.010820042537463215,0.018898727534898532,-0.0025545524757192243,-0.02631527335691271
2021-10-28,0.024684350134468864,0.01581542696620515,-0.002523425340145151,0.014962386955619453,0.01494131615378206,0.0036445904882020782,0.019841940633829342,0.03705562944417333,0.00431272445358068,0.0028027180797926283
2021-10-29,-0.01832238852438447,-0.021745984346714802,0.014951292617954788,-0.002762515031645436,0.020766165793247134,0.022166474330796333,0.02478937174883662,0.03374062327713504,0.01098372851503421,0.002484953235478659
2021-11-01,-0.005623495464588211,-0.01623822909338356,-0.031209017332549313,-0.0005299953232075964,0.019616531761960074,-0.0068078064264649385,0.010117927727534906,0.08149724419582528,-0.013908253333232206,0.017832872039764667
2021-11-02,0.007090943545888487,-0.0016167159617979095,0.01339803422183058,0.003937936548407422,-0.005774638118309591,0.011350933842739658,0.02198144360703328,-0.03074274797958024,-0.004568818275098272,-0.01241860450480763
2021-11-03,0.00975096947147723,0.021279781969291613,0.007982099804405339,0.0003520400870084566,0.010732353478547275,0.002608515396403362,0.007434146818404536,0.03509368755165895,0.011634604155732694,-0.013825577673392408
2021-11-04,-0.003504835328375345,0.02711146442608225,0.011323855665715204,-0.013222714648990932,0.01267489314023694,0.007278510403610444,0.11370611768164823,0.01313564628546233,-0.0012472146312802646,0.0074803777438445474
2021-11-05,0.003575820039041307,0.012004091021206855,0.003934747948379641,-0.0014268529351761335,0.015598920980426593,-0.0011303131283185255,-0.0016458456917539466,-0.006378469186125081,-0.0020818869919628524,0.00942601580514263
2021-11-08,-0.005567971802877973,-0.008564519878774466,0.001201624207825666,0.005991756391702573,-0.007385128991299154,0.0027637283196118635,0.034748464773293505,-0.04961124617557869,0.014829897084273532,0.01070823802184804
2021-11-09,0.0024564270330593783,0.024699674045048896,-0.0007551617022772262,-0.007599813050182045,-0.009644141196216262,-0.0030907426533481096,-0.004783703127914879,-0.12772318728902374,0.0037324931600805976,0.009691264276228352
2021-11-10,-0.01934923067656035,-0.026687971077505174,-0.020522382245956674,-0.0009542428500165415,-0.023318895401979692,-0.015448484055968909,-0.0398614669686883,0.04251283809069096,-0.009629381258522899,-0.019897368113121625
2021-11-11,-0.00033802272018139683,-0.0027463665972794556,-0.0008709914139230073,-5.958069039787263e-05,0.00030523457805369436,0.0049152244544722066,0.031114113651220927,-0.0041661953768667185,-0.005472738796747208,0.0018676467984567171
2021-11-12,0.014235189670272739,0.015048234458080111,0.0197771816791895,-0.00448488005317614,0.0393393975573407,0.01282237959507999,0.0,-0.028701065279561472,0.003491882422692026,-0.00764849628885607
2021-11-15,6.690776704368588e-05,0.005806911669058077,-0.0015213279455533854,-0.0017994959814141467,0.019377379812683462,-0.0019319788699745802,-0.012083294580336986,-0.01957254315692035,-0.018004610087445385,0.008581186351190673
2021-11-16,0.006644497238922341,-0.001405473377029005,-0.0038874897629359207,-0.007230645607752595,-0.013323698952289588,0.010183839496620445,0.005910827124673166,0.03998366090579434,-0.002620938318224,0.0100470827163351
2021-11-17,0.01635533864858266,0.0023413880700420314,0.00115558567113494,-0.0053967022711320315,-0.006405949478429731,0.0006784566996974137,-0.03168557711456841,0.031984216103858806,-0.00149132462887808,-0.010979772778669626
2021-11-18,0.02813654596156426,0.040601497259703,0.01202827556358235,-0.008671221933586123,-0.0061225171124044036,0.006319818388190294,0.0792722095914925,0.006744812791821567,0.001157665609345468,-0.010944446503862972
2021-11-19,0.016833730785709086,-0.005287066211290259,-0.006105202608970551,-0.013149678968741543,0.019328281810814404,0.005377240300343233,0.0405252097924828,0.03643213445735007,-0.021294278354571757,-0.047321423736214875
2021-11-22,0.002922762300493436,-0.02869509488188082,-0.01777997220610879,0.0210909495190512,-0.012501712622216672,-0.009605526454141942,-0.03169309951185846,0.017272096909531555,-0.0056066873683594245,0.013750360626960952
2021-11-23,0.0024191830030250395,0.002088774763957146,-0.003560603286211523,0.02363106495048425,-0.011087294073838374,-0.0063468697558701544,-0.006593144403431276,-0.04223229344871564,0.021681329292562,0.025996630226001422
2021-11-24,0.0032783462968643193,0.00010331000315118602,0.002315902211706912,-0.007875019323481667,0.011233894174933621,0.0006806057137523057,0.02881288037677059,0.006265105659810634,0.0067536354615572464,0.005528695569795829
2021-11-26,-0.0321910853201868,-0.021412317856405228,-0.02731330002145567,-0.03058994766230255,-0.023555625610438998,-0.024656771005989276,-0.03649694178241114,-0.031013582803841335,-0.02303300259984881,-0.03576104776919629
2021-11-29,0.02163795117725339,0.016136535670027943,0.023270775330244763,-0.00433238529007678,0.014631835534871481,0.02086172213918545,0.05775435460458646,0.04964715675134432,0.027112126051341497,0.005535775965816512
2021-11-30,0.031089371522186018,-0.015420562086679022,-0.025280544583133915,-0.014997376218531354,-0.040972394719658446,-0.018105494920445508,-0.02119638817856634,0.006810578672784683,-0.017362332248547364,-0.02882550848723718
2021-12-01,-0.003211695592368898,-0.018228623739821467,-0.00598009525619754,-0.005935947848270707,-0.04365626085132183,-0.0015435762612786854,-0.038596292538162644,-0.044440653310942796,0.00027021002642101696,-0.0008356178708849295
2021-12-02,-0.0061487995576370354,-0.001848596514633391,0.013481887690782469,0.020809542630117188,-0.0006765002875809056,-0.001789096387229366,0.021743742097077558,-0.009543130353379798,0.003773656360807571,0.024615029356144454
2021-12-03,-0.01179363438637982,-0.013935728778151546,-0.006769228493756627,-0.01827946110617068,-0.011503156919230458,-0.019862874783912115,-0.04563101068014214,-0.0663521763056877,0.010627757135946263,-0.006384606471487881
2021-12-06,0.021275075766586857,0.011025217696555534,0.008090300950650092,0.011744674163398068,0.03531618134717717,0.009796625491631036,-0.02160467061576206,-0.005889394805839068,0.023730319953781304,0.011268252940471369
2021-12-07,0.03483248634622407,0.027602038798318594,0.02833619151695208,0.014935083366395098,0.01542134544000771,0.02641184844747332,0.07656131802032995,0.04148581070093519,0.00999113184980331,0.011142621379151162
2021-12-08,0.02252731996910193,-3.689939734869626e-05,0.006207446387664296,-0.011506988374788618,0.023724243156811396,0.0001492537033863564,-0.018707917689488325,0.016230761245708623,0.00884750357037947,0.002886485014100762
2021-12-09,-0.0029744349807928052,-0.011343741238858878,-0.0037049940473631907,-0.0015566514496344528,-0.0022408330496062833,-0.005598144643966516,-0.04288475362384193,-0.06289341727027524,0.009467401391994264,0.0025585749744271445
2021-12-10,0.027628150531476717,-0.011311296797986634,0.0024556414166828724,-0.003996741469382253,-0.00021246554866114815,0.027945749535607606,-0.009623002869572473,0.013093827482800639,0.010320113686837525,0.006368614956140402
2021-12-13,-0.020891051330022836,-0.015475202151186945,-0.014804644166797241,-0.011959288963600444,0.01427226231826801,-0.009209114024819484,-0.0698376986101769,-0.051053775924629424,-0.00018816069310830167,-0.022144668973026818
2021-12-14,-0.00805536981155466,-0.002811076756339546,-0.013250440238811457,0.007632770655815388,-0.0022449155625139873,-0.03312988715611262,0.006230390651658558,-0.008208173270999982,0.0027569303521925736,-0.001461548685268782
2021-12-15,0.028110146201077577,0.024670732493370397,0.01745540224011456,-0.007506301760791289,0.023453991877895382,0.01903561701922005,0.07221311347641293,0.018072325435531507,0.03064398578544699,-0.004396997547472575
2021-12-16,-0.04005552742276897,-0.02597563931621664,-0.013723897654570957,0.015518004549758721,-0.01998407371319835,-0.02956780799906503,-0.0704499781625168,-0.051585055672323236,-0.0030792717466996303,0.0016308722333103242
2021-12-17,-0.006522858117844059,0.006766260845510533,-0.019010019631908088,-0.02301736883621335,-0.0033200326008911187,-0.0033914303106229752,-0.020859420173845653,0.006076947341899706,-0.011714809586077242,-0.02207673943769297
2021-12-20,-0.008155178248569497,-0.01743466066061881,-0.0008330235060512495,-0.018152773478280364,-0.025303105627374412,-0.012086179451184585,-0.0029538077096413545,-0.03561605979548491,-0.006983503010945649,-0.014598738286063633
2021-12-21,0.01890691611310114,0.01978169533389277,0.013087779444975363,0.013869471671220249,0.026530675760760927,0.022807008549236805,0.047760548975533605,0.04198665654283043,0.007168127400012138,0.022397713348939953
2021-12-22,0.015202779526876372,0.003631503982249459,0.020301595428895012,0.0039005514504819325,-0.011284132021235108,0.017896064499099237,0.011115974876679815,0.07227140942458773,0.014103700387017934,0.008066599797702276
2021-12-23,0.003637010647040272,0.00018411946479317587,0.0034192976418452757,0.003567381005484127,0.014391203595049654,0.004461902587091169,0.008130005143714014,0.05602002567418564,0.002526495961393555,0.0004916928947754945
2021-12-27,0.022714849616417693,-0.008211646321395375,0.006715983625447648,0.005706793099687262,0.03211215274190181,0.02292085142952494,0.043086562605882894,0.02493491640225287,0.008282220241943125,0.014157021671541
2021-12-28,-0.005783791865066395,0.005826710732445391,-0.008279283689146422,0.003030156388260759,0.0001155125894666562,-0.0035102015694206765,-0.020337801767538334,-0.0050128185500081576,0.006863256327909678,-0.003236936380974651
2021-12-29,0.0005019116830466013,-0.008591725101779567,-0.00021809985365238308,-0.0005041720560304113,-0.009518779524681784,0.0020494003557909478,-0.010642905779143478,-0.002096907250306926,0.005235476277443279,-0.008791816683686678
2021-12-30,-0.006600111840979466,-0.003294427727342962,-0.003103994530831733,-0.0005049686713906459,0.004131892828915005,-0.007721242439940946,-0.013929353593507821,-0.014699782732613053,-0.002277193769928233,-0.0059045957614856535
2021-12-31,-0.0035413221908404116,-0.011495217795266778,-0.009266378692679985,-0.0008203991987931553,-0.023535082332544116,-0.008880286221986713,-0.005932492418405517,-0.012749774874751605,-0.004550035519485794,0.00655822369650425
2022-01-03,0.024696585086093174,0.021877258953900566,0.0009624910233991531,0.02093469070956268,0.006489857505432683,-0.004679069580503505,0.023853643934812804,0.1269116289226746,0.0002788533872597764,0.03768608300954029
2022-01-04,-0.012772864534176169,-0.017060289689663746,-0.004091110070249412,0.037208876910703015,-0.005954834265552253,-0.017296010638503154,-0.027976232578742405,-0.04273287830059682,-0.022917384144556647,0.036924027747563724
2022-01-05,-0.026960101009562504,-0.019073846316683307,-0.04696212384426445,-0.018451050829468234,-0.037419434501879296,-0.03914388800674733,-0.05928547923155027,-0.054953895352910696,-0.0024679471800157296,0.012360596940018719
2022-01-06,-0.01683437417372327,-0.006733601858714689,-0.00019957608586016268,0.010567941976254379,0.02525157791805106,-0.00793337722133814,0.0205807331155587,-0.021758379841487693,-0.04178475281456455,0.023248261356260333
2022-01-07,0.0009878866787238856,-0.004296997177475961,-0.005317263417527661,0.009859546645571001,-0.0020174579697288864,0.0005095755920840973,-0.03359797243451197,-0.03609004895021842,-0.02380934900865647,0.008163036470749748
2022-01-10,0.00011630178995046592,-0.006591854785116594,0.01198846806946156,0.0009565807796511857,-0.011275162236953316,0.0007320224854777403,0.005599488590137734,0.029890740749494566,0.013858999131346292,-0.005969684274355348
2022-01-11,0.01664444765209749,0.023718602439306714,0.007661322802082392,0.0010153463291772522,0.01902113549711882,0.0022565265304015474,0.015104359647509582,0.005917481776156395,0.008565420215290442,0.0412015749412586
2022-01-12,0.002567072747958967,-0.0009377696670975312,0.012053537393553923,0.005656335528532609,-0.0033250273711978727,0.01039088870917041,0.006521456256594106,0.03853754612843837,0.01001372504751886,-0.0029476575597625755
2022-01-13,-0.019211520400056446,-0.024466534551061184,-0.020310177065087837,-0.0012478592421558369,-0.02055445795047268,-0.04324414891934316,-0.052198017338686856,-0.06987655465675016,-0.013366796658778138,-0.007194637239230665
2022-01-14,0.005097621205121235,0.005715124523055335,0.006426658641600605,-0.06343340912819885,0.01646526093213907,0.01756142592473879,0.013715644972702046,0.017346435457551865,0.002691800419859537,0.017404049298429466
2022-01-18,-0.019074837215940436,-0.02006265472349509,-0.025284723797294274,-0.042832266943074786,-0.042310955607914216,-0.02464010680471781,-0.03932763261102616,-0.018364847454341894,-0.016565248324932082,0.016695468653263334
2022-01-19,-0.02124895737172092,-0.016614359071245203,-0.006502671481455327,-0.015590012572276159,0.0045161322543890445,0.0022440561089604014,-0.032806440550565134,-0.03441330009854252,0.0033134111258619914,0.00041042729763997494
2022-01-20,-0.010401001221511642,-0.030080217077818206,-0.013478808533831793,-0.008563975283178784,-0.009526152373339645,-0.00571971013099231,-0.0372680101779808,0.000622510083264904,0.00103737909602162,0.0021858010721476037
2022-01-21,-0.012847271430932613,-0.06134555364691525,-0.022423873360434134,-0.017627066640658065,-0.0432191892212686,-0.01864061452218928,-0.03265990403678496,-0.0539980722931419,-0.003960221118556341,-0.015126219196594917
2022-01-24,-0.004876232998840914,0.01323896043083007,0.0034653253151067276,-0.0008962874073448307,0.01810857781049409,0.0011476418238808089,-8.562825521530795e-05,-0.014835635717323473,0.0023823092636488597,0.008554063040985344
2022-01-25,-0.011449878427061036,-0.03204163984338447,-0.030024973949935346,0.010841327868903152,-0.02811983989549279,-0.026947961121262468,-0.04587651752087935,-0.012551567227813773,-0.011815931029045905,0.02897557226079752
2022-01-26,-0.0005634001139815215,-0.007986135126473034,0.0179420665917139,0.009441174176861864,-0.018561935229748815,0.028094714463160923,0.019869350596563518,0.02048773822340817,0.0034741943979496484,-0.010194590704556708
2022-01-27,-0.0029478262545842584,0.005493528624727967,-0.001765827853775027,-0.017802151198845106,3.395831789200743e-05,0.010493764105195594,-0.0370379282001346,-0.12277997465910719,0.006891310832338458,0.012726977925462185
2022-01-28,0.06745099605747536,0.030610731040560255,0.033133455562437165,0.008906426822622068,0.023711806806651737,0.027694595610130174,0.040019576118285945,0.02059221036289143,0.009615519068749663,0.002127791884125479
2022-01-31,0.025790274532115298,0.038127433338896885,0.014535838924466811,0.013482375856512805,0.037567349031582126,0.008785190605681555,0.06958819712310368,0.10145138741776683,0.013871600823294472,0.008992444720517767
2022-02-01,-0.0009729484489305365,0.01077253018259915,0.017149917141269195,0.017014724614648324,0.01815748977571366,-0.007164455609260454,0.006188378141378008,-0.005856643341232021,-0.008841813342506125,0.06214121728043976
2022-02-02,0.0070196079245515765,-0.0038501180924552735,0.07254178627075883,-0.00803737253944245,0.012461506670653738,0.015107444524005701,0.024219256926593283,-0.02786380690498853,0.02398379278350991,-0.0026014418537977507
2022-02-03,-0.01686118155281626,-0.08134849507057182,-0.033738521017081864,-0.008304591689244002,-0.3063907771860671,-0.039731280460150196,-0.05262429578192231,-0.016162405874435497,0.01856419436334251,-0.011728104287593822
2022-02-04,-0.0016809909280443933,0.1269489157684572,0.001417695410408695,0.025627036244426415,-0.002822017902718433,0.01544854708558854,0.015373180005431258,0.035474386816493036,-0.011523536576621063,0.021479630667419244
2022-02-07,-0.0042433038588961395,0.001875974577811346,-0.02897263568989964,0.0033374210382987332,-0.052739372583554836,-0.016444835313383713,0.016678227321942986,-0.017458706575610557,0.0010963741386755522,0.011965916884288453
2022-02-08,0.01829820443980517,0.02178265381683596,0.001421494979262057,0.01863993719995447,-0.021255079243184847,0.011923835032814733,0.015250389291855139,0.016028052271245364,0.019875700596372777,-0.02619275233940241
2022-02-09,0.00825943574938199,-0.0013886979453967615,0.015609330836081011,0.004159419456369113,0.05229196690474508,0.02159966213379797,0.0616641329604954,0.010787525285489406,0.009460287757471837,-0.004798661769697863
2022-02-10,-0.023881775549165263,-0.013654506185153747,-0.02121329808018874,-0.004159419456369154,-0.01708461043957452,-0.02878315387053052,-0.03354658874153067,-0.0298952129692807,-0.02311180996942511,-0.00966684978707442
2022-02-11,-0.02042544694561305,-0.03657177570139793,-0.031790479989899784,-0.013102239068809573,-0.0380725944576428,-0.02457361884879819,-0.07537755556185739,-0.050505215210130634,-0.017806431830495843,0.02486716920278723
2022-02-14,0.001422184907299878,0.012147601490993106,0.009217629015097779,-0.009333963856777615,-0.008462086221210348,-0.00013551878695556118,0.01319079032891758,0.018159773032297852,-0.007831885919362269,-0.015453531310614707
2022-02-15,0.02288825988865367,0.008621083638872947,0.007955758759295065,0.014517757586359542,0.015044722143391585,0.018372497005179532,0.0878384855493137,0.05191932445845771,0.008041017061889857,-0.01261407431482366
2022-02-16,-0.001389529194738696,0.010107783346743868,0.008234012768181585,0.001808036538071275,-0.02038740367664238,-0.0011679680200392408,0.0006038359358274971,0.0010402120327626255,0.0037986754267455695,0.00460552053552449
2022-02-17,-0.02149873069391508,-0.022050230393006458,-0.03847639438783384,-0.02330165963349247,-0.04163238284183897,-0.029719515927497175,-0.07860092218696083,-0.05228610180162916,-0.020434538601223684,-0.0015327428412671344
2022-02-18,-0.009399771713175263,-0.013350682834785058,-0.016247224910639617,0.004677917141996181,-0.007490419319316609,-0.0096773579388271,-0.03593400489098018,-0.022350967561475237,-0.005393689897165794,-0.011183405167817876
2022-02-22,-0.01797294289725865,-0.01587889987657254,-0.004530742246350093,-0.0017762377350755698,-0.019988890184297517,-0.0007296763688000329,-0.010716333177230388,-0.04224617718140919,-0.011393961346401579,-0.011701910093122173
2022-02-23,-0.026204405664359363,-0.03641116014436802,-0.017292607477447205,-0.021161111744444565,-0.018126420370234993,-0.02623425895098654,-0.04382808205987575,-0.07254830168258311,-0.006268205463693249,0.004045706766515848
2022-02-24,0.016542614483203374,0.04410800497645022,0.03921664336902948,-0.028238355502525982,0.04507587202391168,0.04983100758598979,0.059017737825878255,0.04695367409397792,-0.008148437978106254,-0.012715432798797194
2022-02-25,0.012881958711191625,0.01593036537376894,0.01324018315476468,0.023384206302290628,0.013777512579396396,0.00919061071314479,0.01707599906346803,0.011299945777284081,0.04264086559943773,0.026557028339104165
2022-02-28,0.0016366020425081012,-0.0014673390183547882,0.004433691289758463,-0.04259180625499117,0.0026097379337366887,0.004965718874354649,0.009393979701434489,0.07211363413565586,0.00025224910953745833,0.007423669025539626
2022-03-01,-0.01169623523471748,-0.015891148369833387,-0.007398300710225395,-0.0384597032181833,-0.036383523869820404,-0.01293503441358101,-0.037946866752423404,-0.006986492144572377,0.0007981956185066877,0.009518513111533108
2022-03-02,0.02037908030978269,0.006006111112644554,0.0037970534997230497,0.02052832742955592,0.022449878319947953,0.01760958966928704,0.03132788924503737,0.01779600470296842,0.01898928709896769,0.01703237968259311
2022-03-03,-0.001983123263801422,-0.02769967430173762,-0.005006125465799327,-0.007133510352674534,-0.025008552641555003,-0.014326136861532661,-0.02111311958342191,-0.04724057511561311,0.0024898340379474414,0.006312855100595051
2022-03-04,-0.018579839373654986,-0.015381483821486462,-0.014996151993876378,-0.028532764366792362,-0.014440817353451506,-0.020691144092129046,-0.03335787779706098,-0.0011922300504741562,0.024482515830378065,0.03694504816146601
2022-03-07,-0.02400334508509678,-0.05786267214586164,-0.04281193110546547,-0.0393811207002192,-0.06499851773457195,-0.03850906507360384,-0.07156241082469468,-0.04104369101185902,-0.02390734367080185,0.035398541556548965
2022-03-08,-0.011744703770956473,-0.010520594620232346,0.005728216591808811,-0.007067756190542717,0.014930496401240752,-0.011031658415078738,0.007558598377123875,0.024335419149005895,-0.02792965954979239,0.007547560153234496
2022-03-09,0.034399086373062625,0.023717698424230754,0.048492431109296776,0.03928064487298497,0.042239813904061896,0.044837808211860196,0.06739867509111186,0.04107819387010212,0.02525604532418703,-0.058526461792607606
2022-03-10,-0.02756277256561767,0.05271118653269622,-0.0074515185333064535,-0.011911183604636543,-0.01671315859355382,-0.01013802048584813,-0.015589531412583707,-0.024358017786858904,0.01201610891744833,0.030570331468345157
2022-03-11,-0.02419897784551319,-0.008845856240147519,-0.019512673929507732,-0.022781430410480773,-0.03971049410237468,-0.019517969195295165,-0.024935458519536966,-0.05259370365966602,-0.014637511251104894,-0.005167970693511734
2022-03-14,-0.026921661447214657,-0.025553208143987614,-0.03064502033502529,0.009881891052049289,-0.005237523956765828,-0.013045141538977834,-0.03546325549792945,-0.03711720154932235,0.010404124953317832,-0.03645485053482473
2022-03-15,0.029245618545571537,0.03813139923769891,0.025453163720925865,0.01759041375092964,0.028523749924858836,0.038010786053728506,0.07420519580548977,0.04530634609366675,0.020267870523107575,-0.05859647704620703
2022-03-16,0.02860221107592912,0.03819476755459102,0.031110037703296525,0.04371618167692522,0.058652946540738875,0.02490063350268862,0.06419025642841938,0.046704219074345354,0.0007026878362736282,-0.003762629129126882
2022-03-17,0.006433338465734924,0.02664947618554765,0.004181637344487457,0.01256547746252068,0.02046394914491896,0.0028154991703892235,0.010961828020877407,0.03665493442277862,0.017428329795152842,0.026298800511105957
2022-03-18,0.0207031535933538,0.025192147663773066,0.01693966755674947,-0.0003569060442190889,0.040775761773240306,0.01749344529038673,0.06589807322170516,0.03803519751155836,-0.0017764695884262107,-0.003932501224409232
2022-03-21,0.008501588018031424,0.001493436589994942,-0.0001762058342035752,-0.0032172266464182073,-0.023366750288231798,-0.004235741230742766,0.010566445727149805,0.017268009913468576,0.0030381084540582783,0.04389304624548474
2022-03-22,0.02058700900495626,0.020820051155123028,0.027297878557830862,0.02104440492188511,0.024105578425326138,0.016246267667506108,-0.007886075240738531,0.0760832835953988,-0.0046199478156314635,-0.004388907920287352
2022-03-23,0.008199969898688219,-0.009022396175222974,-0.01145074127624358,-0.020113811587302438,-0.014833690214942479,-0.0151438980740888,-0.034130450937817414,0.005147863044765912,-0.004144750885289396,0.015639346823474107
2022-03-24,0.022424465429055875,0.0014768099843156708,0.023560281389356712,0.006489167348268887,0.02822161168160412,0.015275523684879796,0.09362771930962094,0.014714339594958641,0.020124985968636953,0.003002741673554011
2022-03-25,0.0037271904501796,0.0068448147304497955,0.0007130593197887321,0.008704304367621232,0.010195127755593923,-0.0013822050250240925,-0.01640368860424496,-0.003240181703986614,-0.000837886774500455,0.02159311507463916
2022-03-28,0.005024183661499594,0.02527066880086216,-0.0015364272629954546,-0.007426051433532736,0.007947711131520362,0.02285332327977954,0.018851769938359884,0.07728050710253655,0.00033127868408264617,-0.028452697708045874
2022-03-29,0.018953555266675238,0.0019184362663260243,0.0073954172941432415,0.0021984665877086084,0.027656634521082128,0.015045619783548646,0.015367386712311417,0.007054913567225325,-0.004824587141714226,-0.0053273216997706966
2022-03-30,-0.0066717418922544215,-0.017961531171231216,-0.003986696537612042,-0.004543524325989657,-0.008783067369163587,-0.004926332418091051,-0.03429148922885026,-0.005087674440050588,0.019563543651703465,0.01697261525488954
2022-03-31,-0.01793562002768648,-0.020064520292900095,-0.02043453579746613,-0.030487058112835745,-0.024389786727869005,-0.01784145808883197,-0.014697706911972083,-0.01509517416561853,-0.0210526126091969,-0.014305673694411894
2022-04-01,-0.0017195370717832156,0.0034450322821231614,0.007757455983993383,-0.00743670237186499,0.011135816305965386,0.0035938274865244214,-0.021260728001987365,0.006465651918934319,0.005124349399754098,0.00639686005616893
2022-04-04,0.023416910765904728,0.02884445449723015,0.019928452634250048,0.004424591689861929,0.03941739738870515,0.0177780196150307,0.02396937009921634,0.05459557817973847,-0.0050264668299706975,0.0004811452749685797
2022-04-05,-0.0191236439439068,-0.025822642256601212,-0.016790208408339544,-0.011705652013169305,-0.008803422412784563,-0.013070352742394969,-0.05364311008986386,-0.048464637280470575,0.01506209668257412,-0.005184110900068184
2022-04-06,-0.018623054393535572,-0.03283328123701215,-0.02917885036527615,-0.013971485365706606,-0.03753129300215523,-0.03729271374776835,-0.060569315476111774,-0.042589069768463106,0.0266615090730585,0.011059165820362617
2022-04-07,0.001802561342633408,-0.0061382328144399005,-0.004841378890388118,-0.003046865864289126,-0.001568770941599354,0.0062243335164570614,-0.008186625445584935,0.01093679078037125,0.009731442353620019,0.01659784804302523
2022-04-08,-0.011980415453708879,-0.021291810941382657,-0.01932636942478839,0.01814271843113184,-0.0027847244452446933,-0.014707622271822218,-0.046028564238629735,-0.030510186068030958,0.016640697599186252,0.020827900252465656
2022-04-11,-0.025847084990113057,-0.021850949776512304,-0.034065453069781856,-0.0036776824516938193,-0.026756887318529786,-0.04022989903663283,-0.053392065541828494,-0.049534931817513166,-0.015728507440726652,-0.03503764868803066
2022-04-12,0.01145735670479213,-0.0022158166719546393,-0.008645692742162673,-0.011038116906994619,-0.01077562457814509,-0.01128151421033194,-0.019023642714640864,0.01122853693277581,-0.006964534255138877,0.020655637247795105
2022-04-13,0.016210346820463243,0.031037763445815297,0.016921276710532566,-0.03276440297180768,0.003961459555228172,0.019520536246249876,0.03198841223391766,0.03525937358618668,0.006145308626538459,0.014036620241678332
2022-04-14,-0.030446924896006332,-0.024961650159491106,-0.02465972880695503,-0.009312566345454259,-0.022627347893993618,-0.027457746303796392,-0.04349411875065717,-0.03723709338922126,-0.004067729258159661,0.011681404409651396
2022-04-18,-0.001331837898386694,0.007084013688019547,0.007440866692053051,0.018383821508570215,0.002803137963331332,0.002462520272834823,0.02439680708729911,0.01939443951963136,-0.0013842643242863973,0.008164228603906143
2022-04-19,0.01401650449441479,0.034294010908479985,0.018103997502325463,0.020495206641334064,0.03055753039705582,0.01689628210433359,0.018872059595950466,0.023480261839117743,0.00675498344379056,-0.008961538415949584
2022-04-20,-0.0010158752800547997,-0.026386116801539967,-0.015261118201312296,0.003502124679186222,-0.08090978791396382,0.003708581467680311,-0.032786751907254434,-0.05082502163771964,0.01533647574931389,0.002276386535438192
2022-04-21,-0.004855568004911527,-0.03772931062801116,-0.025514029827067235,-0.007782125336700449,-0.06360093434338213,-0.01957147165468244,-0.062374612800483585,0.03180563608534794,-0.01582023998205796,-0.010629264134303954
2022-04-22,-0.02821541767816444,-0.026969363430673157,-0.04237898403919329,-0.029143184072744053,-0.0212808799903035,-0.024440636069501268,-0.03365726796163231,-0.003704429607069112,-0.031182195193482497,-0.02207359181097875
2022-04-25,0.006714368169317742,0.011872429325306142,0.02833613020922235,-0.0003152259685616657,0.01552184663724438,0.024119941528863112,0.01963673587998341,-0.007019222592886596,0.006371880552388946,-0.03429444832441026
2022-04-26,-0.03804267837500036,-0.046830397470919216,-0.03660762964312393,-0.030027608545869045,-0.03283441863073879,-0.03812108271349925,-0.057601788091484606,-0.1299278575282087,-0.020211564191309813,0.0003645992494160765
2022-04-27,-0.0014677173764009437,-0.008819827903123646,-0.037399701487423734,-0.013091383288970417,-0.033720528935069785,0.04698742883771914,-0.02005273554873389,0.005790878918745771,5.8179595160888956e-05,0.028157332018583257
2022-04-28,0.044165788026991726,0.045483928748159326,0.0363245214469836,0.015689370022536838,0.16206431891651032,0.022380022238561493,0.07160683557939086,-0.004548029513557434,0.020439310559633123,0.029797417649240075
2022-04-29,-0.037291915194729956,-0.15139791287665294,-0.03794444539893145,-0.032800569318097696,-0.025899979792902643,-0.04271070369394262,-0.06446421461974713,-0.007721957937068309,-0.03072932769731782,-0.022616199276639586
2022-05-02,0.0019647334313207198,0.0017565476902947816,0.021444950133539427,0.009090472116138152,0.0518094302815574,0.024734714882785832,0.05179720036032324,0.03628977282780161,-0.014657915699501806,0.013515491565958373
2022-05-03,0.009576771387295869,-0.001981867083020741,0.006421175733608032,0.021193449344946765,0.004253865423369273,-0.009501405538291954,0.003526054201959942,0.006963974902024329,-0.003057691076795665,0.020389882515385743
2022-05-04,0.040189506560641255,0.013390415419768674,0.04113355386906563,0.03254596871394584,0.05228077100092988,0.028685358549995137,0.036662817140114545,0.04659599279666411,0.0158853409236482,0.03902875900428871
2022-05-05,-0.05732835641617741,-0.07862161321968106,-0.04821959437190159,-0.02533810512693123,-0.0701253157591624,-0.044531745589835844,-0.07609983101093898,-0.08695990905101429,-0.025741221721421553,-0.015274088755198052
2022-05-06,0.004716160029486825,-0.014140750847553027,-0.0065360762520793965,-0.0016152372733684048,-0.02189138980858836,-0.009491472907803918,-0.00900886184876846,-0.00877557365586079,0.009855880797773265,0.015165457585694013
2022-05-09,-0.03375260112715352,-0.05354166033985861,-0.02835138720097268,-0.015148263236350339,-0.03780637535998071,-0.0376450000978365,-0.09691820722909199,-0.0951126361970946,-0.026775284009882133,-0.0821356632587923
2022-05-10,0.015983693646577972,0.0006432376717789796,0.016606226033730093,-0.024673882547246267,0.0073120941198011585,0.018424626285637128,0.03734735780650871,0.016293707630266798,0.0032633902163712028,0.006608456729767579
2022-05-11,-0.05323360570786142,-0.032556515700991426,-0.006951752268264854,-0.006328289976968464,-0.046127337760659935,-0.033773598705829626,-0.05640652454418488,-0.08615264955046516,-0.0038186639125792994,0.0206048478833277
2022-05-12,-0.027261981781620828,0.01468209351950851,-0.006699226816811735,-0.000846877735819013,0.013158797788142555,-0.020159643740895915,-0.027741651561647433,-0.008207980246495447,-0.015234167476714864,0.0045296631859573395
2022-05-13,0.03141723965961685,0.05569537333818603,0.028019081993407254,0.008855827560901343,0.037864393148111915,0.022344769459002354,0.09043701523140016,0.05555683158900242,0.013690143459664217,0.029232271692438645
2022-05-16,-0.010729568521572164,-0.020052883582188433,-0.013930981720387132,-0.006993757074772538,0.007123739644253794,0.0014544448738177404,-0.025280278223918966,-0.06055559591829793,0.00783917398468608,0.023248016672736998
2022-05-17,0.025104957721907302,0.04030980601090871,0.01756508083042885,0.0326097345831534,0.012815034410729424,0.020139985352085655,0.051533670860698835,0.050132289582274676,0.0067428932491826465,0.01267351220185031
2022-05-18,-0.05807337693497696,-0.07425163860523774,-0.04005840852219745,-0.017253940833876373,-0.05258771940533759,-0.046598723294769495,-0.07059749888712678,-0.07043726926027942,-0.04389056931869523,-0.01597771481076895
2022-05-19,-0.024950325935439097,0.0019259973748420684,-0.013635902049591201,-0.014933232166684098,-0.004953972046936323,-0.0037066221356044514,0.01092125525615636,-0.0005496144580126333,0.015095958205810724,0.005390988878874385
2022-05-20,0.0017460495418724032,0.0025313230136676168,-0.013461715425058196,-0.008232437416314865,0.011693498458161035,-0.0022938021540891487,-0.025431714646282896,-0.06631616117599509,0.014892240779267273,0.00786863311085768
2022-05-23,0.039335247328071185,-0.0003161006497306091,0.02341357480788751,0.06003282444809622,0.013803295283238827,0.03152986332528417,0.012146230097204577,0.016432950581559483,0.012988297683870031,0.021858532980164998
2022-05-24,-0.01940286552723178,-0.03266897126205679,-0.05076103824261334,0.014026394637099685,-0.07924462467690263,-0.003959638892380481,-0.04502779423746335,-0.07176955888757142,0.011074861612693618,0.005417221161908345
2022-05-25,0.0011393419627068594,0.025371870055026394,-0.001558272834625967,0.006940136539306709,0.013968701667083363,0.011108309959367119,0.04957409427128768,0.04762508488803113,0.0010647225326153504,0.019927165698217293
2022-05-26,0.02293420075736069,0.03950431937060653,0.018610453125036786,0.017142399425148332,0.04155501614981004,0.012793033776576255,0.050318077228648145,0.07164265445291097,0.008277390982181394,0.003524617151554926
2022-05-27,0.039947918889201385,0.0359770770988458,0.041112558112168476,0.014038617146979328,0.01809939435640652,0.027229965005645153,0.05238196859744472,0.0707688185938516,0.009669528298566519,0.009782120215976938
2022-05-31,-0.005360293411078394,0.043030852834664374,0.01278781445538089,0.007286690266184695,-0.007665111862145043,-0.0050263280693508775,-0.007416842185460411,-0.0018051917677216725,-0.020580468727831123,-0.01642690491134231
2022-06-01,-0.0008736960569719724,0.01219142464906909,0.001141976267568964,-0.01770097427710704,-0.02616036785975676,0.002021066690746689,-0.019031664309891425,-0.023876273341224673,-0.008551166934964128,0.018985340489083496
2022-06-02,0.016671418232701362,0.030965911805553418,0.03222981693518942,0.01595998835407569,0.05276051328613141,0.007897673634311373,0.06712793004458269,0.04571303469577831,-0.0005890445985805663,-0.001739141739566635
2022-06-03,-0.03931859863668282,-0.0255076393596147,-0.026547546769570454,-0.014037246132891033,-0.04148003214753802,-0.016746880325679683,-0.04552844517065228,-0.09672413884722543,-0.013601199024710907,0.014434047209356813
2022-06-06,0.005214041778602989,0.01974655443905197,0.01970575978739636,-0.003309294301285563,0.018025114318539218,-0.004714305961828158,0.003519041282472056,0.01591980642197778,0.009366847105614402,-0.00252620925164574
2022-06-07,0.017433138625378673,-0.014447976483889591,0.0028122841640760027,0.002617590286384609,0.007181303981696094,0.013856979747888262,0.00742516921005987,0.002542820180630796,0.01401851825889734,0.04481270565526062
2022-06-08,-0.005056161749524377,-0.014907309337206952,0.0003797555834678291,-0.01604262821339772,0.005047309324257735,-0.007699449248296514,-0.014586649035330744,0.012397350726358317,-0.007207556465213778,0.0117329641647039
2022-06-09,-0.03661795322998657,-0.042394573681651705,-0.020329996355547542,-0.021239597715241604,-0.06643889447106026,-0.021001772085256935,-0.0327040406024173,-0.008970671737446728,-0.008342214543142004,-0.021845084256121184
2022-06-10,-0.039394344952733196,-0.057588983573757455,-0.03251657436255328,-0.04705583996212902,-0.04689783168858452,-0.04558743372233221,-0.06135196362699019,-0.0316877053198606,-0.009855744508936459,-0.01844318725121322
2022-06-13,-0.039037172469207966,-0.05608072910711982,-0.04384899108189216,-0.030230921922086446,-0.0665873904196514,-0.04333833401566045,-0.08140361062717674,-0.07366972655880115,-0.03129164510988167,-0.046975177194208836
2022-06-14,0.006650245404936686,-0.013205363644664271,0.0030313905349999017,-0.016779566601936,-0.003231741450291384,0.009162787744113086,0.012006551952586141,0.023606322357198544,-0.017070551750733014,0.0026049103789009755
2022-06-15,0.019912075126697487,0.05106358079343476,0.028170816861040723,0.011766669872549282,0.033748746583656467,0.029301908604030966,0.04270957953716634,0.0533736162801124,0.0055720652508462,-0.012671055928331343
2022-06-16,-0.04045882122977587,-0.03795462873180644,-0.03458211914452078,-0.01730515797921346,-0.05137095379662896,-0.027340431481742873,-0.05766038599553925,-0.08927688581957327,-0.014345527617567444,-0.03758224863513044
2022-06-17,0.011467200919381923,0.02439607839682275,0.010413819238186371,-0.0035326121862075026,0.01768321993104063,0.010880569206201349,0.01772545667193727,0.017029157609637507,-0.008875262589798464,-0.05939425571048656
2022-06-21,0.03223533660227484,0.022895360879700146,0.040250228015108455,0.024470309400363207,-0.041715460719171975,0.02429377108485089,0.042292083493781066,0.08942411634475682,0.06063763114649247,0.06037880320524989
2022-06-22,-0.0038345208994991654,0.0024812460138330314,-0.0005066218481422591,-0.005627364649794735,-0.007670357120175793,-0.0024069899923094716,-0.012512916011009944,-0.004015858661335937,0.019299612536396654,-0.040376140211864316
2022-06-23,0.021344479272048123,0.03153073437129849,0.006744666066935183,-0.010999657094088474,0.018436539760885134,0.022384166725985585,-0.008286311086628743,-0.0043156097521520964,0.020475758686287534,-0.03062566730399187
2022-06-24,0.024221301548481372,0.03512809079637085,0.04981553690319986,0.029408666802790934,0.06940859878080156,0.0335795199087956,0.05404443866291938,0.04425503260828766,-0.008378031311478597,0.01963915748326114
2022-06-27,0.0,-0.02821501915746544,-0.01831888086094783,-0.008044504223743738,-0.003945071841267521,-0.010552115906068731,-0.015120162366391927,-0.003206786761701394,0.02001468620296998,0.02421535638190266
2022-06-28,-0.030242201272132823,-0.0527726431080026,-0.03358813004733004,-0.004823462747493338,-0.05337920207154404,-0.032263927902083774,-0.05401447790034519,-0.05133914578061633,0.005482660125110435,0.02736560074726953
2022-06-29,0.01293957016693132,0.01405345471235067,-0.0027356635231191927,-0.004499921293621348,0.020085740987129674,0.01463030736932532,-0.027917107813809936,-0.018100003611393488,0.014197300393908548,-0.03763930087641392
2022-06-30,-0.018192063681919415,-0.025195393281078386,-0.02482177212090931,-0.023606834295930114,-0.01654462693690987,-0.01326672496599273,-0.024951829016669647,-0.0177355774717728,-0.00404136862791,-0.02854706945122387
2022-07-01,0.016035130790274958,0.03105406439766482,-0.002071657639692577,0.012706429913550263,-0.007594762770712148,0.010650449563076956,-0.04286069564370499,0.012352524133575146,0.007313147719464789,0.022057602516621304
2022-07-05,0.01875346850832764,0.035330514810317494,0.04077590921727986,-0.003810918188110333,0.04973323021570824,0.012518648759505936,0.02991379977849342,0.025215114905161356,-0.023782678419173395,-0.03179657368014968
2022-07-06,0.00956127040119096,0.007286182647943523,0.011490881755281067,-0.006503101217044707,0.009350150662722663,0.012701900706591628,0.011032230381220382,-0.00573722846648063,0.019696223901107878,-0.018205145474000903
2022-07-07,0.02371621095492514,0.017341975999450154,0.036094852656681324,0.02497821953067727,0.014154071590056216,0.008193047765495044,0.04699452444519502,0.05380522947187794,-0.0017675380696819338,0.03144107605336694
2022-07-08,0.004703437872711374,-0.006814197291832153,0.004791421136029384,-0.003142935739477662,-0.007637069105598237,-0.0027607624242627026,-0.001261840708885951,0.02511707828484195,0.008228399372003037,0.001627644253492387
2022-07-11,-0.014867925228818775,-0.03335256478334072,-0.031292192015693596,-0.013203489141026063,-0.047948009824601505,-0.011838637544855642,-0.04427959959652404,-0.06772231414560198,-0.003244482574893149,-0.005124603669330097
2022-07-12,0.006810699443346889,-0.022900025593117632,-0.014419280471066687,0.0009744054648017779,0.0023918648769610945,-0.04184475713221152,-0.004630613183243783,-0.005448427397798375,-0.004906263183763643,-0.013401040505688199
2022-07-13,-0.0025398870860412637,0.0107459397638012,-0.023668461476358617,-0.009427189509790363,0.0013464212657605776,-0.003752125243475296,0.005422269615432336,0.016890005886123306,-0.02595492442674906,0.004015516925582404
2022-07-14,0.020275348916680144,0.0020811275557193875,-0.008894043372385614,-0.035563911817942016,-0.03384064742347759,0.005367069625690753,0.01362347636134341,0.005357484236889209,0.00237142904074926,-0.020241007321784975
2022-07-15,0.011385200772848852,0.026052020207380393,0.012694501440162625,0.04481391935189223,0.04121452756696113,0.010336769651408268,0.025054279260721353,0.007330299130864308,0.05294866149328415,0.01669883298464174
2022-07-18,-0.020859472705466276,0.0018476894058662332,-0.024887277583105067,-0.01032297308243333,0.015244405770811929,-0.009667999853238247,0.021279513045788227,0.001997430616818738,-0.019788755625310357,0.01828440339619072
2022-07-19,0.0263713814739802,0.0383717111840348,0.042907358266804294,0.02447651720891998,0.049863011038235455,0.020554233350192255,0.05386111124823193,0.020505045463666282,0.02674895407573496,0.024890965152572896
2022-07-20,0.013419235223885452,0.037849962832112935,0.0007906280536792455,-0.00017450246112561986,0.04074455647263808,0.010502288577752086,0.04684891723354825,0.007991447618970264,-0.02655653800272808,0.010929068383247736
2022-07-21,0.014981515428575431,0.015036666950921374,0.0038555420490477056,0.006786849769709559,0.00043691206583243853,0.009751349779306322,0.013554231979090958,0.09331246499887616,0.005739727479620432,-0.01683723736533018
2022-07-22,-0.008143752522630743,-0.017891585334626356,-0.05797161908862684,-0.004868262987412103,-0.07891957363177918,-0.017060824971519725,-0.0413415765104426,0.0019732780255828208,-0.0020120825555565874,-0.007664576946214779
2022-07-25,-0.0074257968994514935,-0.010510843951367622,-0.003621020862023966,0.004000617193218082,-0.01559921236851622,-0.005893532575574356,-0.017180078366366133,-0.014093787954092982,0.015339923357287757,0.03275988454694122
2022-07-26,-0.0088658513670996,-0.05366832967343516,-0.023433224960076483,-0.015745747950606515,-0.04604881843349589,-0.027139341216703486,-0.029265763730574157,-0.0363152186530825,0.003996279725829887,-0.0038972589335460107
2022-07-27,0.03366212577232755,0.05226402422174665,0.07376795287706724,0.015919293579043675,0.0634778125928019,0.06471195222278393,0.07327818094597768,0.05982904612856656,0.0056648842743586,0.02141352029522971
2022-07-28,0.003565101493149054,0.0107708959770675,0.010207818803785301,-0.0037383603576916042,-0.053661132985731684,0.028141061632749462,0.010845836184461912,0.021882347827174065,0.01278711086506991,0.011617538529543194
2022-07-29,0.03226701723558709,0.09859082981024253,0.01821867085622466,0.0047790021237693265,-0.010130677927447287,0.015543606990682633,0.009904324422231842,0.056238328890716484,0.001568555066907125,0.04526811583957154
2022-08-01,-0.006172640860746285,0.003255181148895761,-0.012631006965244855,-0.010018706280894185,0.005203056057837807,-0.009771747905481225,0.015189934776786311,0.0004262206792024022,-0.012916457864834809,-0.025601103085191056
2022-08-02,-0.009330800392723609,-0.009126353187385704,0.0023477691425414465,-0.015708072612546555,0.001624484639743626,-0.011540727868118026,0.004598383408339234,0.011072869479979633,0.00014939424896768174,-0.004348788669969999
2022-08-03,0.037534550499139056,0.03917484597170419,0.02530050903474925,0.010440621302402923,0.05235397773307646,0.027456060761991318,0.019616336723853826,0.022402858626649376,0.009646157882903909,-0.032960317676939556
2022-08-04,-0.0019281706364744744,0.0216251677554199,0.000931190489865082,-0.011063539079339792,0.0104311937352425,0.004168636673301296,0.016899808711064574,0.004014952135593356,-0.012844799806291045,-0.04298943931685709
2022-08-05,-0.0013899117357320187,-0.012492693140300751,-0.006110492096607031,0.029811137786251968,-0.02049343403306267,-0.0026122520733537842,-0.01183115508685275,-0.0686033118290163,0.002451201613560443,0.014347821340103402
2022-08-08,-0.0029072428773095414,-0.009921207364734218,-0.0014482657753503705,-0.012255155529599066,0.018615605736566586,-0.009197053702679491,-0.06505490405514139,0.007789020718917544,0.002874116610452145,0.005636738978572974
2022-08-09,0.00030324423963469077,-0.011398203042398835,-0.0057282656845920035,0.008967122325523692,-0.010154109606238778,0.0070386207799442045,-0.040546112927829905,-0.0247155543645267,0.0012292050465725476,0.018269661958478664
2022-08-10,0.025857632257334187,0.03465340706112098,0.025982062233257282,0.02575327897551903,0.05657810219552688,0.024009689982583418,0.05748714032234723,0.03816806100817755,0.0008559686810185252,0.009448403673679898
2022-08-11,-0.004441546950092179,-0.014471032455294032,-0.007210550877231859,0.014673482367948963,-0.004777512565498785,-0.007428178090858398,-0.008601669890326097,-0.026599955270312264,-0.009079025054483793,0.028517572515270165
2022-08-12,0.021199177529786284,0.020479998229218345,0.023616615752316255,0.016428379445749673,0.01681632266539451,0.01689383336106924,0.04186009076561933,0.045690263130780645,0.020138457591683697,0.008654347082965079
2022-08-15,0.006313486776802062,-0.0025808990121560286,0.003281857282054014,0.002698320087224086,0.002158287701872856,0.0053298359843814164,0.017117367548200937,0.030493897831355556,0.001727474520574341,-0.018034030495245636
2022-08-16,-0.0009242060605531173,0.011112811619446402,-0.0031174672545479835,0.009508804209271355,-0.007880877150551422,-0.0025932621716824506,-0.008071682072541973,-0.008952025876518947,0.002713773760466123,-0.009359169845219133
2022-08-17,0.008746150814807962,-0.018684262378250237,-0.0178243095014196,-0.00844795432746188,-0.02607963224480321,-0.0026395472971562266,-0.02923849101661124,-0.008407578354357605,-0.002053189031179927,0.008058426987116533
2022-08-18,-0.002294395662016476,0.0014064484864398943,0.005172624343570187,-0.007779405708501868,-0.001087109144839084,-0.003955346401904056,0.023607931260583113,-0.0037131047703819653,0.0004039081012913956,0.02336898373717689
2022-08-19,-0.015216804850940721,-0.02901859297383289,-0.024940137502672977,-0.02505650361574688,-0.03911556198498502,-0.013950685739160272,-0.05047219426547713,-0.02069451464936621,0.005669668586094813,-0.0031835542351866222
2022-08-22,-0.023298846668643503,-0.03691702741982209,-0.025665677656580746,-0.016659879752781624,-0.029668897514163503,-0.02979494792721843,-0.04673605712619168,-0.023027123255798403,-0.00686250317731357,-0.0007442041166271234
2022-08-23,-0.002030963007757244,0.002998007806707862,-0.0033319027383412908,-0.009905871367046837,-0.011969533788712057,-0.00472756546243711,0.008592890468097868,0.02230781558771273,-0.01623581534156156,0.04156616556936532
2022-08-24,0.0017921746709597404,0.001346256547678855,-0.0014941506245679118,0.0024209705520861218,0.013256488081060891,-0.002354044228276872,0.0023832588592484216,0.0021677745650455194,0.0012314070596088369,0.0059009353801538975
2022-08-25,0.014812373318050642,0.025676456345101635,0.025702477955736172,0.023470195325769896,0.033252205752923036,0.011034120529054585,0.039338966043045126,-0.0034616690754643124,0.009480392268469659,0.005159992050580081
2022-08-26,-0.038427863430853915,-0.04873552390255167,-0.05561156152288503,-0.03327638027367916,-0.04235865692196223,-0.03935120366005634,-0.09681842223246516,-0.02732301898385137,-0.02301159427759405,-0.012388300443515538
2022-08-29,-0.013784962381080191,-0.00736939497405998,-0.008372723542219554,-0.0024447835230818993,-0.01626467456674521,-0.010725102593459664,-0.028634882253247427,-0.011415491099770154,0.0009819940619019034,0.02272956164483838
2022-08-30,-0.015424041144836066,-0.00820055348874808,-0.004396234033586904,0.00017495170044083713,-0.01270825744056026,-0.00855772462917687,-0.021299788257537134,-0.02531598923616216,-0.013167429513471171,-0.038797455457968116
2022-08-31,-0.010691800449301063,-0.01534276001209404,-0.006631193915482075,-0.005961383403313983,0.03605626862753163,-0.005720207064274801,-0.024476142065590106,-0.007554668468041173,-0.006735970439026,-0.007503990599519293
2022-09-01,0.004695904725819063,0.008248627364462172,0.013947713724990604,0.006834802186668052,0.014804144706534073,-0.004100592493481286,-0.07975003238944108,0.005608200169827373,0.00895213348875606,-0.01815744025863425
2022-09-02,-0.013704874014096657,-0.002428212185707223,-0.017372505142800573,-0.007010652199995692,-0.03095308618957663,-0.016807242260434164,-0.021027584537981765,-0.025395567131662106,-0.0147070076460654,0.01815744025863422
2022-09-06,-0.008248713221657352,-0.011040262841267292,-0.00968990559893445,0.0002638003774509496,-0.011164930251625368,-0.011034624302867755,-0.013425815785161343,0.015460425583855752,0.0025725654205070313,-0.006717776835858105
2022-09-07,0.009211227155223373,0.026371849253352748,0.024416218169697922,0.018812534179835524,0.011601405559711502,0.018931195036434045,0.01862046055942907,0.03325755641840769,0.007697130816276931,-0.008567294871933459
2022-09-08,-0.00966466955993731,0.002622535962612139,-0.009824157181387625,0.023028771197349522,0.010358441618228959,0.0016647341833285125,0.01992554619971671,0.019408586563541073,0.01111351191927482,0.008145999917181517
2022-09-09,0.018664911877641802,0.02622824562673727,0.020728541884457313,0.0047945288849400875,0.04281912698812644,0.022716979557891186,0.027982132595734458,0.035389242849343666,-0.0028946499558404728,0.0166138652868888
2022-09-12,0.03778480661354719,0.023581047138634757,0.0018959250114220533,0.011762521275968758,-0.0011236719949363526,0.008246758269728767,0.008168590549557302,0.015693156705112052,0.013092165671728202,0.011436870346318021
2022-09-13,-0.06047167600504201,-0.07318946892343868,-0.06080493128522142,-0.03536682845883243,-0.09837496133721971,-0.056547344338278585,-0.09951766937464519,-0.041209445573060305,-0.03308716972013175,-0.023635331560744793
2022-09-14,0.009509993398360807,0.013549201586232946,0.0064972824480580855,-0.0023226081485316313,-0.010899675742827407,0.0009122025553533714,-0.000228496666238928,0.035245873940170286,-0.008185712994112453,0.024249823001252085
2022-09-15,-0.019111397825683007,-0.017816303428596674,-0.020105548245824906,0.014958268025146198,-0.012756825537377368,-0.027493625830967306,-0.01527452267196548,0.0037601953268899466,0.025449723203468843,-0.029508623208934416
2022-09-16,-0.011020425539120953,-0.02201762235626526,-0.001069452028210142,-0.006724969421896795,-0.022039882744037936,-0.0026117082357706954,0.02059248245067739,-0.0013177201460770078,-0.0036209896243740306,-0.017230681778403343
2022-09-19,0.024773392183115524,0.009106029090597056,0.002622911870924766,0.009182389892580313,0.011756623228224928,-0.0008992256766734712,0.013845218211360167,0.018680537647816527,0.00484410862092166,-0.00010736574447826511
2022-09-20,0.01554411879966287,-0.020012830448643673,-0.01890270868314726,-0.01991604522409857,-0.013124695680616548,-0.008501621489356072,-0.01551348186342501,-0.001100668054834369,-0.001433605961863313,-0.008187635131082553
2022-09-21,-0.020475787551855782,-0.03032676622578613,-0.018561544667712593,-0.029259235153915476,-0.027550989526668478,-0.014541312829232916,0.00643035962591805,-0.026021592607865372,-0.020718036140808898,-0.01625007679401496
2022-09-22,-0.006395651806923983,-0.010430481377003758,0.00862512989266233,-0.011444112657095542,0.004913341060446251,0.008459685392373002,-0.05423065559383661,-0.041438568478665415,0.010451497307496302,-0.004187052400375938
2022-09-23,-0.015239255591559954,-0.030553234112175698,-0.01407915507522103,-0.018788899089580643,-0.01701817809911486,-0.01277938730780155,-0.003589006270695447,-0.04703665354268194,-0.0074683125542379745,-0.05468683023060827
2022-09-26,0.0022576278291439812,0.011968890924047326,-0.005789355078826164,-0.021767159664719454,-0.029195308808417638,-0.0019774648620215374,-0.023279401463615044,0.0024668028538151034,-0.010274281755178616,-0.020857397469844396
2022-09-27,0.0065449105789326225,-0.00644711979642255,-0.00684841930421545,-0.008841365691539923,-0.014551120756144122,-0.004389385565724906,0.015015755622621363,0.024797737333229056,1.972747842474397e-05,0.020740791458496118
2022-09-28,-0.012732445867490536,0.030980865018271533,0.025817921870188398,0.020015498038197306,0.052256339762845196,0.01951971768630141,0.025688570815419358,0.017065662059063912,0.010896983750019674,0.03574269425244203
2022-09-29,-0.05036656564015393,-0.027577874271049258,-0.02663864534067693,-0.017091011100917947,-0.037411786608485396,-0.01491966053370506,-0.04135855230475093,-0.07053030781738932,-0.009992580987073932,-0.002027579188822487
2022-09-30,-0.03049960178881661,-0.015803691756381338,-0.018335964754590102,-0.015760151314970144,-0.005365905361501934,-0.019558574131025453,-0.006650647192222904,-0.011097446407076914,-0.007476311314908831,-0.0155696109554938
2022-10-03,0.030289140096295377,0.02516733048685826,0.03078118833318828,0.030440832560325634,0.021365071716933214,0.033108408977037776,0.030264856717412397,-0.09008354847845335,0.020519116031584083,0.051453603789195015
2022-10-04,0.025300390267469306,0.043978891324203705,0.029960232619433164,0.04572202135804099,0.0119761487415549,0.033253290630560664,0.05102541587946419,0.02862918608137619,0.014749767472535107,0.03579636075598698
2022-10-05,0.002051211916901003,-0.0011568286989317087,-0.002068162754271099,-0.012423414482942803,-0.009310260366062799,0.0012848263305801511,0.0031846209490518354,-0.035210184423729626,0.007426859727702791,0.03961626692592623
2022-10-06,-0.006647998960313764,-0.005388563475942462,-9.857986941030595e-05,-0.020592974496964893,0.0006474878517764924,-0.009717935437047458,-0.005998675999542814,-0.011191467132615623,-0.015179017396694814,0.029229551848833853
2022-10-07,-0.037409380549044725,-0.04888996644735092,-0.027387963470413893,-0.020176128020979452,-0.04125085206063988,-0.05219142971674134,-0.08367977613912579,-0.06533110715825653,-0.027893113037174577,-0.010143179387952948
2022-10-10,0.0023526662467514337,-0.007799184311071454,-0.008344376038046906,-0.009385369939982633,0.002544499856792195,-0.02153326945378264,-0.03419845826510423,-0.0004932430962923407,-0.011935640173797163,-0.021915295098768835
2022-10-11,-0.010307648470809573,-0.01292739007238406,-0.006973068979643701,-0.029284476761078496,-0.04003122748615968,-0.016892039908334863,-0.007224004551866923,-0.02940186584357689,0.0019024234440135777,-0.008534839499773702
2022-10-12,-0.0046158661230243075,0.006130377153208065,0.0039027559342884746,0.016053138972121708,-0.008123761707139554,0.0015073259467069627,-0.007450388283162387,0.003412211010253521,0.00030014523635605987,0.004378065036820509
2022-10-13,0.033060349801951446,-0.0032826427568259787,0.015258001038928598,0.054102952690688384,0.02164634361037256,0.03691798341541049,0.03922075472014516,0.02041257160441261,0.019705958118702065,0.034352080562609626
2022-10-14,-0.03277129630521419,-0.05132600960921381,-0.02556107910748073,0.016503636549443583,-0.02746711684143723,-0.024547584151295373,-0.06324598257018248,-0.07845410579918498,0.00629521284181894,-0.02666027079081723
2022-10-17,0.028706887665605696,0.06246082010978991,0.03470555749194755,0.0411421215215921,0.05584269084839447,0.03849522013913405,0.05720754719610444,0.06770743117966126,0.016908313410861287,0.014313688884777366
2022-10-18,0.009365063834298793,0.022334186457693587,0.007970553391444254,0.025395472037500328,-0.009294000991489295,0.004075474075511129,0.006623477671277895,0.003822165646732409,0.0006321268087698765,0.0017874504422582622
2022-10-19,0.0007650426691474396,-0.011148202689094493,-0.011377232145767902,-0.019800814362084976,0.0032325864806346163,-0.008505768443183948,0.006994891598429836,0.008366694500343838,-0.003625726564588724,0.029231104553899663
2022-10-20,-0.0032723373438335885,0.0015630456934787908,0.0034066787543235847,-0.003266871613125982,-0.012841839839639936,-0.0013964321631860413,0.01179617377547692,-0.06878698522005931,0.0010756278926753354,0.0013480002595356888
2022-10-21,0.026699454446421786,0.03470527521216521,0.011536664715602099,0.051194440110406664,-0.011623644295433187,0.024966158430137064,0.022061024674343177,0.03395945997966481,0.02437050284830081,0.01839977948061231
2022-10-24,0.014694408793451134,0.0041816570199037775,0.013651252469396094,0.0012261534308197158,-0.0022328525784064916,0.02096651473720206,0.01061259661554163,-0.014987724107085643,0.01463766361657717,0.006966220329904196
2022-10-25,0.019153000717314645,0.006488657531862419,0.018937603929979008,0.00261139100818096,0.058318099984025026,0.013697463546113271,0.05120986239881754,0.051525211920993325,-0.0025515058166439056,-0.0067771766974832675
2022-10-26,-0.019822286950585914,-0.04182438724790477,-0.09585591431487525,0.011426063138657709,-0.057547452583714964,-0.08029550764172869,-0.02791020891305074,0.009931639962148882,0.0054458750361227855,0.0118301271174634
2022-10-27,-0.030939300710605768,-0.04148511663717591,-0.028962659536027353,0.003940280378612056,-0.2817939739906682,-0.019953753832119264,0.021479849287132566,0.0020011878357876823,-0.002525188418519676,0.0038193302468060514
2022-10-28,0.07283458311106394,-0.07046806314523207,0.04318734102998545,0.011807965407238179,0.012782884918588209,0.03943266727861827,0.04873225001611362,0.015123446596271723,0.017273257866394852,0.028867987267112906
2022-10-31,-0.015530441621450992,-0.009424419446504203,-0.018658779101220244,-0.0015875108678954698,-0.06281938522363341,-0.01598323085901939,-0.02466192917746969,-0.004297734947231046,0.007068126869231143,0.0009931006542760008
2022-11-01,-0.01769814349138462,-0.056733592543971104,-0.0436873736228616,0.017872371281345802,0.021661231233688745,-0.017206549170085447,0.0034024941502418366,0.0012298580156588981,-0.014222975258520827,0.009878063651850625
2022-11-02,-0.03801887918502101,-0.04945158785215439,-0.03945499557484205,-0.009250592286034733,-0.05018808067473444,-0.036008850701241255,-0.02421456852119704,-0.05801089494975556,-0.0071144339221352855,-0.020766282274755986
2022-11-03,-0.043330075904766924,-0.03109058271107464,-0.04155539440927031,0.0018097801087505186,-0.018166987026883973,-0.0269386006216479,0.015165404915855874,0.0015338580999043428,0.0003312224789784725,0.013502092592313832
2022-11-04,-0.0019495376108328401,0.018638216982674413,0.037060986084455134,0.026990915016582167,0.02092449830608342,0.03278237318803226,0.0533179851656287,-0.03709208198225607,-0.010057725245104865,0.010832080266181472
2022-11-07,0.0038946117015778645,-0.004958465035960488,0.021820696858067524,0.005266278255780858,0.06327106460234208,0.02884953189499291,0.010190859348208691,-0.05137700982212229,0.012647941432931917,0.011772736241101138
2022-11-08,0.004166538930032982,-0.006093813282808144,0.004622661628588886,0.0006087017656215319,-0.002588146722674402,0.004378600902483008,0.020829034461782525,-0.029766854567743133,0.014625901637888114,0.0031627594120704
2022-11-09,-0.03375328180845722,-0.043613588180190316,-0.01793273737797381,-0.013094018979676068,0.05053102763794413,-0.01923378326572842,-0.05823059008621792,-0.07436539035358274,-0.022657995744099275,-0.045768305480625215
2022-11-10,0.0852364644554798,0.11491535104712981,0.07307681919870547,0.040334690314655086,0.09757426401673008,0.07905879925153773,0.1339123715054627,0.07132888823212645,0.006471446063772514,0.014585416117389791
2022-11-11,0.01908548901455091,0.04214992986278232,0.025953703857082032,0.0016271415899349378,0.01022726705840518,0.016854514674405546,0.035980015995276955,0.027155202242509627,-0.041440699482253436,0.030744191770932003
2022-11-14,-0.0095307012110025,-0.023084154958510447,-0.00739185872140478,-0.01032627636758391,0.010561606002153388,-0.02275701188029202,-0.00196213189466224,-0.02594999483044167,-0.01608412453366353,0.0029151742346483294
2022-11-15,0.011799296503477283,0.004558631983396615,0.028229110275840824,-0.007270132628437258,0.02473113802317435,0.0017370656558210434,0.022512409507278366,0.018009160285334423,-0.02112693551042998,0.006681252058231184
2022-11-16,-0.00836592219442342,-0.01856627488370591,0.004156465160480388,0.0013531981880867997,-0.03343628854550558,0.0018219594597966272,-0.046422899397335946,-0.03934004993858786,0.016776619781832945,-0.010747082807690187
2022-11-17,0.012887834296141437,-0.023650675297741616,-0.004969504814939658,-0.004366653869649412,-0.015845144176272495,-0.00020692244939252786,-0.01475297937000883,-0.020266034660649707,0.007381949344283709,0.0013276447935529215
2022-11-18,0.0037747042719524187,-0.007513650804188213,-0.009500079901319208,0.009760648930764575,0.005369167871419721,-0.0019050215966789398,-0.017242938076176686,-0.016402810087859467,0.028108350894325423,-0.008705728002899107
2022-11-21,-0.021918513242873763,-0.018006920831346168,-0.018961308516184546,-0.005919976008592389,-0.01973837942250364,0.0034349235765667625,-0.005988400321820063,-0.07082202204033466,-0.02446663855518514,-0.009952867156219751
2022-11-22,0.01455455483919325,0.007971580289157953,0.015053572476546418,0.014845770143096935,0.014279571663732607,0.01223625079101487,0.04599750745416084,0.012079065403443036,0.011343330050558284,0.028515995567758315
2022-11-23,0.005908975390470405,0.009929087433161624,0.014423973177349128,0.010607195092112323,0.007153119367360553,0.010353244138092833,0.029550318953296167,0.07530952893106566,0.012576084945328157,-0.005004570548614504
2022-11-25,-0.019788047465707972,-0.0076783312910851725,-0.010208260505007775,0.0019033294118973219,-0.007422501741518988,-0.00036371347095872584,-0.015188316447023538,-0.0018575995078746789,0.01482212723348542,-0.0035269453703697553
2022-11-28,-0.02661538399382567,0.0057642482872482335,-0.014573214860052414,-0.017633066002976167,-0.023889559763742782,-0.023424576138199277,-0.02760559353750932,0.00032805270562665304,-0.010001018577345065,-0.03049305948491056
2022-11-29,-0.021375077769286543,-0.016419307746887702,-0.008993900091549644,0.016315898446687935,0.0062317564874583,-0.0059325621208510685,-0.01194943031124809,-0.011491515256992131,-0.008054515180926248,0.006625947915071346
2022-11-30,0.04745000723053576,0.0436140540859465,0.05914661613426174,0.011792995166472434,0.07597254410798124,0.05979939627239325,0.07916166660427336,0.07390252318127676,0.03674076801979532,0.007211042081064998
2022-12-01,0.0018895296157632865,-0.010831192229061232,0.0,-0.014139095405314002,0.019619880861151486,-0.0017652416079705206,0.01244943987389266,0.0,-0.02000688323913205,-0.004861719814439318
2022-12-02,-0.0033767887643772745,-0.014449471106160492,-0.005461198400142595,-0.007958864779722869,0.025008506572106164,0.0012947781897583914,-0.01523082608470409,0.0008214584254523483,0.0016802778173680693,-0.00851992587648606
2022-12-05,-0.008015376006978726,-0.03370736231877925,-0.009603903429338647,-0.028441485007377816,-0.008620751947337997,-0.01908133560794312,-0.015887524632291216,-0.06580520897353867,-0.002090865439954047,-0.027780898351016985
2022-12-06,-0.02569710192699665,-0.030795718248338627,-0.02545169769823531,0.0016731815646260965,-0.07028887211198767,-0.02051268934140028,-0.038228883290504,-0.01451975486845227,0.007967453814338143,-0.028189651088735935
2022-12-07,-0.013880650225850505,0.002376766277155038,-0.0212595981298492,-0.0006840787916871647,-0.0016663090346894626,-0.0030645807864895357,0.008284879083056536,-0.03267127201155782,0.00663431396324551,-0.0022164187240823925
2022-12-08,0.012059448195716556,0.021140538059143867,-0.013040240757616553,0.010439675927951943,0.012213265961292538,0.012323219063917009,0.06304460140030357,-0.003453386948248274,0.00918563587861391,0.007401494255253328
2022-12-09,-0.0034408159913786266,-0.014043946522882085,-0.009435078603082316,-0.0054331960662386625,0.00493025483080638,-0.008035597054946159,-0.009833254274472797,0.03183338116095202,-0.016042612914321134,-0.008463360468872878
2022-12-12,0.016257063052772455,0.016255164405059676,0.005157371449680813,0.015392430680779631,-0.01032068755272489,0.028479924869913055,0.03092681676808836,-0.06477309340338366,0.012276092990116708,0.024329842492863785
2022-12-13,0.00675953319139372,0.021198289437405628,0.024559269324237396,-0.0009691208713781569,0.046333979225269675,0.017313981928562962,0.03016484307456954,-0.04179828130131225,-0.014095303886604127,0.01087466074931436
2022-12-14,-0.01565784622919459,-0.009887580246293281,-0.005873020543030651,-0.005009484922250846,0.011913598995224862,0.001166901201817029,-0.022269036367687265,-0.02612261140486262,0.00025996860310828485,-0.007393252828096605
2022-12-15,-0.047987514327574685,-0.03477554111983318,-0.045293509387075784,-0.025123734178436653,-0.04577216524571864,-0.03243875940645333,-0.0417091762638739,0.005533102257132837,-0.02003736208347053,-0.00962707179335495
2022-12-16,-0.01468582607992679,-0.006692740608663019,-0.006625551884529125,-0.0062453843110194,0.027848115334049975,-0.017500845829529786,-0.02273154588584028,-0.04833680500131505,-0.0075709079310213945,-0.007042853185906971
2022-12-19,-0.016037575202734296,-0.03403503022155705,-0.020370181520427782,0.0059377614979682644,-0.04233038719751611,-0.017480004205625174,-0.019314934550674658,-0.0023992055582815475,-0.0001909278932920049,0.004478836678144228
2022-12-20,-0.0005290826730650797,0.003174469440173832,0.006536830803157232,0.004832236828553584,0.022542738849785773,0.005598797178794143,-0.010451961726293573,-0.08396483835074355,-0.006495496458765703,0.014349309251965684
2022-12-21,0.023530595608357602,0.018376816404560806,0.006270915380241851,0.011185295275783554,0.02254681899340983,0.010817861240436637,0.02553356166169792,-0.0016704490129968075,0.013992101358620775,0.012759124476137876
2022-12-22,-0.024059841003731496,-0.034947221566029855,-0.020526236144831376,-0.011414754653857537,-0.022290765488921692,-0.025860116516985533,-0.07302215108800855,-0.09302311928148893,-0.0008532039905488494,-0.020380121089556204
2022-12-23,-0.00280211938069838,0.017274436611979943,0.016611546325171082,0.004734010751440138,0.007824466325684393,0.002264542453372814,-0.008708428897896263,-0.017706675474399133,0.007974180944107755,0.02610142141366078
2022-12-27,-0.013975519559807461,-0.026265685720911106,-0.020836556687153424,0.0034976460621721824,-0.00987572021997926,-0.0074420014858330675,-0.07402712284821099,-0.12113825810398889,0.001279019397936742,0.013798290452321114
2022-12-28,-0.031165673521713608,-0.014800721671305868,-0.015800822863007446,0.005450659585890025,-0.010838612296258819,-0.010307822758180806,-0.0060375009706761665,0.032553261278161744,-0.006676602276338771,-0.01656273517932585
2022-12-29,0.02793057181673641,0.028435658196292006,0.02785737043607204,0.005720965123940665,0.03934698906093085,0.027254980751720677,0.03960156091615425,0.07772640277207259,0.002702556494673854,0.007537632955962208
2022-12-30,0.002465779613587995,-0.002140568124387558,-0.0024900836290956824,0.006583963498616718,0.0006649734422008873,-0.00494977920882642,0.0007529362611266704,0.011102159833173808,0.0005659506996023854,0.010022838678615316
2023-01-03,-0.03812214832815221,0.021435277164066735,0.010036580006716691,0.00757755402331983,0.03591047558825649,-0.001001169118041258,-0.020672158409954774,-0.13058999220665155,-0.022006584134348958,-0.03496492282783167
2023-01-04,0.010261329492623138,-0.007955122776173124,-0.011738303689410439,0.009281857135269725,0.02086463340174945,-0.04472875019692291,0.029867343837905333,0.04997884108534127,-0.027642149462562934,0.002906169719233678
2023-01-05,-0.010661233483766769,-0.02401157339665977,-0.021575176831490513,-0.0002216568393417422,-0.0033817434417570905,-0.030085935589022953,-0.033366260184163304,-0.02946907696009933,-0.02924403751483439,0.022127445857589714
2023-01-06,0.036133433515968226,0.0349917378504728,0.013138212923967807,0.01895463971264543,0.023973783316157737,0.01171633952762428,0.04079687087615843,0.02435215499827936,8.161915878249729e-05,0.012014392080497968
2023-01-09,0.004080370680324405,0.014760401298199752,0.007755462763916054,-0.004140824509695133,-0.004238968998656829,0.009689547189402944,0.050458355534120716,0.057654579278002493,0.00012254959173245192,-0.018813214840147828
2023-01-10,0.004446672447076189,0.028326693248784427,0.004534215411143719,0.008914293692890414,0.026824676287942488,0.00758819093806592,0.017820712926808955,-0.007711027963739906,-0.008319301155017809,0.014824304625451843
2023-01-11,0.02089236120709858,0.05645956080731301,0.03445926220774514,0.0074037828975319605,-0.0007523870231580044,0.02978987297363735,0.005766107520075832,0.036109204525613114,0.015111601123587467,0.011559905869797774
2023-01-12,-0.0005994310642792864,0.0018911574433712077,-0.004270402777382769,-0.001003029498407634,0.02834038133592238,0.011554613042089847,0.031376008420059685,0.00275546279838757,0.004590223310655929,0.01647491115924247
2023-01-13,0.010068201884510096,0.029476316899670684,0.010805119069944144,0.024921507175813762,0.001972846368326881,0.0030140770082470103,0.023227534340889613,-0.009432465746951967,-0.012382894874896728,-0.0006185686283322262
2023-01-17,0.00871820754320294,-0.021322326395198637,-0.009051025793184224,-0.015574123640437806,-0.011896795568569096,0.004670791704957034,0.046422970832612834,0.07163646233055776,-0.00921380823224153,-0.0019462096947103738
2023-01-18,-0.005384273525691877,-0.0061616190001011146,-0.0018639002471970852,-0.030502967497519278,-0.01743848563524091,-0.019069831065257597,-0.01853004535075714,-0.020825332244057446,-0.01839191432836441,-0.020757606667017686
2023-01-19,0.000443364700080606,-0.018822579439957077,0.020959702994156053,-0.013416395900230462,0.023257724062177524,-0.016590724068463535,-0.0358540121393737,-0.012580752996881307,0.016906556882345804,0.0063983816681043556
2023-01-20,0.01903866908665917,0.037400259951453026,0.05203461609090546,0.0024462368759904226,0.02337505749462818,0.03511952107802681,0.06209369413279397,0.04797727392320426,0.004860652019489,0.018071359726920193
2023-01-23,0.023228407695577293,0.0027724682514327437,0.017896488037052873,0.01608237859095789,0.027598645629597972,0.009776335846564163,0.07315854049295002,0.07457364612008015,-0.0018714927372294212,-0.005218584599903163
2023-01-24,0.010012881816195196,-0.012381472357830799,-0.021166437574007223,0.008559489082851179,-0.0009078417681225059,-0.0022285619034075714,0.003744244835998768,0.0009734348560736818,0.011847875264633583,0.00926881558907098
2023-01-25,-0.004711921731995965,0.008888953725914,-0.025711510885533074,0.004827623426101539,-0.011523301590452544,-0.005925679583581697,0.003006188813966577,0.0037457958683397114,0.0018290378741573207,-0.005285952553556494
2023-01-26,0.014694743838288681,0.020774687057825685,0.02386740514783554,0.006162875965929901,0.04017182262179957,0.030251575493797943,0.024486731787456893,0.1040650092615062,-4.0667934675884706e-05,0.039404167998638016
2023-01-27,0.013591436494040224,0.02998335055905419,0.018792775596870905,0.0024257931863168824,0.02969681021904497,0.0006448579163902751,0.028034919574865202,0.10436164069972145,-0.013142314204690676,-0.018426262490567887
2023-01-30,-0.020282118213673938,-0.016667823165641346,-0.02475806324605473,-0.008516621843527332,-0.03132801909164258,-0.022206549333649735,-0.060888573402724425,-0.06526572943550507,-0.0005351589784852601,-0.017891195813160152
2023-01-31,0.008980367338685728,0.025335155126435763,0.01941007710304005,0.0059479584729644295,0.012904579019369028,0.0207950259252975,0.019381135886333355,0.03860663902242871,0.027210386456900718,0.021345124103901263
2023-02-01,0.007869687958289327,0.0193976149644124,0.01595860629800979,-0.002647320102092809,0.027476900075647463,0.01973876877784567,0.06949419188002288,0.046197213190127824,-0.00439670541658586,-0.011007780601711788
2023-02-02,0.0363922197742797,0.07120315696615197,0.07026002571978718,-0.004667330395907523,0.2093074973374677,0.045818347177757145,0.03592225986219728,0.03711744228973266,-0.05409299551086963,-0.03178779113912822
2023-02-03,0.024106867917405267,-0.08808283393109906,-0.02785806769051746,0.015356096023244533,-0.011937363798771547,-0.02390405773747867,-0.02845401904212661,0.009041655543147504,0.002524297220440633,0.006903557276983852
2023-02-06,-0.01809136268333792,-0.011772272805910223,-0.018105156289708168,0.005865221603747675,-0.0025227341916573974,-0.006134473833141802,-0.000521065889650062,0.024849222136681733,0.006798629573260033,-0.0016991947193513918
2023-02-07,0.019062132842268514,-0.0006852973444615529,0.04503463240070626,0.012116341912669122,0.029444864194960313,0.04116295105272989,0.05012373213005484,0.010470780820742525,0.0034448551179017085,0.02815110908415634
2023-02-08,-0.017810694992294297,-0.020380578012770365,-0.07994205429526323,-0.007055695264421161,-0.04368108753485702,-0.003106859755079469,0.001442068274870857,0.02250783702828191,0.01320721873014353,-0.00873999059255658
2023-02-09,-0.006935591530336411,-0.018256648878253772,-0.04486818136596793,-0.015686099326522932,-0.030499122211192206,-0.011728408109095145,0.005927043083967284,0.029516907690852447,0.005180888755288868,0.0037676517368293934
2023-02-10,0.0024532737645991277,-0.006433489213979958,-0.004641865675382465,0.004405652284965777,-0.021417021418823498,-0.001974162773800114,-0.04918199336591758,-0.05161833459581209,0.01738849887276491,0.04128716995968161
2023-02-13,0.018632195748421516,0.019579629188155288,0.0004229754325567763,0.010789351017660945,0.029868264571429166,0.03076462026889341,0.024296767975326997,-0.011493498714308886,0.0022232574309020954,-0.003897388839689846
2023-02-14,-0.004233800450600109,0.0016060637303953276,0.0007396548389789761,0.004409242378072466,0.0002785120270737593,0.0031281870846996806,0.0528733903340506,0.07237801403011461,-0.0051003028641941695,-0.011783995524287006
2023-02-15,0.01380756564662595,0.014537811644538115,0.023589353523759855,0.004181253092265995,-0.013010332811270068,-0.008025220962564314,-0.009052459896818939,0.023567198213512965,-0.00321119227308544,-0.003010902021505557
2023-02-16,-0.010484187599764256,-0.03020652173405669,-0.014861311934781166,-0.013864480269778665,-0.027003912467927348,-0.026983194112572266,-0.03404683455866341,-0.058631243213632354,-0.007970571990711259,-0.0029336183832846855
2023-02-17,-0.00757517980466359,-0.009726256199159738,-0.012219669086742631,0.002956759878092884,0.00254828904095232,-0.015724956063437358,-0.02830323740897758,0.030561678706295534,0.023783851973762243,-0.03921018675051964
2023-02-21,-0.027042397992826383,-0.027324623494127318,-0.027507902638282167,-0.018519717228799755,-0.004638191309607915,-0.021107924869425455,-0.03487276687759538,-0.05394722804913025,-0.015691241709635352,-0.0009890423322930985
2023-02-22,0.0028919853843618532,0.012712248376870527,-0.0015263181175107477,-0.007692568364493232,-0.0055945205514748,-0.004601442213220393,0.004781537999962179,0.017528035977254008,-0.004937760490371149,-0.013037683622696977
2023-02-23,0.0032850798815582407,0.0003131233176392935,-0.008327143993052634,0.007978608252010879,0.005361920051802148,0.012878502946345143,0.13121602490825582,0.006006057267467943,0.005710944095105641,0.009162279324285469
2023-02-24,-0.018169488758433636,-0.024509991975448668,-0.019553822355985257,0.00898124633037109,-0.009637074450175542,-0.02202516933257497,-0.016102789124891093,-0.02601977738759486,-0.015082050750040444,9.026073952422226e-05
2023-02-27,0.008213822068683303,0.002776912318089041,0.008268136148227745,0.008689912261447079,-0.0050009790094870735,0.0037647580646480833,0.00919065203799015,0.05316324215501689,-0.0020875076250796917,-0.0018074571175076919
2023-02-28,-0.0034535842799469025,0.005000289230826088,0.002111950729947212,0.008335852944198018,0.031354108854860806,-0.00296265800765243,-0.012201294816146875,-0.009290230436857878,-0.015387128195541337,-0.005806162404513213
2023-03-01,-0.01434881057198078,-0.022103959704043146,0.0033254921686223416,-0.005596035750721518,-0.008726699536753214,-0.012709804278185395,-0.022564709452635074,-0.014395089751065829,-0.0015139040413866402,0.008876952206463937
2023-03-02,0.004121091411717327,-0.00043408483069996514,0.017987158031632967,-0.010436826330850295,0.006380363471245063,0.019462686221007393,0.02677719079689748,-0.060322654091468045,0.005205021900136558,0.004588805086605323
2023-03-03,0.034488058682430836,0.02962312838587694,0.017775687462093643,0.01819320433017992,0.05960960279018827,0.01650907831977745,0.024405813664688043,0.03545612908951283,0.0017987139148947302,0.01257739139067249
2023-03-06,0.018369822386630874,-0.012192056844170188,0.015679902339131527,-0.005864156366792754,-0.001891215256397819,0.00616991732810973,-0.014163963593105462,-0.02032754273314496,0.004628258077681159,0.008825412211369997
2023-03-07,-0.014602859425574027,-0.002135579508745822,-0.013440118901904573,-0.029848807891082765,-0.0021113471145038504,-0.010645554428300704,-0.011187923664275413,-0.03198003067013721,-0.014455554534988247,-0.019519789092649138
2023-03-08,0.008342755435854433,0.003947251242114423,0.004146615047240088,-0.005933126080360366,0.002489976270916671,-0.0017721969286365014,0.0376290339349939,-0.03089156736881823,-0.006945600022887855,-0.014711962321683225
2023-03-09,-0.01502700174876609,-0.017941053663252087,-0.020690227079413034,-0.05565688238310124,-0.017891639788701216,-0.005454126946806197,-0.0312938357677323,-0.05117763786639216,-0.01216478384938304,-0.007758721196996074
2023-03-10,-0.013975953093830538,-0.016614182739941783,-0.018475457591126756,0.025078008330458014,-0.012071123844880342,-0.014893290023879811,-0.020302064711443902,0.0030026831172517087,-0.0063449774279250755,-0.012447825311670426
2023-03-13,0.013178551549114173,0.01856350439768763,0.005282234581345335,-0.018120624209395177,0.0077136420066596795,0.021214334573078655,4.3525728851571376e-05,0.005978365078895034,0.007251224733880083,-0.011571501073344556
2023-03-14,0.013990938604372402,0.026161301723076753,0.030908254815132104,0.025352211766743384,0.0700166551031696,0.026696285743968696,0.046660509933692015,0.04909578215581386,0.0019391272935434065,0.003747494933910649
2023-03-15,0.0026179469556217865,0.013816419647146834,0.02251764483912483,-0.04839663225167599,0.019042336059044124,0.01767357109630522,0.006833804581033966,-0.015452165385496644,0.0018279362228877164,-0.05102765907907635
2023-03-16,0.018521615882532986,0.03914078921242492,0.04287170345917273,0.019227649066504465,0.03566490579842425,0.03973611010752676,0.05277588793962314,0.020188342220549882,0.014059650343184066,-0.005822842040950222
2023-03-17,-0.005468932011246428,-0.010955473953869753,0.012875368361572307,-0.03851411212613508,-0.046545697253854976,0.011626499545072144,0.007178243135365905,-0.021963216854791676,-0.005353224660902608,-0.011848683279582984
2023-03-20,0.015365060547469249,-0.012610742620752338,-0.0039440771407654495,0.01051582766986361,0.011184242113542261,-0.026104464174839536,0.006779795417234402,0.01717250122413543,0.015764450083483587,0.02580588834889825
2023-03-21,0.011873378034553538,0.029247763784060337,0.035901798330332316,0.026467728286035712,0.021752494017459347,0.005677546651030395,0.011478190178556117,0.07529223411697607,0.006561778512469188,0.04382790008090878
2023-03-22,-0.009144962623815424,-0.019166746850565873,-0.014883374158368297,-0.026153137573466923,-0.01169263041712588,-0.005457105322460066,0.010215236185337024,-0.0330851466718186,-0.009585325263396442,-0.023154785817348606
2023-03-23,0.006945179241468132,0.00010133363497333344,0.02134369408218836,-0.002676887531694579,0.022124628552109858,0.019529681175976907,0.0269495046272081,0.0055821275337720674,-0.011867895785014421,-0.011346234353489939
2023-03-24,0.008271369842143899,-0.005893146925693497,-0.0015164321379101341,-0.01533299172652022,0.008433236270069732,0.010425835666762157,-0.01526808419685312,-0.009460894526444498,0.012855648661332987,0.0011598595869950002
2023-03-27,-0.012369368894864247,-0.0009175342309671865,-0.028669555237639168,0.028257652342159004,-0.015507247669530953,-0.01504631574282704,-0.009303980850279907,0.007325624786097459,0.012339876734984595,0.021688954452422644
2023-03-28,-0.003988561826305938,-0.0081934405189327,-0.014055009948272367,0.003030607213035826,-0.010705701103341706,-0.004169632133457183,-0.004571282305147808,-0.013753472002494866,-0.019529729928615732,0.01239932448932988
2023-03-29,0.019597592595504202,0.03048493870739539,0.0035570262308708095,0.0020151648322435374,0.023004170156888697,0.01900223597484822,0.021501436561921078,0.0244876221590413,-0.012755994584248111,0.017031130464310856
2023-03-30,0.009841446710094211,0.017305747097592427,-0.00494372988910689,-0.003024304248128241,0.012052630008808261,0.012540870079524135,0.014678315160457601,0.0071949836717746535,0.007409268340440989,0.004852348484487451
2023-03-31,0.015522918642781929,0.012567761597929928,0.02776072620669843,0.012043674722551408,0.019534622191280885,0.014851081651169638,0.01428599140364867,0.060504162532241994,0.0053678070149894,0.001551515643433779
2023-04-03,0.0076723505303643615,-0.008556175035560798,0.006054973533905612,-0.0011516225002990205,0.005317533413904579,-0.0037180317114595095,0.006745434280936586,-0.06311918518816903,0.044691865697823685,0.057325588418873134
2023-04-04,-0.0032550723017321717,0.014925585099441625,0.003443647444234477,-0.013458455302510719,0.007714026548935891,-0.0001743055430142436,-0.018478357897765366,-0.011307735857578558,-0.0019037555090312653,-0.009604362133763913
2023-04-05,-0.011354816180443613,-0.027799874012424952,-0.0023900996731625237,0.0014898843539679792,-0.015204189319149377,-0.009938408650572146,-0.02105575700463894,-0.03734894534323148,0.031883583125810765,0.01698248291055947
2023-04-06,0.005481027682249724,0.009450740780884159,0.03711248943920818,-0.0010975061695131282,0.02161071425988419,0.025212195581009518,0.005786690052187038,-0.002482632348555218,0.007005571797072047,-0.016721429226899936
2023-04-10,-0.016101052074766423,0.001077222967143844,-0.018431090145307034,0.0032893606908377428,-0.006266671983955581,-0.007607516305696363,0.019848296543675467,-0.0029764508462149673,0.00461092883986378,-0.004442899777158879
2023-04-11,-0.0076203360116784006,-0.022268227189570028,-0.010293250253077039,0.004914129604923253,-0.004199729526462496,-0.02292942395124195,-0.014978069986573198,0.012281322445656457,0.011176124027665817,0.007046892721031539
2023-04-12,-0.004362594885861533,-0.0211385503060785,-0.006762312874435823,-0.00015586768927245375,0.0007011209659665199,0.0023309600877204086,-0.025120757935098867,-0.03403263254550459,0.00042223941464317074,-0.0010410198742760517
2023-04-13,0.033534758333522215,0.04565543032053191,0.026313463263996945,0.0038060882798833825,0.029241251361418776,0.022151997875983584,-0.001208298427781523,0.029256539212836878,0.009623770030132886,0.004675417388636027
2023-04-14,-0.002116065837964141,0.0010736481279812137,0.013315339459116182,0.07279468532309728,0.005160203502006065,-0.012847866845531472,0.011085943535128949,-0.004853036816821088,-0.027824107780513318,0.002415711851987928
2023-04-17,0.00012097444649950815,0.0022411286119839928,-0.026998622683422117,0.00789790728886275,-0.011945307436081156,0.00925326925781582,0.009077490522928963,0.010966636750077955,-0.012662956025962133,-0.011701134117623163
2023-04-18,0.007476630878045616,-0.004291801457498827,-0.013969011449377415,0.011165226855573276,-0.004441799680834219,-0.0014901892322911814,0.024329523570186966,-0.014703352511066695,-0.0017231059508671246,0.019341011432316476
2023-04-19,0.0069441335487748935,0.01936168847711433,-0.003066796557727223,-0.0012735928789226727,-0.010101834349953768,0.00027768026219150677,0.009496703529183977,-0.020389861131667686,-0.036908196666612575,-0.0031689791502814077
2023-04-20,-0.005863285526313794,-0.0047091095790211925,0.010598189852777643,-0.0029077173518857174,-0.012267784341774862,-0.008145475772720798,-0.030055978483013154,-0.10254036525166675,0.002588153758045259,-0.008010066934672898
2023-04-21,-0.009829286119832857,0.02989264254702952,0.0011391045267183264,-0.0019191297686988662,-0.0008450927147100738,-0.0012241349671162417,0.0005534669387694611,0.012741333042302827,-0.007495113469411616,0.003194350825841516
2023-04-24,0.0018768348919710263,-0.007036666520682404,0.005298513627608876,0.0013507746133964633,-0.0004699413715668691,-0.014061315224413276,-0.002843339598948894,-0.015444550452118741,0.01052668215349326,0.01870172036293327
2023-04-25,-0.00948052545742468,-0.03487276836944828,-0.02020838614226504,-0.021983392665735936,-0.02493340026330009,-0.022793613759069638,-0.03006829579482063,-0.011633104865311444,0.00607634223724908,-0.014315067256592342
2023-04-26,-6.121386722123196e-05,0.023224398457013323,-0.0013491711980040497,-0.017882621924962712,0.0088740107620823,0.0699315784965581,0.026882738359965658,-0.04402465397224694,-0.018402944943092348,-0.009225525230435466
2023-04-27,0.027999906646554624,0.04507277127081395,0.0367291323210482,0.013368782249482177,0.13037448665114107,0.03152547622267468,0.009966569623076488,0.041032719267455574,0.015450972516524027,0.011882418106580028
2023-04-28,0.007512585198009721,-0.040605781087400955,-0.0023263406569175257,0.00864542695367167,0.007350563997539616,0.007940146744776647,0.019027461947376048,0.025394246651119615,0.0032975235519526213,0.012841784168408869
2023-05-01,-0.0005304906660596093,-0.03277395882406449,-0.0013050611208413041,0.02118608659385663,0.011830457076148647,-0.005548207391175978,0.04098775068428745,-0.015208459761728233,0.007309258301509746,-0.031503274199143866
2023-05-02,-0.006210585034827382,0.01536391753200235,-0.017692802203316215,-0.01627900933260381,-0.01633448151179356,-0.0004910107268835428,-0.02451122442524883,-0.009436987371174365,-0.004671074997149016,-0.040669329762269606
2023-05-03,-0.006488465913187764,0.00019301691085338006,0.000854115372686929,-0.02139061493570523,-0.009280596556393074,-0.0033124924591597074,-0.01456839452287012,0.001869644402715088,-0.008037889651021354,-0.019906101790278748
2023-05-04,-0.00996263923846834,0.0033710455381283566,-0.006853878133941406,-0.013772731702216568,-0.014918994596728406,0.00331249245915964,-0.008669915133445547,0.0036667412660127767,-0.0044230343650143045,-0.017666524827502927
2023-05-05,0.04585892153915771,0.015835527254169667,0.008370595640702784,0.01934649903418589,-0.0031739599865518208,0.01701147748552642,0.03976194936512159,0.05350549046047228,0.014263170154547677,0.02459144633596421
2023-05-08,-0.00040321195110780005,0.0016076240119395433,0.02062494882546173,0.002410308215977805,0.0021029711513272766,-0.006458672767663687,0.016289135221632767,0.01012145995502574,-0.003364044286694094,0.003948716491181073
2023-05-09,-0.010021193667149809,0.007437086747609261,-0.00390477511267946,-0.004826861149265446,0.0004284936107366569,-0.005360174572294011,-0.020096975233039265,-0.015486902413259212,-0.004557397858389559,0.00027495798332705947
2023-05-10,0.010366915889397784,0.03293503350092615,0.04016979216179544,0.0005131796250593154,-0.0012434348383088603,0.01714828960918358,0.010930255739579136,-0.003612788634512576,-0.0006323129238403733,-0.012910618531776998
2023-05-11,0.0010941478019632735,0.017898556144584802,0.04222783447700324,-0.0031555920378318167,0.011559606339146941,-0.007069244672456554,-0.010685315588496799,0.020786425091438347,-0.0026766617858030245,-0.01826496918678057
2023-05-12,-0.005432359599840144,-0.017263494264582374,0.008031499782004136,-0.014436586897644084,-0.008432648640652685,-0.0036828415859656983,-0.008362954457409326,-0.024114596337054404,0.005040756061919,-9.441242506688373e-05
2023-05-15,-0.0029014932048370048,0.008489121836596263,-0.008546397414217291,0.00839111338303354,0.021368995117549073,0.0015846611470165372,0.021399627851789615,-0.009750860107846383,-0.008935779427198767,0.001905260094536063
2023-05-16,0.0,0.01959105037675755,0.02542294895368048,-0.006751893443465212,-0.00016756505204527185,0.0073406711845202385,0.008940005967186998,0.0010214088288270423,-0.014774048506020498,-0.024568962051430446
2023-05-17,0.0035965684123051033,0.018349125212474244,0.011067270690328809,0.03028408286223873,0.015250316611217353,0.00940725438852888,0.032499369373775976,0.04313493317739194,0.010554530040625959,0.022186597933015056
2023-05-18,0.013573421626779764,0.022684486585828632,0.016334008151033336,0.007555410659166069,0.017820479823038873,0.014292198246244737,0.04850933050804483,0.01727768584344739,-0.011576446813405127,0.009022372360304868
2023-05-19,0.0006283453953785718,-0.01621197208021114,-0.0005701562122929753,-0.002296752895997349,-0.004913923878190327,-0.0005651845773341492,-0.01315516976792939,0.018206255962432197,-0.000855818150653844,0.004622053832368781
2023-05-22,-0.0054958005365820396,-0.01072394478867387,0.01848244470489871,-0.008296807061954639,0.010851277643432817,0.008881713337532857,-0.002818654142385588,0.0473245988875953,0.003752018305352139,-0.01221427854290466
2023-05-23,-0.015271001766897408,-0.00017395019575110725,-0.02011296889388511,-0.010487381530544914,-0.006383242127213172,-0.018603853059905827,-0.01577707562635092,-0.016549549453013485,-0.002458175848519243,0.013531132124634129
2023-05-24,0.0016308072837419331,0.015189747065965913,-0.013636875595703877,-0.00919374332223487,0.009960839212461088,-0.004482835647549534,-0.00489969101606803,-0.015569850375932186,0.0028951367908121176,0.011121986378580447
2023-05-25,0.006669939422468498,-0.01510276818575663,0.02111540860323557,0.002435574613055795,0.013867468581823078,0.03773681469120105,0.2180878224043684,0.008547333224801432,-0.006530996187683034,-0.01810123038111365
2023-05-26,0.014006309253590993,0.04347586628475364,0.009109687063410738,0.009317224603765946,0.036333992037310185,0.021160362905458207,0.025116503847002127,0.04608376548838008,0.007964812260014902,-0.006551888122100924
2023-05-30,0.010603286088831019,0.012822304345733589,-0.007572146150924509,0.003790201061976746,0.0018296690291450919,-0.0050596039460344975,0.029474494134325794,0.040530008769500823,-0.0034741729691735988,-0.008899061100215074
2023-05-31,-0.00028217882914748993,-0.008916850747084985,-0.00648984325227503,-0.012812790419865855,0.008345738568742253,-0.008550417640873536,-0.05844266979712932,0.013676132280176065,0.015283179935843853,-0.018039615006870225
2023-06-01,0.015895471874137188,0.017999210602823053,0.006894063400698408,0.013685470931620359,0.029369432628738604,0.012678093920264194,0.04990482942199534,0.017450979367424225,0.013029574894433568,0.011482147795553755
2023-06-02,0.0047641314652262885,0.011983006127262639,0.007649361891222658,0.020788234654720687,0.0,0.008443711226595025,-0.011201649752205336,0.030608082827557156,0.011981487009684492,0.022954257927428782
2023-06-05,-0.0076001294715852975,0.008415221280893264,0.010690914151344393,-0.009872616625957894,-0.004485419913255796,0.0016086563587793497,-0.003974557965976376,0.016868648629117366,-0.0027861305448191784,-0.004453855138203949
2023-06-06,-0.002062309432528426,0.010400614095251953,0.010263730352549853,0.001795668927505801,-0.0009953346076373634,-0.006750129316162142,-0.013286420418083113,0.0168599499197107,-0.02154774636820902,0.00813478790438002
2023-06-07,-0.007786532917744066,-0.043421904903774046,-0.03851402686667769,0.009642007795697252,-0.028128342185791824,-0.031354438743608035,-0.030872801238095358,0.01462307267215497,-0.011220060062266482,0.022173395061127667
2023-06-08,0.015346682737571364,0.02460606952762862,-0.0029430905121290312,0.00028412378097229373,0.0037106152983145,0.0057967697996886836,0.027243954489574486,0.04480209933086133,0.01666080923946206,-0.00313768485573661
2023-06-09,0.0021576968478174766,-0.006621468748440394,0.0007366637831013763,0.0019875404342055685,0.0013972777976235255,0.004692785965441829,0.006728811868746917,0.03981660778824774,0.0068914584924490594,-0.007421925711792128
2023-06-12,0.015517556553589404,0.025121316164936732,0.011469591609294071,-7.053316440884732e-05,0.02276220392449649,0.015365433941450606,0.018198059649477488,0.021974491562613167,-0.0020888198398745224,-0.009073549402640936
2023-06-13,-0.002614977155069007,0.0007108476079609743,0.001535614915867167,0.00720805400874742,0.0009959319509538266,0.007325836012057473,0.038263654473129245,0.03492701634188564,-0.00260198395008813,0.0001880470471833762
2023-06-14,0.0034852590215874594,-0.0018966774409432219,-0.0012929794729963136,-0.0037389752167411483,0.007453751451463039,0.009082417323024923,0.047021950530592486,-0.007449046704933148,-0.06615321490357345,-0.012098451642794824
2023-06-15,0.011136314211344065,0.005443175548084132,0.011416728262031679,0.011244523826887431,0.030551059938604658,0.03139847971338709,-0.008032715808051791,-0.0034719442089692484,0.017124074370976666,0.006917853163951882
2023-06-16,-0.0058770003765446855,-0.012826801009232924,-0.012549427168924675,0.0011874244460920993,-0.002949417869681209,-0.016714694526614483,0.0009137819400342302,0.01796971375181672,-0.016011045672747828,-0.007203330880841656
2023-06-20,0.0004865204407360498,0.002308282311188502,-0.003487096679350234,-0.005108509122906947,0.01178091496529446,-0.012581343153969065,0.025804999097516605,0.05201270640767318,0.023495476101589252,-0.023190869902041066
2023-06-21,-0.005691582448381618,-0.007581513078945846,-0.020932307477569242,-0.0014744949997681806,-0.009505810780823598,-0.01337100531682153,-0.017570459468174173,-0.05616662426467672,0.015558282810019143,0.011133352219220283
2023-06-22,0.016390273769064857,0.04173475821321792,0.021338461482032986,-0.019440079785672457,0.011438259005859647,0.01826954381120422,-0.00046467708976292554,0.019654473293680905,0.004812783577098895,-0.005502846906711654
2023-06-23,-0.0017128135119801355,-0.006320292959406817,-0.006599122739554015,-0.005243783247014643,0.013424108186459357,-0.013902113947125537,-0.019147819918546666,-0.03073851253541729,-0.004288629026063905,-0.008750572864911094
2023-06-26,-0.007581433374840426,-0.01558513561942593,-0.033242161731711024,0.002445474628561255,-0.036181768297574655,-0.019349030484060715,-0.038077598708820375,-0.06251408245574486,0.004309407748273958,0.018288821570381274
2023-06-27,0.014946712932723462,0.014424567940817595,-8.449286350923614e-05,7.203986177351219e-05,0.03034608480993722,0.018005088802716816,0.030156930300067553,0.03729619858071868,0.0072794206313758205,0.0024898121717407975
2023-06-28,0.006307780342690477,-0.0010843421189455317,0.015513419205987752,-0.004391877614732763,-0.006150141026325753,0.003818454865856282,-0.01829116876489728,0.023813875097039847,-0.01694890477584705,0.008097233652769696
2023-06-29,0.0017950206182643584,-0.008873661272556729,-0.009027233951203528,0.034327360844627196,-0.013267286621958557,-0.002384720190869608,-0.007200498092978633,0.004905252914132209,0.004185463193108202,0.012258580545956903
2023-06-30,0.022839651770198092,0.01905113813636069,0.005025072871696341,0.013916390349404324,0.019173622959623188,0.016252712843899828,0.03561323382678498,0.016446493545468958,0.008776893720343347,0.0051412937031711506
2023-07-03,-0.007815231850773966,-0.0010745214685311468,0.001669578289673628,0.008012332946012666,-0.0033508486048718497,-0.007516468406105318,0.0026203356223573095,0.06668035183063045,-0.005758942369129552,0.0019562643306790255
2023-07-05,-0.005888506457435123,0.0012279637641415527,0.015311512219870264,-0.006683822320243193,0.028775850019874295,0.0004734878762738503,-0.00226576148814522,0.009461225032650612,-0.014034594068480266,-0.005131535536500455
2023-07-06,0.0025055827758220886,-0.015614479950363446,-0.013561661362425844,-0.009935809422702578,-0.00811803486213493,0.009184182012934161,-0.005069922487223224,-0.02125228365266279,-0.003955079493415016,-0.03803522088638605
2023-07-07,-0.00590860076848879,0.011001878790426247,-0.0052589586470509425,0.007859552836766278,-0.005012521690485785,-0.01193824370246715,0.009455509032978059,-0.007659314226953743,-0.01671466854983824,0.0023291694508114414
2023-07-10,-0.010915404402788173,-0.020630536429565062,-0.025687027814712847,0.005595973278811715,0.012212958560815562,-0.01611283361069935,-0.007628407432129038,-0.01771977662648564,0.003179662283453779,0.014722511656982372
2023-07-11,-0.0028138333681077656,0.01289534927354112,0.005907752932829992,0.015518040360438507,0.014146348938832192,0.0019269559344026947,0.005319949849359805,0.0006674942605875906,-0.00034562102190473725,0.012152439325033997
2023-07-12,0.00894527734561168,0.015563949723523061,0.015165365498534917,0.004939533827305133,0.036374684326444105,0.0141264944310349,0.03469364133002362,0.008121354742896705,-0.024471107244435953,0.004895103399238142
2023-07-13,0.004049248374627782,0.026406663898050423,0.046091859924230504,0.004848029910851648,0.013071262141173429,0.016062584627300727,0.04618163345208694,0.021496049775542363,-0.0087833058778273,-0.018481518136272395
2023-07-14,0.0007869679813921449,0.0028254136578632553,0.007041181432830107,0.00602752523765391,-0.014591891720543801,0.007501096134675827,-0.011110559910388307,0.012444771516691934,0.06990527877058951,-0.03504337569694897
2023-07-17,0.017157715546914913,-0.008350743114511814,-0.0061583331047095876,0.02381784440707082,0.005649941992885522,0.0014180984642134557,0.021582291021263484,0.03148434056863512,0.008109980726270007,0.0043495623847729205
2023-07-18,-0.0013413510977440906,-0.005480667866621604,-0.007165617475600595,0.0018237499876952049,0.004593197002425315,0.039028269113757875,0.02199028072929016,0.010141906463636843,0.0323578368353116,-0.004547773173737618
2023-07-19,0.007046889140828726,0.01886777143765127,-0.014077318172530518,0.0038324291316846767,0.012610553829146847,-0.012343096588143624,-0.008818868182782727,-0.00711596075110357,0.007372805685024297,0.006912364665282424
2023-07-20,-0.01014863192500154,-0.04071113790508541,-0.023464192732523155,0.012242242625136016,-0.0436268350106279,-0.023393232012246048,-0.03363280221288257,-0.1024426640636013,0.001071212087758795,0.01746133902724024
2023-07-21,-0.006180743692761794,0.000307687993656272,0.006855617042259998,-0.0077145538202850646,-0.027683611209087123,-0.008977167452815257,-0.026964048318608064,-0.011015199637560409,0.004531411349554312,0.0046308480934654445
2023-07-24,0.0042113295128930655,-0.009273613091557636,0.012502804495009727,0.019492485643474503,-0.009046407783815678,0.003890360970308515,0.006815134295080629,0.03417588510139735,0.0042356455927539845,0.015567647524039238
2023-07-25,0.0045032185456062145,0.002558849307688174,0.005579694046581764,-0.007496337977459332,0.009759977545768803,0.016866201068566566,0.023635810234680605,-0.014148526638195701,0.004413385362582258,0.0015154024190577034
2023-07-26,0.0045347400529305035,-0.007618281489535843,0.05616248546912873,0.005976308070901937,0.013827148534994217,-0.038364245667254694,-0.004981850881953786,-0.003511861575139069,-0.0057511267503951085,-0.005598609548941404
2023-07-27,-0.006602781339957136,0.0007800788687019062,0.001004927777209018,-0.011090724335035447,0.04306892576488197,-0.02109294170625661,0.009808445863138181,-0.03322998965193553,-0.005467631950845063,0.0031354531525352967
2023-07-28,0.013417568594654223,0.030410134252966122,0.024278118752557344,0.005688310454235361,0.043227892401691975,0.02286787483373914,0.018349041771296832,0.041105070589749985,-0.004602539362559284,-0.012024227161909986
2023-07-31,0.003161044547723932,0.0110572111941032,0.0010553627712366462,0.006669351857456834,-0.021364584306614094,-0.0072670332374813445,-0.00044943615165170595,0.0037087357528333273,0.006856190446262037,0.02914104230830605
2023-08-01,-0.004285053035806306,-0.014998135236778893,-0.008854616229644478,-0.004950368683366952,0.01281748678718376,0.0012495681694126904,-0.004762215947312127,-0.02406922380883306,-0.003223958422085282,-0.005798352242724355
2023-08-02,-0.01561125132378966,-0.026781097330387048,-0.02439237051011607,-0.011389140985954347,-0.026374513821201047,-0.02663444140572368,-0.04931788334054997,-0.027021352113566002,0.00011870643911589099,-0.012552480226435821
2023-08-03,-0.007348549745672455,0.005444917932495522,0.0005449039880180747,0.0060948709107153535,-0.003569560521590151,-0.0025681904896483394,0.0055413776686387695,0.020295602012260543,0.00011888502050218793,0.01723115343854517
2023-08-04,-0.049211355338161684,0.07945180513430172,-0.002650406417478375,-0.002113023553086218,-0.007885611615792433,0.003422695078231111,0.0036999636664083457,-0.021279912186420162,-0.0042279042328621915,0.002796732656796483
2023-08-07,-0.017404359988450236,0.018808843040995626,0.02634561724661918,0.0047317410604187675,0.018588484196704363,0.007083312200086669,0.01636055188495466,-0.009538785882980292,0.015807366817489534,-0.002050062013913025
2023-08-08,0.005297790671777193,-0.016161386274731373,-0.00098888018528256,-0.005629354835321266,-0.01246048846919146,-0.012375189871363025,-0.01671879087423108,-0.00698396541730477,-0.009600700406557592,0.00493169227727573
2023-08-09,-0.00899488068899192,-0.01504759501753799,-0.01333006734975529,-0.013498627566341972,-0.02405232138046384,-0.011785124553607645,-0.048393914203173585,-0.030537632908455258,-0.007440715156864608,0.01684430581904818
2023-08-10,-0.001235175189402976,0.005137245447970533,0.00023089653308453105,-0.0014967095819378108,0.0017350176705254712,0.0021699653260276296,-0.003908617666061695,0.012922436522360333,0.0027247881011302003,0.005098334089934667
2023-08-11,0.00033735703555293786,-0.0010831058272496987,-0.001002679576608547,0.005778962823623224,-0.013500786151237228,-0.005963371586104076,-0.03683614731473309,-0.011024937980288016,0.008957234951064949,0.015409172718463971
2023-08-14,0.00934937158016828,0.015485316080358403,0.013569007195882336,0.0020700286173432002,0.01497141844998717,0.00939468257589403,0.06853104083105137,-0.011981650600334395,0.005731404506604461,0.0008045363253293353
2023-08-15,-0.011263583916824242,-0.020846133672850414,-0.011872297090264137,-0.02578671902442999,-0.01394409367540722,-0.006750192179648082,0.004265005452417047,-0.028771606269163794,-0.008333246141052675,-0.026008705628956685
2023-08-16,-0.0049712930468385425,-0.019066286976507706,-0.008356679115793679,-0.0042524066001599385,-0.0256959840208393,-0.0024316811987381754,-0.010386372072988854,-0.03210324714965498,-0.00619640317222171,-0.01697037633700155
2023-08-17,-0.014662431033911483,-0.008102713606702033,0.009434680553789163,-0.010441210643113206,-0.03176050915069052,-0.011046687041335683,-0.003270491725506249,-0.02868774932252366,-0.019248426523088787,0.019186886553646587
2023-08-18,0.002812539015982803,-0.005688597043229265,-0.019116219092787157,0.0022850432565919795,-0.006475207834032671,-0.001263267713406803,-0.0010387855032311156,-0.017161267109647337,0.009028711958888713,0.015015818690023868
2023-08-21,0.007706858919624813,0.010899633762398327,0.007114058628731524,0.0034174773150607183,0.0232058929454193,0.016918838709626374,0.08131555311138142,0.07071456218373605,-0.0015258903815270491,-0.012160225910962436
2023-08-22,0.007873926859192809,-0.003197806521519639,0.005515637612067785,-0.020956613404272805,-0.007965056052267544,0.0018002486117733448,-0.028047400040868833,0.00822448994977978,-0.010787824171653922,-0.005627037737810217
2023-08-23,0.02171147197308202,0.009415529041193322,0.025168682989076964,0.006740578060928142,0.02282508422335476,0.013980904722286865,0.031215020930786347,0.015615669490355368,-0.005907583279752839,-0.008827091775287276
2023-08-24,-0.02651898173370293,-0.027530224045928062,-0.019760161575084614,-0.0009505464310119573,-0.02578491747763137,-0.021733041020739998,0.0009969748608850118,-0.02921607421029239,-0.00274161173915637,-0.007494190257155797
2023-08-25,0.012563690971127457,0.010713027528748599,0.0007701195891920198,-0.0012233177626659022,-0.004368786892288624,0.009363368283886883,-0.024577038837426245,0.036493404628287436,0.0020875397667309893,0.017708003264214872
2023-08-28,0.008807432541517175,-0.0009008643247144191,0.008662616768555256,0.003462353308891903,0.016535054065696476,0.002226622394720564,0.017598061414650933,0.0009635784854130897,0.004406343186256882,0.008371307967147761
2023-08-29,0.02157572660842085,0.013206715007284348,0.026810793033165404,0.008099238639620266,0.026282785216313564,0.014445756162700508,0.04077158537916141,0.07406603958973092,0.0031501111586388695,0.005936910755280452
2023-08-30,0.01899074272286386,0.00118530020246871,0.009687795676648719,-0.004041364626405048,-0.009745631227563114,0.0011563476814444834,0.009791320633871278,-0.001089320005828064,-0.002641257039998165,0.009696886796781806
2023-08-31,0.0011718084777926309,0.021532889699268778,0.002131917058182271,-0.012428518584153374,0.0026734427964371023,-0.0031374534325787017,0.0018455855913863607,0.004582681990043304,-0.030887440718874518,0.002792038057579239
2023-09-01,0.008427573719265022,0.0007967306725371615,-0.0037520555171799558,0.0033432596087008075,0.0016546981124483686,0.0027421934743121013,-0.017289993754393846,-0.05197055872941742,-0.0007138018943458882,0.020738443561669935
2023-09-05,0.0012660272854578187,-0.006173016781758742,0.0008103406437452536,-0.011095400682029955,0.012639937545163382,0.014768791949666491,0.0008038296937746766,0.04579063580383254,0.009550373918606749,8.813064445276992e-05
2023-09-06,-0.03644965670739864,-0.014011920021062172,-0.009695453203939892,-0.00165413780202347,-0.0032706747409503257,-0.002010480431558432,-0.03102615993553475,-0.017978069897591802,-0.008081400707514374,0.008594958799877817
2023-09-07,-0.029685465331399402,0.018228281379293984,0.005931754078824342,-0.008591167902421573,-0.0016723412539791662,-0.008962293479259545,-0.017577717620351898,-0.0017083203640211426,0.016366306018811515,-0.00490245002828872
2023-09-08,0.0034854627992105033,0.0027527518216119884,0.008246574364583112,0.0007653632643394684,-0.0026150408512859574,0.013129098761453874,-0.01457337760700176,-0.01196040362366716,-0.00448281284044096,0.014462764384840536
2023-09-11,0.006600571066622645,0.03462479564658769,0.003951437090522984,0.004370523149390593,0.03194587809348395,0.010919262076827755,-0.008683216188210234,0.09615118904304938,-0.0028952860868221076,-0.012621427232417189
2023-09-12,-0.017207550085614153,-0.013153992385327589,-0.011606596063002112,0.012930286157234492,-0.019369713112956724,-0.018426363641233234,-0.006840822538823963,-0.022549196320499374,0.0010841489809752794,0.028752199030887698
2023-09-13,-0.011925798478349608,0.02530902952298205,0.010071855958660532,0.0004780537723912773,0.011208090158968308,0.012847835802887963,0.01361323607844091,0.01418033641106544,-0.0001250548546874803,-0.00897704415915598
2023-09-14,0.008744044308627805,-0.0008979168301894522,0.010116123696505393,0.01921184082389158,0.021596856275531377,0.007824964018369334,0.0021082810057538675,0.017320639037477315,0.007805462431910422,0.017705540059004484
2023-09-15,-0.004162465363225501,-0.03037658988565322,-0.005081681762797036,-0.0029527385122989002,-0.03729015443364995,-0.025355521153083833,-0.037576688836976804,-0.0059953082833390835,0.006389694727757061,-0.015475217343151437
2023-09-18,0.016772060215315458,-0.0029247348968620985,0.005878045075567384,0.002081178500833855,0.007431241705117211,-0.003519003426354256,0.0015022630936127645,-0.03376463807907184,-0.0013157548007225366,0.008022613147463263
2023-09-19,0.006161626322614166,-0.016930564270193287,-0.0012309702027451617,-0.0012751106785166074,0.008294752842505302,-0.0012470226052076435,-0.010195873845869915,0.004588376260533905,-0.011171917862271959,-0.002638539739586696
2023-09-20,-0.020194763442652492,-0.01714838747973992,-0.03164577510467904,-0.0042388485665058595,-0.017859506568364575,-0.02426886047144156,-0.029876623570080873,-0.014780377139554338,0.023582680417823132,-0.007957865125184984
2023-09-21,-0.008929244328449885,-0.04505328140436448,-0.024984387798208777,-0.007852797759860648,-0.013234990627640867,-0.0038731732552364905,-0.02935739984219955,-0.026588996104119158,0.018142605395265892,-0.014189807432207954
2023-09-22,0.004932440540343997,-0.0016251248796010811,-0.001457623425289107,-0.009629029854370908,0.011264302070255637,-0.00791780134687732,0.014354007364031675,-0.043236555785455495,0.009848782676691937,0.001567467852795223
2023-09-25,0.007353078574650132,0.01651413665688319,0.00658103339374847,0.004928449858830967,0.005834244123465996,0.0016706197473705024,0.014600853363179905,0.008579557642104906,0.008225257167046567,0.011160702993486824
2023-09-26,-0.023676377204871216,-0.04113311252209692,-0.01956323796640129,-0.010433257223455254,-0.006235562280869532,-0.01715207236535461,-0.007393274607869411,-0.011687984544270934,-0.009510352810009419,0.0015473711734705167
2023-09-27,-0.008937205895489613,0.0,0.015206406353348283,0.005847790853505097,-0.004089167355887828,0.002080240166759863,0.013202682662461673,-0.014939798128788435,-0.003408664659468708,0.032038577509340936
2023-09-28,0.0015243474513273133,0.0,0.013467705511225198,0.012339507156211656,0.020675419917368584,0.002713632677190268,0.014516956104903635,0.0241549898062297,0.012566401728096704,-0.006091721922314931
2023-09-29,0.003041922159143849,0.009008352994332738,-0.01101949032678806,-0.017566448696724038,-0.012413955404976243,0.006704896891074653,0.009470213222286847,0.015465456415727708,-0.01165371260468847,-0.015946318201515024
2023-10-02,0.014726634768698371,0.018240461143240686,0.024979538962792078,-0.008656869380142632,0.02177933295963743,0.018979564816099345,0.029068196451616644,0.005500013317318054,0.02037847909556595,-0.01672353547022887
2023-10-03,-0.007800283315498279,-0.0373007704408456,-0.013053405482743693,-0.007400043737416278,-0.0193503878490659,-0.026481813138814786,-0.028654638018779793,-0.020356864105244222,-0.009960725811890767,0.00172816295197726
2023-10-04,0.0072821234465628645,0.018115851921521226,0.02099682377950858,0.0044744527392776585,0.015300702936343342,0.017617334451366724,0.011969294788963318,0.05764957536105983,0.002254597202542618,-0.038098966252797246
2023-10-05,0.00717223351913359,-0.008222697494164894,-0.0012577926733415411,0.004207825554184727,-0.0025886583026827705,0.001253158822185941,0.014584049472870241,-0.0042593870629195184,0.01092674048384935,-0.022768683204376985
2023-10-06,0.014642676091540279,0.015753318962097584,0.018412450777102685,0.015277880568709178,0.03431372540821493,0.02443606241616646,0.02374909599851345,0.0018441397469999051,0.01648405167609491,-0.01683958186000613
2023-10-09,0.008415770337474192,0.0023417029658428425,0.00608670894805802,-0.002276882884593552,0.009246082930287435,0.0077921268247316934,-0.010743164121589774,-0.0033063672235030548,0.00323400182301172,0.034392828300074854
2023-10-10,-0.0033580044628389984,0.00946698516860395,-0.002603879158801237,0.006060130948232368,0.010871616176259787,-0.004345024399572476,0.011529566251509455,0.015097007960672728,-0.004320820307059006,-0.00424631142093631
2023-10-11,0.007873020407432306,0.017986831598422272,0.017874771923942954,0.0034271715390783,0.01841025853938557,0.01219713369602039,0.021770969199939122,-0.0023926822540326844,-0.00020974104267292896,-0.03651186229679813
2023-10-12,0.005048443072796558,0.003785588962598881,-0.011305128726352457,-0.002329304740998877,-0.011227468072905688,-0.0037976126037126095,0.0029652905252846437,-0.015789985181823882,0.0026864574939735194,-0.00018776608925749592
2023-10-13,-0.01034598252147369,-0.019381108651019514,-0.011653024366912538,0.01490801498563382,-0.02964922659127181,-0.010411185237748179,-0.032121780119491926,-0.030395093236742683,0.02603122967305504,0.03143470794186459
2023-10-16,-0.0007272826591422855,0.021042247787508333,0.012588063055897152,-0.0010138678929908654,0.020320221480016314,0.014870463634015464,0.013849600018081946,0.011088356477393282,-0.0025430771636823267,0.000727701723587344
2023-10-17,-0.008823502115768714,-0.008181257764936053,0.00444718928654047,-0.0021668131883334665,0.0088354177002143,-0.0017452003225510474,-0.04792478739974007,0.003655911168542864,-0.002568338401133627,0.013011961717412784
2023-10-18,-0.00742229259433807,-0.025733286363791553,-0.012676679595759013,-0.01104144604454124,-0.021936599632597108,-0.005889762049850127,-0.04045442920970373,-0.04893148784195894,-0.001099941591073632,0.013907672612682696
2023-10-19,-0.0021634343314354118,0.00210493209093831,-0.0015232734255919804,-0.004258482130130099,-0.013210934598559326,0.003658760974193852,-0.0022536366120134393,-0.09761624872658338,-0.008298257040219142,0.000619566825046605
2023-10-20,-0.014813258771975773,-0.025477545009301914,-0.015731189596305147,-0.016236697863726654,-0.013388201560323477,-0.014134248757303795,-0.017104735065971956,-0.037588294506417,-0.008690361233657325,-0.017314182311675183
2023-10-23,0.0006937870511166659,0.011043686017449744,0.0066154669187473624,-0.013734918090669016,0.017216928431646,0.008079468818070397,0.03765159236236129,0.00042444095402800134,-0.01041406471157484,-0.014782841352760161
2023-10-24,0.0025400726063403364,0.01567921771001468,0.01678152319895604,0.0012048878197521544,-0.00466049256930422,0.0036676161845111206,0.01588257834140208,0.020719371046622376,0.006554779456637652,-0.009731971229056264
2023-10-25,-0.013583512724400549,-0.057387204557163146,-0.09992447498971797,-0.005469535732058146,-0.042549837462328065,0.0302167859788261,-0.044107364254011266,-0.01911750338776431,0.009875059939289383,0.0018434135819847218
2023-10-26,-0.024913040084535758,-0.015106526502479031,-0.026868279640251246,0.0025609246118584467,-0.03803954437013879,-0.03823613331344411,-0.035397311185560984,-0.031855023921114375,-0.003495424122279551,-0.009158639619840387
2023-10-27,0.007937466315924312,0.06609496003096194,-0.0008999672101476016,-0.03668326285042027,0.028647568076868104,0.005838502397308055,0.004305729423879099,0.007456619810883741,-0.0070273477780007695,-0.019235818337570588
2023-10-30,0.012230253632256015,0.038169415629497834,0.01857087803515151,0.012668903923585129,0.019787662852844185,0.02248559497667822,0.016189088006145373,-0.0491375588495086,0.010107726840121522,0.0031214329513241266
2023-10-31,0.0028149131504116645,0.0028592165427562357,-0.003057823659106166,0.011863447272774835,-0.004603289618394667,0.002368926616924978,-0.009299451826600462,0.017479077618859314,0.010454645651376677,-0.00028328532620145206
2023-11-01,0.018565061215287827,0.028955362245697565,0.018920372052219556,-0.0008630338840513823,0.034515575755670894,0.02326980608163074,0.037186315943519545,0.02371578467512363,-0.007421516084324377,-0.0019857226146301446
2023-11-02,0.020482204722360526,0.007779930147075702,0.008190971094999368,0.017691817407568818,-0.003147870575595043,0.006480593113368621,0.027520877238813683,0.06060741733192271,0.008485314712091262,0.032319356483124756
2023-11-03,-0.005194624711732945,0.0038312748175106013,0.012549537501897096,0.011110576868068755,0.011927403245484244,0.012779634023896145,0.03387472032144227,0.0066139872231546415,-0.009803021070211195,-0.012264434208445123
2023-11-06,0.014499401511194205,0.008191461641482902,0.008868206024084821,0.007524148323702737,0.003806984151592779,0.0105171276647393,0.01643994706388793,-0.0031418755173999516,0.004810390197058047,-0.017880175827706554
2023-11-07,0.014347411319633107,0.021031053723631822,0.005512586499492854,-0.00048627219968219346,0.009517587972788424,0.011156832320470557,0.00444910767329732,0.013183964542986627,0.008158697412593204,-0.01580381886949932
2023-11-08,0.005867657049542593,-0.004424354026475328,0.006620755173545622,0.004918192906142888,0.0030067294375842302,0.007378456808838083,0.013379707447339148,-0.0003150737899407528,-0.002047613760200129,-0.01235902785913578
2023-11-09,-0.002627956322495166,-0.010471269344291862,-0.012210049151706518,-0.002975642645559122,0.002404749809060143,-0.006934810628230024,0.008040792445967811,-0.056160489658582134,0.004220664033524897,0.000291483108659238
2023-11-10,0.0229545461124615,0.02083402648617425,0.01788276080528059,0.014722275524445869,0.025320225784697316,0.024591796786410665,0.029072621375720843,0.021996498496030296,0.0040916916948202445,0.00764355635347853
2023-11-13,-0.008620746627762847,-0.006779695661997966,-0.0037785019335208232,-0.004448864364050161,0.001276696525320785,-0.008121158404093415,0.005879118318101852,0.04134183399945281,0.0025095213885875964,0.010451104251400153
2023-11-14,0.014184756131324321,0.022262486894446033,0.011516701390790831,0.01808207817989553,0.0213984295256134,0.009743079094282339,0.021084146867400216,0.059438019477541446,-0.0038962002276550604,0.0038429777691498376
2023-11-15,0.0030362426423715338,-0.017993607290294027,0.0074559316157972455,0.00871973315115468,-0.010762214426286321,0.00040572169143158625,-0.01558705208258395,0.022614155469065075,-0.003800335821550146,-0.006059105920491215
2023-11-16,0.009001502162645624,-0.002587108521031568,0.017014127750128828,0.011355164126683694,0.004438410432306436,0.017430574863871198,0.012036557913784145,-0.03883534904080814,0.0026154183837531365,-0.011643869216542894
2023-11-17,-0.00010550694612771151,0.016319176713110995,-0.011901496160621854,0.009005200814774964,0.002540386983721117,-0.0169436736698251,-0.003685006536888359,0.0030349323976646067,-0.0065607515058005925,0.024106813323414626
2023-11-20,0.009235569454253635,0.006522368493262836,0.006923060314136106,0.0030707479089281346,0.014607452670736104,0.020314103435469542,0.022286014168270606,0.005533119144943252,-0.002221465531302585,-0.004392240791542499
2023-11-21,-0.004239844693100801,-0.015378098422388055,0.0052705807094751474,-0.00208983665385241,-0.008833848580546687,-0.011645632769420476,-0.009267279083235935,0.023490974516940124,0.008356066594283612,-0.0003829024656318763
2023-11-22,0.003508263061768465,0.01933932343605667,0.011036063966576415,0.0023509440907026847,0.013294705096834586,0.012731323203226065,-0.024894828986103668,-0.029408274734311717,0.007698242087538873,-0.004317188033278785
2023-11-24,-0.007028958608702378,0.00020445580612358505,-0.013082422118879167,0.0013685901157282497,-0.009592280214579934,-0.0011122316588413497,-0.019484136001577862,0.005280386261856706,0.006123551043185774,0.005369619042382832
2023-11-27,-0.0009479309988052708,0.006723903692254734,-0.002050554322324326,-0.0022823420820977216,-0.010491335885679994,0.0031215065153727406,0.009706777551656824,0.0026721746625813217,-0.006436151722367566,-0.0058504059701264995
2023-11-28,0.0032088832240303638,-0.00474961512561893,0.005774389892232607,0.0022823420820975823,0.01273572614999249,0.010744921406452492,-0.008765206533011688,0.04408335693193017,-0.005645379494556558,-0.0005772336487683238
2023-11-29,-0.005424385919268786,-0.004840585148378569,-0.016238950758553566,0.005067208552527888,-0.020233333025421615,-0.010111095799314351,0.006648540785109563,-0.010512266581044115,-0.010320588089458356,-0.01512842113292978
2023-11-30,0.0030581523905899187,-0.001573209061844679,-0.018391718270608124,0.011340288002343093,-0.015318427236739866,0.0001583936505933694,-0.028871333648154834,-0.01676961998268328,0.03307428013506173,0.003901068226545564
2023-12-01,0.006768207948243494,0.006413794210223246,-0.005068142765120994,0.004857550987698499,-0.007147427706476871,-0.011680348116215211,-0.00010688900461456226,-0.005220199323597404,-0.007156773367320708,0.002430109981853305
2023-12-04,-0.009509582552866219,-0.01500697967354326,-0.019837469497890094,0.007305509255360912,-0.014887764237141067,-0.014442577848974123,-0.027203214930608104,-0.01370144313218934,0.002044891459365978,-0.005452059479179495
2023-12-05,0.020844358729423848,0.013986300502114904,0.013217840006999286,-0.00012669446826595125,-0.005420464812672378,0.009114758896301083,0.023026509609174295,0.013240755825754019,0.0036047390035106627,-0.019619053976974162
2023-12-06,-0.00570312127444202,-0.016198024273178,-0.007432913100101915,-0.010563816428870698,-0.0026425414326141203,-0.010036177429912486,-0.02309243408385258,0.002719129460769398,-0.0013275862747207498,-0.013330285502711656
2023-12-07,0.010088226260230948,0.016198024273177868,0.051781732104680525,0.0030662735796841262,0.02838491612627177,0.005812836559269799,0.02373644351012513,0.013568409275163597,-0.002295234943218238,-0.006986414708410741
2023-12-08,0.007384983089209092,0.003669683224747049,-0.0142693284779585,0.010973406584221265,0.01868592206385006,0.008803250817284381,0.019341337664542952,0.004933396614923965,0.0027319875976005207,0.011416225382720243
2023-12-11,-0.01301147456997055,-0.010432734440314026,-0.012673614988768518,0.0036520878789431457,-0.022705096165980605,-0.00786035780299679,-0.018676187408752383,-0.016957231787828677,-0.011139253379286916,0.0007028914649259778
2023-12-12,0.007888812471388411,0.010839635496016388,-0.0057933749044037095,0.008885675920315085,0.027113223139984367,0.008260974192401188,0.021849892196661683,-0.011452714531076777,0.0037452521271927725,-0.015885414344014907
2023-12-13,0.016553792377705864,0.009179334477907091,0.0003771143111604609,0.0033582546917368837,0.001554557540378872,-2.6591965405441847e-05,0.009003013819376699,0.009573866272891631,0.006010706692318562,0.008833832482517064
2023-12-14,0.0007574908162576939,-0.009586235533609468,-0.004763558570842819,0.018028686210922424,-0.004701063998422006,-0.022802481171174144,0.005433487663450758,0.04797595720291628,-0.02727166096761072,0.026535248046667622
2023-12-15,-0.002729531527414056,0.01714963889276147,0.004989851788486521,0.007532913632981619,0.005238568017818123,0.013032005419663484,0.011106687072663036,0.009711688394547188,-0.005856929980601299,-0.006716950061551717
2023-12-18,-0.008539661603928241,0.026971809898698733,0.02384625620268799,0.006033630797988656,0.028550696628812645,0.005165484224959465,0.023988805380990793,-0.0056173183184346845,-0.008641835030902784,0.007405881209108041
2023-12-19,0.005345710859709079,-0.0018191003361762064,0.006239697954602179,0.013266813696078178,0.016519103413058206,0.001635460162637027,-0.009490184285906735,0.020185249870892544,-0.004778374555191723,0.013096099486903599
2023-12-20,-0.010771554710493745,-0.01091834083412718,0.0122913563864495,-0.011343423783658317,-0.0030873595569050694,-0.007097886507047824,-0.030560589732898085,-0.0399767793773106,-0.015596913537460112,-0.016841460620768068
2023-12-21,-0.0007702482214591074,0.011243426514228085,0.014923534298407889,0.005687892563062654,0.01367722162343768,0.007847905080212231,0.01810529650504633,0.029345860784192233,0.007627041717145672,0.004532013871015222
2023-12-22,-0.005563115379535152,-0.002733830879625901,0.0075910916827058895,-0.0005973569212165428,-0.001978774409041601,0.002780287255730604,-0.0032714255989521298,-0.007731210565404946,0.0008265957322924522,0.0017678313602242385
2023-12-26,-0.00284492329193899,-6.514686816695571e-05,0.0002122460079526556,0.005896749626778973,0.004066176975331992,0.00021359312716590504,0.009153241687381184,0.01598774007390915,-0.0005380513001281541,0.00225422189064847
2023-12-27,0.0005179265138831432,-0.00045644547960358643,-0.008159366151476815,0.005979960009599538,0.008419363891240336,-0.0015759485834779521,0.00279649217750847,0.018647455510860632,0.005293155453318118,-0.004710524017938244
2023-12-28,0.0022237693176103807,0.00026087992298881607,-0.0009980375829835605,0.005298733995885578,0.0013683816270565322,0.0032293357646978665,0.002122576143524536,-0.032104151730159784,0.004028064094029331,-0.014565244052937196
2023-12-29,-0.0054389899048477445,-0.009432812028151797,-0.003858317308426799,-0.0011751252994638744,-0.012242461826998582,0.002023021118749615,0.0,-0.018738327073791184,0.0029865609299909905,-0.002098472048317464
2024-01-02,-0.03644266850572633,-0.013317252487412825,-0.010940629681660397,0.011573169734175994,-0.02190718800509022,-0.013843948475807577,-0.02772233588890124,-0.00024148746074577508,0.0241517303793963,0.023525971910788153
2024-01-03,-0.007515662965967791,-0.009785543802100045,0.0054130850911483395,-0.0043680300157558595,-0.005269783699134303,-0.0007281373972942828,-0.012513481397982014,-0.04096122279932548,0.004975093026248291,0.008366512544320843
2024-01-04,-0.012781573255773615,-0.02661905587134582,-0.01837971727581817,0.006614103760798987,0.007663601356426851,-0.007203464317373456,0.008978036193736055,-0.0021831499656647054,0.006235059305310785,-0.008757502764218964
2024-01-05,-0.0040211487424575134,0.004623714384981175,-0.004850517610683997,0.005004631564408305,0.013818694026735108,-0.0005165846360925469,0.02263866223521844,-0.0018509415250833076,-0.014850633304418269,0.0030252744689934453
2024-01-08,0.023887283762523866,0.026229678338986727,0.022654286437252983,-0.0014521674150001745,0.018885720931334313,0.018695687643783154,0.06229947858217486,0.012386614576639277,-0.0016018369665044931,-0.01680221452319735
2024-01-09,-0.00226589783953653,0.015109875810597672,0.015083075896551659,-0.007937433791680652,-0.0034354303564525517,0.0029315576682366414,0.016832549164981073,-0.023096839566935645,0.003442089367738829,-0.012463460632719659
2024-01-10,0.005655395428788248,0.015470650615520465,0.009391862417840414,0.002107113751984724,0.03583309325119985,0.01840369530542525,0.022514641453404198,-0.004350632806278706,-0.0013567467374816806,-0.009880995634637804
2024-01-11,-0.0032277608910044977,0.009387897135060054,-0.0014066681105392115,-0.004218676809174929,-0.002161820357413675,0.004847640098929866,0.008646859978975924,-0.029145966144498332,0.0037871880800165124,-0.00020278794003768244
2024-01-12,0.0017765493327085583,-0.0036152239546972612,0.004003777611910733,-0.007367419613011477,0.012954313404694712,0.009934120230989997,-0.002044923277893402,-0.03734939877742937,-0.034247979955523256,0.012889179531863897
2024-01-16,-0.012393470138953082,-0.009487311793446907,-0.0011222993086841123,-0.006289674306760772,-0.018950737404554493,0.0046227614994869635,0.030103375869484153,0.004649070658851297,-0.004535446378903849,-0.022870903348868897
2024-01-17,-0.005187013826568669,-0.009512302504832145,-0.007184121443268294,-0.005372081044771606,0.0024736243576904877,-0.0020518252281648917,-0.00585219500564705,-0.020025473044372827,0.011091021095216704,-0.0072943935743973115
2024-01-18,0.03205154059860362,0.011729719012639512,0.014107911172367123,0.0019731539481914794,0.020846782935409185,0.011233965170093615,0.018628992332853627,-0.017172815629643214,-0.01651844561435021,-0.0018576974272971913
2024-01-19,0.015413629409121653,0.011915672389449407,0.02001033346064441,0.01711456530507622,0.019274509042515806,0.012113207731459888,0.04089824584091901,0.0014620115002590317,-0.02506262725640944,0.0015483064953693735
2024-01-22,0.012089770994047398,-0.003611493461086361,-0.0026676016769363003,-0.0011750352542175535,-0.00436477267245597,-0.005432675414136679,0.0027361856907285992,-0.016105240597581734,0.01855343821154315,-0.0013416871135222147
2024-01-23,0.006631286055701204,0.007979485588611064,0.007166323310243211,-0.006605626133198397,0.00891823318381356,0.006009349479699887,0.0036645329178925535,0.0016270106278732431,0.004919889286049351,0.01119510935792001
2024-01-24,-0.0034899924855061326,0.005433174197432314,0.011226135548994935,0.008895653301393646,0.014177232704081267,0.00913346553756916,0.0245649205188342,-0.006283434610725192,-0.004452159701248492,0.017113247596540326
2024-01-25,-0.0016981930074198583,0.005594095679664069,0.021094024485981137,0.01420938592920879,0.006327581502825048,0.005721842034801048,0.004147173011817061,-0.12925817170128795,-0.03940372644792219,0.02508431712404723
2024-01-26,-0.009053554920516451,0.008647102438040672,0.002105031257420256,-0.003823509655024743,0.0024385413094445787,-0.002324443071837039,-0.009555948667820982,0.003389065826718794,0.019667402941412955,0.0084826645693296
2024-01-29,-0.0035923741938668117,0.013359331333490848,0.008635952399940923,0.002608447255575293,0.0173051788984267,0.014232352366321135,0.023224622650561886,0.04105548959785763,0.0026594876027242237,0.0012612367122600873
2024-01-30,-0.019433498185128937,-0.014113732972622603,-0.013444149971100718,0.02028742156169489,-0.0023967317310089518,-0.0027617062564141547,0.004934466904959344,0.0034508226289791306,-0.0018450664535300029,0.01654053271306821
2024-01-31,-0.019547312861585123,-0.024189614134501332,-0.0779650576012288,-0.010894898638569395,-0.025108738374863698,-0.027316146605270566,-0.02006490051863293,-0.022699471099276523,0.016014433056318046,-0.019648273037082557
2024-02-01,0.013252272780088477,0.02594906400632865,0.007537589910892345,-0.003619848484231019,0.011822844028093428,0.015474197183362886,0.024087207155335293,0.008347821172369478,-0.0090294818855118,-0.004093585866871911
2024-02-02,-0.005419652757748571,0.07572554877189726,0.008605411685618502,0.005739633875896709,0.18496514440534265,0.018258067768858542,0.04851279026681967,-0.005042858776994556,0.00607448504146233,-0.004110249626658447
2024-02-05,0.009798444628467374,-0.008768909348284514,0.00908906663902133,-0.0013171509819962194,-0.033350809975644824,-0.013637853281265315,0.046830543881022924,-0.03713468972636411,-0.014351040126522305,-0.004127295159294871
2024-02-06,0.00859467289313586,-0.006834432372405122,0.0029188776478437477,0.003432544227443455,-0.010261071440556564,-0.0003942031553471986,-0.01612492764584309,0.02206779799027196,0.015213117979107151,0.006869581062781177
2024-02-07,0.0005809787687288742,0.008125368023266808,0.009943313946292682,0.0018827012126264135,0.03217802884124311,0.020890443694844676,0.027126803506983203,0.013309178288648728,0.016931453220998663,-0.00029360461496924587
2024-02-08,-0.0057713588248158535,-0.0040544313336464575,0.002539221176183455,-0.0035975465311347005,0.0008727914186565794,0.0001448538530087852,-0.006555113769389052,0.010500153377802503,0.0013469533561646378,0.016974907570747298
2024-02-09,0.004085679387411676,0.026781354306300166,0.020956274843858563,0.0012005901600075078,-0.004029423161219424,0.015431744894213558,0.035158392477747866,0.02093365777497024,-0.0036021679463213827,-0.021386990548516144
2024-02-12,-0.0090426324467157,-0.012168901576895616,-0.009914742205781254,0.004447018908277545,0.001686190615983083,-0.012658477915473757,0.0015929509533610944,-0.02850600281752684,-0.0011198479136860027,0.013662736713110276
2024-02-13,-0.01133852450969316,-0.02170298682855135,-0.016332817810569115,-0.008741594624346967,-0.01890216519812614,-0.021763756560318825,-0.0016622488564913915,-0.022088768605910858,-0.0015271981687700583,-0.008646186529306007
2024-02-14,-0.004821308717307259,0.013780303876272836,0.005496891365201073,0.010105910930932846,0.0281999200621329,0.009618814799504525,0.024270560307683913,0.02516701014711292,0.00017398965546493555,-0.004946013209246028
2024-02-15,-0.001576069800614503,-0.006925273760105457,-0.021960616250377627,0.021580009780622227,0.022459735010283078,-0.007180847702837957,-0.016949473453939712,0.06035334314528131,0.0075929157284456315,0.0282561635877905
2024-02-16,-0.008465978909049038,-0.0017094021256489145,-0.01588522802617142,-0.0046810059874629086,-0.0223751771434793,-0.006168193546996265,-0.000619555497180857,-0.0024975038337594173,0.0012855845227594132,0.0
2024-02-20,-0.004122452630954076,-0.014439139136134756,0.004260765885565744,0.003902343482021022,-0.0033226437848232295,-0.003148148218058365,-0.044508052205356995,-0.031447068575792124,-0.0009402652588820988,-0.009492356868679127
2024-02-21,0.004177315290668038,0.008996959517601153,0.010082247105813536,0.006488626728278429,-0.0068563141850810335,-0.0015153706987533868,-0.028923271734635925,0.005199145723306879,0.0017449135944025834,0.020231857428855957
2024-02-22,0.011181173297822321,0.03491338968982024,0.010745248559864437,0.011924411020516975,0.03794364433126003,0.02327360547478571,0.15187006917276327,0.013463405650618309,0.00864134442520211,-0.0008587480721399294
2024-02-23,-0.01008480502897526,0.0023457610294128446,-0.0009026427521815905,0.00501260243463407,-0.004328989545256325,-0.0031874038430955596,0.0035460084472089533,-0.027943686650054866,0.0014044816991401544,-0.00882086486604665
2024-02-26,-0.007479236949413657,-0.0014869599257995307,-0.04540246099189289,-0.003429798028921804,-0.004742566497411651,-0.0068469100581776835,0.003483133785178392,0.03797371074003026,-0.00364814094548151,0.003940751885590428
2024-02-27,0.00808161360345113,-0.006833819221537168,0.009477307199015947,0.0004905792445010547,0.010962149462201538,-0.00014729855206547496,-0.004955945197806556,0.001653606167566249,-0.022913538641947232,-0.0021127073895116644
2024-02-28,-0.006647374233095709,-0.0021920379551390117,-0.01816503460050967,0.005056758852365498,-0.00624042272318674,0.0005887594206445204,-0.013277071527919107,0.011499231283567918,-0.02993200833142475,0.0027840404392221576
2024-02-29,-0.003700089402067958,0.02057680546309288,0.01513616938849752,0.009070237266612298,0.01254448540440211,0.014415425629917225,0.018485778604705662,-0.0007921787106965236,-0.009436631199371676,0.001915042251600548
2024-03-01,-0.0060485290811909485,0.008225899848415687,-0.009579153725831686,-0.004146967986547192,0.024526918301027514,0.004486628111752871,0.03925129324593684,0.0037575170226514664,-0.008279721023042193,0.012550283446848241
2024-03-04,-0.025708816902432746,-0.0035975271186564546,-0.028024897267236035,0.007473671810284475,-0.008216096868510197,-0.0013967574259415422,0.03531960632965468,-0.07424463938175002,-0.01577145034510574,-0.014082055225360575
2024-03-05,-0.02885324433061759,-0.019676533274039055,-0.00511243249748068,0.009967527847657708,-0.016127248003948148,-0.030018205652819874,0.008540000507930237,-0.04012679843323044,-0.018261835036811693,0.0121906087143013
2024-03-06,-0.005895623965593457,-0.0035094856867787733,-0.009618948102064371,0.005183889203274331,0.011903088817450126,-0.0013918599943856518,0.03133132904513607,-0.023512123304642613,-0.0011631049382190585,0.010639968380081622
2024-03-07,-0.0007097871611195967,0.018897104445031784,0.022425532146803366,-0.008797030044223449,0.031938278745947624,0.017381491145412244,0.043774023748679634,0.01188110874296599,0.01299179442402687,0.005603713683497075
2024-03-08,0.010184615972638245,-0.00834829600574499,0.007635630679594922,0.0018613038113999291,-0.012257713626792548,-0.0071623974167679474,-0.057075343734116324,-0.018701625030085045,-0.0006922383998895807,0.009362785121724877
2024-03-11,0.011762098626482346,-0.01952208072253206,0.01655224184112147,0.00037184538887222,-0.045200538689002236,-0.004193709830120251,-0.020242713117920367,0.013763678693560029,0.02605472647423786,0.0058878104291500985
2024-03-12,0.0027748284205911296,0.01975013161880721,0.006010944075302864,0.00819824700845936,0.03287058473424059,0.026251789489429758,0.06912646738247034,-0.0012947061441473569,0.0004087946610861376,-0.006441628631601248
2024-03-13,-0.012196702578981637,0.006648685830772736,0.00927092885783747,0.008079401933931824,-0.008399360810113365,-0.0004335720989599591,-0.011214439377853628,-0.04646099727496628,-0.0027627110861810594,0.01110871735854796
2024-03-14,0.010868069180664602,0.012327433453265669,0.023402439223001593,-0.017978606778943612,-0.007575525529683107,0.024087341918879412,-0.03292770034054212,-0.042056898779332184,0.002047046807757737,0.017557091189565513
2024-03-15,-0.0021990045163978824,-0.02452200827324045,-0.013508104752077964,0.012319391413117773,-0.015841500612057,-0.020912269442571605,-0.0012173826683706237,0.006563076277915342,0.0037150376645986205,-0.0017958295882250777
2024-03-18,0.006352277950969228,0.00034392410567333365,0.045012216464612564,0.012325152147279366,0.026258239763844716,0.0021588266058699783,0.007011161363183365,0.060664152342604714,-0.00771069761829318,0.009214202312362032
2024-03-19,0.01349362912835745,0.008105519638180665,-0.0044111239944683335,0.005848030477024323,-0.0014901192966863426,0.009752925429751447,0.010604329590601097,-0.014372034891457558,0.012791292628284313,0.007010046687900407
2024-03-20,0.014602040470350148,0.01271024074657137,0.01156310775424804,0.013021840047059925,0.018527814764182582,0.0090239592158556,0.010836124179525826,0.025017133837829976,0.001842912621401189,-0.0008846129341993084
2024-03-21,-0.04171577162145827,0.0,-0.007693759012839508,0.013809553522346538,0.004421380060760006,0.009688815931532174,0.011693698401382463,-0.016299696542812377,-0.0051525275622638506,0.004415332346413798
2024-03-22,0.005296412423057018,0.004033399915744371,0.021249668499828303,-0.012333489686868145,0.0035778816974753685,-0.001468428035421626,0.030736342096140016,-0.01158171211632812,-0.003300127166134861,0.0
2024-03-25,-0.008335280018968081,0.00468522019633587,-0.0046538501369808565,-0.009196837477508654,-0.01295687051512563,-0.013809513104640271,0.0075333384261293615,0.010481683435756076,-0.008586671953167268,0.010169229157257048
2024-03-26,-0.006694691178661223,-0.007876935918428052,0.00399006163306093,0.004660055461874361,-0.014275819176074789,-0.002865604566308325,-0.026030056162009534,0.0287772826285837,0.013146992576971446,-0.007529256178211093
2024-03-27,0.020990744507355576,0.008544428374293455,0.001326626507681875,0.019178328679978075,-0.004101992977516327,-0.0005218488211044947,-0.025284196928703585,0.012084083617363902,0.0016033447537205452,0.010316521301031601
2024-03-28,-0.010615448788374308,0.003053793447902987,0.00039755321164246135,0.0039018700466994004,-0.0169080523847035,-0.0016860823032886576,0.00117385726173821,-0.02272190773999231,0.0032395704278083974,0.010985816664172143
2024-04-01,-0.008491615510567437,0.00326551461029285,0.029765315675159307,-0.006812934093637357,0.011812631577230866,0.009109274931493036,7.747518197212624e-05,-0.0032477284143495326,-0.010158571516156201,0.006431402147148578
2024-04-02,-0.007023430568385549,-0.0015484091821309372,-0.0059991713545872,-0.0004023955078170803,0.012177472338715153,-0.007399392635092808,-0.010132780949812754,-0.05026651935105258,-0.06661803190056628,0.01938528880719571
2024-04-03,0.004785971913959819,0.009474051539763393,0.0023264253947379828,-0.0028199328904226317,0.01866393991465104,-0.002351861140088135,-0.005470320188188814,0.010447544054431742,0.003486067448478354,0.0001676530141483108
2024-04-04,-0.00490427877855235,-0.013300069884866008,-0.028746221507172733,-0.007637566857021923,0.008215033077021114,-0.006131146657306021,-0.034989881506589576,0.016083269202606634,-0.009528702553796054,0.00351437322547351
2024-04-05,0.004491575920656114,0.027777320574842966,0.01300217836401553,0.009158008036457136,0.03163226275459836,0.018117476258187916,0.02418592661593324,-0.03696743555877544,0.0007902894680072915,0.013688030995478717
2024-04-08,-0.006685800561120417,0.0006481667921116775,0.015292313435619197,0.005203009324574811,-0.015459906605380578,-0.0021879015656946096,-0.009992304876429605,0.04783676362708771,0.000570177229296227,-0.00677910234158293
2024-04-09,0.007216322362504115,0.0025885563003378185,0.011237879359363455,-0.006723531599660963,-0.004535943944246971,0.003972343234375424,-0.02062835080327795,0.022295607975213145,0.008124856982541373,0.005212365754066342
2024-04-10,-0.01120159739366765,0.0015069094018642995,-0.002941881472010859,-0.008557883600386163,0.005652317133366803,-0.007109629493065524,0.01954908808289071,-0.02937344256551801,-0.021259057846341987,0.008381992027936259
2024-04-11,0.04236071561899525,0.016533742520170792,0.020726639654168273,-0.00020466612662183918,0.006385490365411344,0.010973012894465393,0.040274367054479655,0.016399556773736196,-0.018682416055937155,-0.0033607174512285828
2024-04-12,0.008589639097896331,-0.015566165935951603,-0.010595005506927765,-0.06686434295208696,-0.021758060973345546,-0.014191417846101784,-0.02718242999347497,-0.020541749097701737,-0.005721329294407684,-0.011727862286850854
2024-04-15,-0.022105800239756723,-0.013577002419975346,-0.018363015719786106,0.0005469535719443573,-0.02306118456232343,-0.01977228713732673,-0.02508915536018072,-0.05757465973833702,0.014534274036243447,-0.0057489328478376464
2024-04-16,-0.019353556294715586,-0.0016350785294987403,-0.0029749854254940518,-0.011493432979705771,-0.0009400653128576457,0.002270098996731089,0.016307735027722155,-0.02743506868222295,0.050879031492378435,-0.0083064244415372
2024-04-17,-0.008180592128471815,-0.011190509048215303,0.006906230642728143,-0.003990273201741007,-0.011248380773711658,-0.006631187187522866,-0.03943342232023164,-0.01062208397137564,0.021311483485094297,-0.0005056986376521881
2024-04-18,-0.005730880853986133,-0.011428682278624262,0.003467282082007383,0.006476110489241464,0.015322024094284615,-0.018552028088972876,0.007539708423837403,-0.036155647217109545,0.02919450860011834,-0.0009276864842782885
2024-04-19,-0.012287856493521756,-0.025944630354616176,-0.012383343584703074,0.02479367858499213,-0.04218885142011936,-0.012820772675326539,-0.10541161544280458,-0.01939578390268632,0.015991457533840285,0.011409413286295973
2024-04-22,0.005078130617336811,0.01477882204751945,0.014112486754994933,0.019242959700202913,0.0013709144861244415,0.004599520864564351,0.04262188827725607,-0.0345935559693179,-0.019953119495282317,0.005656463920220792
2024-04-23,0.006371337015981416,0.0129496869735391,0.012589905628118033,0.014310297426035939,0.029393830449571803,0.016351008446299532,0.03588117058350522,0.018345226676437152,-0.010333438928760255,0.0038909336597720058
2024-04-24,0.012622170360422387,-0.01656734624660272,0.005482500824995033,0.004880415263243358,-0.005254737559082662,0.003649122266556144,-0.033883470643448675,0.11387415621830609,0.002300871933905571,0.00016516122765773323
2024-04-25,0.0051342001822563,-0.016673704471388103,-0.019865689621504666,0.0015007920076649847,-0.11161659408651768,-0.024800250168019906,0.03641598654539255,0.04845814470471284,0.013372157580769822,0.0023104129436765123
2024-04-26,-0.003478948069947538,0.03368654484295438,0.09734784661585123,0.0006204930610171066,0.004318078450495543,0.018079582229954233,0.05992389313707312,-0.011168015552988686,0.0030126077187026994,-0.02816843419409147
2024-04-29,0.024505427304910923,0.007432568410519159,-0.034312933631653074,-0.0010860122521181008,-0.024364529402951442,-0.010067175017361702,0.0002508453632498791,0.14242723171122051,-0.01284074282118874,0.014141589475373122
2024-04-30,-0.018439868510515062,-0.03349007554568368,-0.020491293090390484,-0.007999694182552008,-0.005679252323553476,-0.0326466607599797,-0.015560826742062678,-0.05710084205665045,-0.0109591310074414,-0.011517150030693448
2024-05-01,-0.006065558794395906,0.022599831917240992,0.006612735402743619,0.0006257663121728901,0.020751691420179214,0.014306517104488938,-0.03967672632450052,-0.018113707174260838,0.0008474248301692106,-0.019121358105958833
2024-05-02,0.021792731380613054,0.031455365813882176,0.016703408391557234,-0.0010428556377595592,0.005653316673084997,0.007316026242496513,0.03288290646848042,0.00011105007606901516,0.018136066471394194,0.0018082863372677652
2024-05-03,0.05809564287129034,0.008033933494385928,0.0037143027238786467,-0.006018456521069391,0.023008250932578637,0.021927645828772123,0.03404564131111777,0.006533843535574036,-0.0010554155247146518,-0.002066687911882587
2024-05-06,-0.009148642347803123,0.013283331052944075,0.005128988062308305,0.007790697862002198,0.029905007063958006,0.01677671332114245,0.0370463470180364,0.019511437908750914,0.0039115292659086505,0.006444594460621229
2024-05-07,0.003790003544512616,0.00031790155490520083,0.018565441781210664,-0.00130303850176249,0.005482211241888736,-0.01020812265982287,-0.017362710757614815,-0.03834210509362018,0.013221849542167019,-0.004980164011043564
2024-05-08,0.0018624724800574552,-0.004034374926922967,-0.01097975044920314,0.020135005915915234,0.009268310812391371,0.0029273740638189353,-0.0015693497287826564,-0.017530851194269642,0.004481415067381795,-0.00017217050805570533
2024-05-09,0.00996442931846323,0.00794706169253194,0.0034184227365400455,0.009411257758794688,0.005949353470364016,0.004326442279516493,-0.01858747184555034,-0.015864649448707812,0.007562396987045808,0.019523773942810015
2024-05-10,-0.006914043415283217,-0.010716874256865036,-0.007737500801166863,0.006409830150895543,0.0016392824865278659,0.005851767806543427,0.012663711177820428,-0.020562350450525728,0.011335379692614273,-0.0040607136484380356
2024-05-13,0.017491466112370933,-0.004865607224493341,0.0029010859558134053,-0.00020126789186247172,-0.017348271198040124,-0.0024621791063161053,0.005779878937925263,0.020097034145307512,-0.0020888584172598272,-0.00042398292613531237
2024-05-14,0.006154512363412068,0.002676374471979152,0.007069667538832525,0.013891861913107841,0.008171468262953917,0.006840998050152121,0.010530738831754944,0.03239754278801776,0.004173237814819814,0.006052062215317121
2024-05-15,0.012143975765629672,-0.005789979151338669,0.012658841346583634,0.0029731646240209702,0.020328174834403356,0.017332904499935842,0.03521071762735036,-0.020254418706909572,0.007116196475517166,0.007703731176710088
2024-05-16,0.0006321667142052474,-0.012770048240180699,0.009634026007361842,0.0017796333588569527,-0.017407769275306878,-0.0049522446271565755,-0.0028679622394519495,0.004873391179277019,0.007162177680125044,-0.0060054781410758245
2024-05-17,0.0001580805810540699,0.005809980560830076,0.01073561889796732,0.011393275887287484,-0.0027931915662198787,-0.0018545255571028063,-0.020125173419854973,0.01487402019069651,0.00642517563780768,0.014904832264751844
2024-05-20,0.006143153588128391,-0.006300279871404103,0.004872755865471158,-0.04601549680901118,-0.006526739962580159,0.012134417019466076,0.024576853454161326,-0.014245067870223688,-0.01420567748337658,-0.008140651960350654
2024-05-21,0.00683373098262078,-0.00212713491141393,0.005242950718246492,0.019944840293005993,-0.009020269309140318,0.008661256099799923,0.006373527646653043,0.06446711975223302,0.012144823054501564,-0.006933951928104316
2024-05-22,-0.007566810822664405,-0.00010914608364277473,-0.008299723921605778,-0.006082880221686236,0.00675676106877025,0.0034435341681965533,-0.004581486537601487,-0.035399542384592614,-0.004210994805225951,-0.020315206910984866
2024-05-23,-0.02128301954712243,-0.011423056748417279,-0.016174947753055377,-0.007033975249458861,-0.004284717863902919,-0.008209717108490729,0.08910601283739696,-0.036007818288810785,-0.008707488614022763,-0.01720636095369321
2024-05-24,0.01645219886405186,-0.001658392028660058,0.008263052667283591,0.019063391241034885,0.026357577372769347,0.007373238166943663,0.025397403077139,0.03116576011599187,-0.01689798714346864,-0.0007932771188938545
2024-05-28,5.265746426045162e-05,0.007715628907514658,0.00802517549452636,-0.006046706236065924,0.0035485283486914776,0.00037190282540219984,0.06747570141068739,-0.013989415788236143,-0.008874882830428364,0.012616184946391345
2024-05-29,0.0015777888978180251,-0.0007138953246986688,-0.0028384050572063477,-0.0069918716282771215,-0.011653043475571296,-0.002675924561714929,0.008079626997411177,-0.0031733327174769638,-0.038369667663179154,-0.010766445842119785
2024-05-30,0.0052412016289331955,-0.014944634490046925,-0.021781812538643516,0.00613945583349297,-0.015530154482894633,-0.034370128481740765,-0.03839370451061604,0.014648923152829736,-0.006353764337494924,0.003163277523839974
2024-05-31,0.005006308256437272,-0.01619107105787046,0.0022633938166334005,0.016419855753915035,-0.0004711666394233116,0.0011086220115062476,-0.00787708952691159,-0.003978997402597566,0.028087196866474512,0.028282986547758942
2024-06-03,0.009215918433058742,0.010710931098535235,0.0038765174040314527,-0.004005367553034062,0.022578083733518644,-0.0038859033711567564,0.04779376038260132,-0.010102569596006488,0.004170027404398446,-0.024255793092159226
2024-06-04,0.0016478382207477022,0.0055916049316681584,0.0035737972158451734,-0.013267872059892542,-0.0010477807630162293,0.006147595182606398,0.012418154314414816,-0.008659479988969872,0.01605324748984106,-0.015674741010395354
2024-06-05,0.007790656924307259,0.010759365441920877,0.009278665590233548,-0.009585779842092702,0.03718350174812184,0.018903724939044592,0.05027095187386911,0.0013151256990527008,-0.0046994654248531265,0.003986055868724262
2024-06-06,-0.007121945571507548,0.02031303453242799,0.007496862108005871,-0.001775850776415427,-0.002629312324760773,0.001201925109609314,-0.01184713921046339,0.016660454613497404,-0.0023880631599402574,0.00748601234020109
2024-06-07,0.012316075200963486,-0.0037909438439048654,-0.012927552483864192,0.015320601439714754,-0.0016214860726473017,-0.001579363510908498,-0.0009095185212369781,-0.0025885260992180074,-0.02262813095851284,-0.010762241701335915
2024-06-10,-0.019333686871833674,0.014864526720524128,0.004294510570227968,-0.0017018771568365113,0.019366468759553286,0.009439704959640471,0.007433582484854087,-0.02101026729322036,0.008745262812190357,0.002922395868371124
2024-06-11,0.07013152022917707,0.0009083768397987709,0.009157451575105263,-0.026653422897425026,0.009642920185121976,0.011179058375908662,-0.007169482228890164,-0.01817434057762428,0.002461532299688088,-0.008079799550831039
2024-06-12,0.028177567951384257,-0.0018175795783648761,0.006602597619780856,-0.014667598771283106,0.002696175582048688,0.019182486577390634,0.03486582907842874,0.03811347747393242,-0.0063681523208017465,-0.011116179408715123
2024-06-13,0.005476087718752531,-0.016508777761010902,-0.014903162664983371,0.011059600903439203,-0.009359048912420762,0.0011783033431882813,0.0346174635079764,0.028799010597446485,0.008542194463225834,-0.008055487359692734
2024-06-14,-0.008201877602208267,-0.000925185330377967,0.009262631710844961,0.0006194816013756623,0.001111392914929451,0.0022394130036190937,0.01736260322111678,-0.024746085007725318,-0.0003619477937726694,-0.00848738706617513
2024-06-17,0.01948046831688746,0.002175536021534634,0.002542111777546781,0.006173390445344968,0.0048873813114536455,0.013020225852251713,-0.0068478547552668426,0.051619109593938894,-0.011765461347295012,-0.006897585149280217
2024-06-18,-0.011045282119043577,-0.006814429382413544,-0.012204596898364665,0.010306763795007792,-0.014193471257897777,-0.0045378727261674275,0.034517173360562335,-0.013860022086213656,-0.01686151578107523,0.009369049362707837
2024-06-20,-0.0217475833377525,0.017836847681061675,0.0068870675690557446,0.008441484774951576,0.0044147906038264715,-0.001434910970147119,-0.03604521722785358,-0.017957490517488177,0.007187567397149282,0.021346719841658524
2024-06-21,-0.01049932057334339,0.015886019163884733,0.018712173452754437,-0.012001289925133128,-0.013889077902391703,0.00911250435113636,-0.032721060319442094,0.007899471520701,-0.003991329654895353,-0.008809106935243489
2024-06-24,0.0031276686265077507,-0.018738006784044702,-0.0022852357606954277,0.013057692879156039,0.008312533511309773,-0.0047022414045277405,-0.06917909277852484,-0.002352322975825913,0.015197229277265373,0.02927135479962662
2024-06-25,0.004458263853892413,0.004140733544431204,0.0264845918870418,-0.004081045503596591,0.023160683707874632,0.007300110714339711,0.06537957820588033,0.025790114652126835,-0.011247215503538372,0.002801874389537545
2024-06-26,0.019795998917311906,0.03827288718411035,-0.0008154018186253339,-0.003236411787054551,0.004923306489780247,0.002679644452261746,0.002455516174175349,0.047022052078927956,-0.0009497473262811252,0.000349558337174619
2024-06-27,0.00397806698612721,0.02166336912708652,0.008286397629486382,0.008774513089655246,0.012472575445458208,0.0015248394526666165,-0.01925058090953915,0.005332819818052439,0.004945916879053231,0.0042738332707641675
2024-06-28,-0.016387805165370795,-0.02352451121310858,-0.017739182411229387,0.01539527831451953,-0.029969656394417947,-0.013114153444845194,-0.0036358438127209523,0.0023273813203096337,0.0458451751506412,0.0019129153578083275
2024-07-01,0.028689160142552406,0.020233739225558187,0.004600982120870515,0.015648732029204065,0.0009118373580792946,0.021645638668184367,0.006133019884037028,0.05877983360300819,-0.029108401586337998,-0.0013909705739258056
2024-07-02,0.016109481334685347,0.01409893985494711,0.0122208822229298,0.016317793095631795,0.009505251830912193,0.005567535532522764,-0.013200248965386872,0.09710195030947986,0.0072315412099806554,-0.006808122740274767
2024-07-03,0.005794254495032921,-0.012123208336190894,0.0031261786433746932,-0.0006705068206551506,0.0009024524770439365,0.0032389655266940477,0.044717494261948036,0.06337304899541438,-0.016901033848780465,0.005066915014127665
2024-07-05,0.021389893216534898,0.012123208336190851,0.02539851822986063,-0.013339025814981318,0.057070251729893814,0.01462873722186165,-0.019283465574093748,0.02060688228437311,-0.0038448394742746517,-0.012186198722337225
2024-07-08,0.006517597923313741,-0.0035563498917093785,-0.008271320958866972,0.0018537223478245642,-0.019809339582791997,-0.0028271922378379838,0.01865966534727492,0.005629789876539415,0.0027215098458233523,-0.01055206724745672
2024-07-09,0.0037677404831677726,0.0002508745118109151,-0.0002645654824352573,0.011918829264135473,0.0012837463671740252,-0.014474422716099855,0.024502395790775577,0.0364508858978897,0.005644620696632375,-0.011115183306960057
2024-07-10,0.01862899159296364,0.0022548901390979956,0.011574124162818725,0.0008183611258553634,0.008810412052136495,0.014495963082314794,0.02651406838403026,0.0035389720904070512,0.017764234513547635,0.008794730442940511
2024-07-11,-0.023494672363996685,-0.02401082970854252,-0.02978316282639449,-0.0016857540349656459,-0.0419964009459574,-0.02508400826223878,-0.05727626224805168,-0.08822077208547265,0.006823925561544234,0.011813562129748552
2024-07-12,0.012966544926760698,-0.0028751754997392003,-0.0026979320808888734,-0.012173125895394992,-0.02734536133645686,-0.0025326070134002753,0.014339715561057837,0.029434316513726216,0.014115944647123901,0.000176522938801434
2024-07-15,0.016604644362444777,-0.009142411458262565,0.007857916408374696,0.024628301601671967,-0.005447076122827889,0.0009037758152842881,-0.0062098019719777535,0.017609829570940913,0.007478915961281394,0.01698209631588571
2024-07-16,0.0017901574487537537,0.0015554679731073517,-0.014091107210233472,0.016853314405130857,-0.012921706910679407,-0.009828822670283803,-0.016326646234540165,0.015396997777534727,0.06297653227270412,0.007178500181161803
2024-07-17,-0.025621371734251684,-0.026724318518412248,-0.015893596905951147,0.015099230884598584,-0.05843347007185047,-0.013437452779807872,-0.06853520281772835,-0.031919700332288976,0.04351246281118695,0.01369409589687981
2024-07-18,-0.020748553884112477,-0.022493376002440963,-0.018566891074302396,-0.03228581379449673,0.029559425277360395,-0.007127534336720991,0.02593422338768684,0.002933302220995548,-0.015717145711105013,0.009812299795114807
2024-07-19,0.0005798251490010417,-0.0033798282769946274,-0.00016893102358023186,-0.00095279736394569,0.001973429526025816,-0.0074304846358077825,-0.026442716262785885,-0.04107613843938729,0.0017526873310054053,-0.023247917979659825
2024-07-22,-0.0015617232391502728,-0.003172184996925187,0.02232037033026113,0.0023804824340505955,0.02200892223405908,0.013249399465881247,0.04647376145775398,0.05018271902171053,-0.012101140215128597,-0.006916225039680384
2024-07-23,0.004677598164262355,0.02092444370758336,0.0006601388020327904,0.00023777466913632394,0.0026432724567888874,0.00430293082596118,-0.007719628829657831,-0.02060764898795659,-0.006881203651976682,-0.01626770113043764
2024-07-24,-0.029175957817602124,-0.03039119500388669,-0.051701480020039985,-0.008307152321796733,-0.05774483089805179,-0.03651336357536553,-0.07045644503359151,-0.13164294360339135,0.009062858751138226,0.014009522076332178
2024-07-25,-0.004816132906842135,-0.005434169444389781,-0.03148163099871813,0.0003834938562235717,-0.017186756539060377,-0.024785845175615877,-0.017393282313698747,0.01953112906763447,-0.00012514742913951536,0.020823391736393766
2024-07-26,0.0021587301442898927,0.014626968944213104,-0.0016752731089127839,0.016963754436467762,0.026744832791976373,0.016286272262572295,0.006922972390352128,-0.0020452089625195087,0.017779954334170713,-0.0008519823401603045
2024-07-29,0.0012837803839983878,0.0038282625594168156,0.015036237886891634,-0.006570735950573541,2.157210438049944e-05,0.003427374936973697,-0.013087293475747261,0.054450283723543685,-0.005226724035351769,-0.010538594383576662
2024-07-30,0.0025626270456538046,-0.008166388972744573,0.004472850647381583,0.02037433161097618,-0.005425935144649807,-0.008968722335092872,-0.07304002489636705,-0.04170207944562914,0.016762146898447534,0.017672510826534513
2024-07-31,0.014879606517217859,0.02858958980412218,0.007313684012141025,-0.011168648171573176,0.02481962738800242,-0.010864431181259996,0.12055345934994535,0.04157282172336867,-0.00029508437627115213,0.003547757659147142
2024-08-01,-0.01689251587949714,-0.015685476578311947,-0.004557418963844818,-0.02300697796824392,0.04712100159492681,-0.0029685281248100124,-0.06907223864812435,-0.06778709499652093,-0.005901095313287687,-0.013925703851121126
2024-08-02,0.006845779612201207,-0.09194763210362274,-0.024303196398262675,-0.04333763303166678,-0.01947565167443516,-0.020882559693781375,-0.01792359591574375,-0.043301714320780345,0.029350161123433118,-0.0005987248009940452
2024-08-05,-0.04936563244440699,-0.041839920325843556,-0.04548051774038492,-0.021521465734841778,-0.025751764382815838,-0.03320194390006611,-0.06568884763989254,-0.04324862022379944,-0.03426830348752941,-0.018217587161806104
2024-08-06,-0.009796050640925261,0.005635490449044775,-0.006046582212744378,0.02752928171547405,0.037867292918522075,0.011223473926345772,0.03713176642595691,0.008810602088580683,-0.0028286321386831997,-0.005329135013700213
2024-08-07,0.012420842045709223,0.005174089797253657,0.004098032060401243,0.0002993978142836313,-0.01051887708245143,-0.002957094332507587,-0.05258160906433192,-0.04526769292244102,-0.004002090420023984,0.013226827390048974
2024-08-08,0.016496458422253012,0.0184440734555928,0.019254566327017053,0.018098850462903392,0.04148614568589112,0.010635223699256395,0.05946423023994689,0.036255901329012616,0.0002825210346113565,0.018924220856165894
2024-08-09,0.013642437734129192,0.0068522199395901024,0.010070736981761327,0.008490628939606344,0.01584604021960165,0.008235375699271468,-0.0020979349489128204,0.00581690373893266,-0.0132979955420445,0.008110117676741831
2024-08-12,0.007104625828735031,-0.0008389728264874979,-0.008467285092604472,0.0018933699828339535,-0.003521261419337253,0.001943888551974174,0.03995475736717387,-0.012629388585244743,0.011618953301836614,0.0012614052113489077
2024-08-13,0.017046976914585166,0.020354930507755713,0.011456836280390814,0.008451382884667152,0.024108731870632,0.017543794170137707,0.0632650084405513,0.05103246867853809,0.01570850903305727,-0.009626009670424087
2024-08-14,0.002031526339745476,-0.0007639034445704183,-0.023358019275657144,0.011000237610731767,-0.003373561489525076,0.0068603183803672045,0.016565919316263666,-0.03152675190710158,0.009411450335053369,0.009205626713100287
2024-08-15,0.01343984942002915,0.043090966761615855,0.0057823280607314,0.006211533742850584,0.019867496833934475,0.01175435520268586,0.039683311634968924,0.061436309145650216,-0.00010333007048635315,0.006167466362138372
2024-08-16,0.00590114385423132,-0.002988857651035908,0.010239038410385237,0.011374428636030243,-0.018615494078255457,-0.006098887628170807,0.013902529388816446,0.00920378250292453,-0.0033354242363218137,-0.004727709221270376
2024-08-19,-0.0007082123398142163,0.006530104639669463,0.022510834932102684,0.006893096231736245,0.003520626107346211,0.007285925276823462,0.04258635400121966,0.0300815962441386,0.0019024645119702043,0.0030417430004775724
2024-08-20,0.0027410073983211787,0.0036964682293246748,0.0030551180784731406,-0.004325896025907448,-0.004829554131012157,0.00772740390732754,-0.021380741668599833,-0.007300267158314731,0.003225730370129103,-0.033892734615191225
2024-08-21,-0.00048572589701869034,0.006852561474421805,-0.00798713221222423,0.00037289484730821054,0.015877553264652487,-0.00155490729640548,0.009775105427488938,0.00976670507756732,-0.004453282576844952,-0.006391491420510687
2024-08-22,-0.008294054163206246,-0.02234539227075752,-0.012437611463899314,0.009414945474109402,-0.0060535845712954405,-0.020460614749835942,-0.037746249898085296,-0.05813634375381778,0.0011237322557930904,0.007699716155210165
2024-08-23,0.010235611546731548,0.005153271352930898,0.011049941407184596,0.007725241099102308,-0.007415760400614766,0.0029795735240660307,0.04449392110570792,0.044835591431516886,0.009955139704606202,0.013763428358495347
2024-08-26,0.0014977013129365655,-0.008736614913990125,0.003255018675145255,0.003931658736427255,-0.013115909163744456,-0.007949229783052039,-0.02275047003506006,-0.032803441227522996,0.004472299403435569,0.021180652745383007
2024-08-27,0.0037345363947242772,-0.013654075452589952,-0.00894706504630333,0.004597680629569913,-0.0038840358943123313,0.0008460430715027898,0.014445241297917681,-0.018939062709292416,0.00037469844336160136,-0.009556551883494718
2024-08-28,-0.006776371617467972,-0.013491668231426824,-0.011174646619800301,0.00502868351192165,-0.00447912288341132,-0.007859769901952382,-0.021189372270644637,-0.01667672472989858,0.0020240520072312956,-0.009906129938223155
2024-08-29,0.014465145148880126,0.007698580379841969,-0.006592053621899206,0.004148823317248048,0.002782534707654905,0.006118585124450875,-0.06597795355688367,0.0025726237078790366,0.005134948252062163,0.013722695090278429
2024-08-30,-0.003443896986593339,0.036396721617948,0.009841363367082249,0.011588303503668398,0.005945250930745001,0.009683792815548002,0.015024027978913737,0.03725544123667223,-0.002318504898481812,-0.0016094917040797374
2024-09-03,-0.027582126400669406,-0.012685159527315687,-0.03754251140251659,-0.02022096569771859,-0.01848918343235848,-0.018631570149792203,-0.10009672409192022,-0.016529275820300126,0.014265796295131321,-0.021165395317847006
2024-09-04,-0.008656188095790844,-0.016706139175178974,-0.00579975940336757,-0.004412761340980942,0.0019129185250793966,-0.0013196439444105425,-0.016713045686887293,0.040981513663141275,0.00914502435469597,-0.012286129646271085
2024-09-05,0.0069038910994397,0.025968075788917713,0.0050369000947479885,-0.007781153290886794,0.00800327442360059,-0.0012481208635676515,0.009371310506825256,0.047876016035803666,-0.014487510894467412,-0.007833528578800687
2024-09-06,-0.007039707711997132,-0.03722372046282126,-0.04102347370036303,-0.024042550096708828,-0.03262414207184945,-0.016516977687508108,-0.041712338176928654,-0.08824048544582774,0.00233141656947986,-0.004694253492308966
2024-09-09,0.00040753369216270797,0.023127387297091972,-0.013425721658091458,0.02026761746984833,0.0089945651051339,0.009957728389003249,0.03478611417986346,0.025949973905266994,-0.004668496304213617,0.020822191695561335
2024-09-10,-0.0036279779390033322,0.02338469252840609,-0.0003361737724717621,-0.05328332186759502,0.0,0.020685657133350063,0.015193270603914415,0.044759273955983725,0.0082640865692138,-0.03711176274471702
2024-09-11,0.011518566410296529,0.02730414417528586,0.016676844267695144,0.008091165124416797,0.013850129612375238,0.02111777191727003,0.07834787943607494,0.008628742512625562,-0.015613015159637643,-0.009975646423657766
2024-09-12,0.000493882544892547,0.013350735010507195,0.023084281652383888,-0.0030445863622128675,0.02654806727116935,0.009317145290869347,0.018980388129862528,0.007337206636805016,-0.0022576260257816164,0.013668527321138641
2024-09-13,-0.0012128812986601006,-0.002730969055689944,0.017748371442787382,-0.011097234310015039,-0.0018663631297906698,0.008372369146053278,-0.00033581504277515684,0.0020864851607279924,0.009976965327684958,-0.0007194530432211581
2024-09-16,-0.028168099435176897,-0.008616597457795744,0.0038031040744312475,0.017177395137398258,0.01732607111128681,0.0017403990351674452,-0.019671612015246646,-0.0153589759450266,-0.005214477282102057,0.013937529229917471
2024-09-17,0.0021702266753216653,0.010705675426824473,0.007940219914801566,0.006664939888081593,0.005684217530506073,0.008794161734558511,-0.010242418588435663,0.004794890315022082,-0.019159057570492473,0.012957868082149873
2024-09-18,0.017829881347589237,-0.002410931547252041,0.0030708310186467443,-0.008253820586087018,0.0030347181338402757,-0.010023564038059176,-0.01939264921861312,-0.0029445960609886415,0.004643469201802709,0.003497225514997746
2024-09-19,0.036395238935694955,0.018283807518041345,0.014474497798976792,0.014114751067658703,0.03856257772496586,0.018125724095737827,0.0389255933202048,0.07100962175825201,-0.0061847026156707455,0.012316899128708009
2024-09-20,-0.0029317585286309823,0.009070295653554553,0.00890311842047202,0.002893869846945657,0.004016235777386787,-0.0078264522197865,-0.01599217928391535,-0.023519752638904136,-0.0035935249693111854,-0.006313003404746256
2024-09-23,-0.007610039679062426,0.011829538769620484,-0.010693198761978589,0.0016567844672903988,0.0054362057431858795,-0.004051686304327676,0.0022388347228537477,0.048140375327935025,-0.002769026654005433,0.01796898379531749
2024-09-24,0.003966191805385207,0.00041255068996117736,0.0027148618959564135,0.0007090929759508285,-0.0019149548429276244,-0.010061675759257274,0.03888657411921158,0.016935793509053217,0.0030995031444741336,-0.0026449621135665757
2024-09-25,-0.0044077920185332,-0.007400007450933529,-0.004941573244342637,-0.006638568217793156,0.008801162593864988,0.006826982750636285,0.021606582998743813,0.010757148762662457,0.0019451293290112372,-0.019671126288461488
2024-09-26,0.0050672747834295635,-0.007141186533660476,0.007649178981650463,-0.0019524211503155603,-0.0008272010976003665,-0.0018530739211141444,0.0042818596229855545,-0.010953821465680538,-0.002605970174521837,-0.017313680287829612
2024-09-27,0.0011859335986876128,-0.0168284107446147,0.007468890007493758,0.0034261928103092587,-0.0008456299773636429,-0.007657239654921941,-0.02151320127664522,0.024249227064234113,0.012173024873087418,0.02642076260856884
2024-09-30,0.022614431919190426,-0.008763077056375612,0.011522393942353841,0.0017088551974921375,0.008913945259809394,0.005312742442450049,0.0003295797127044908,0.004482044837533062,0.004852048405166691,0.012015339914742183
2024-10-01,-0.029574783210967476,-0.006460997690134298,0.006850279438378284,-0.018282315293878172,0.007015073226576394,-0.022586350544685573,-0.03724651998969908,-0.013894251852425751,-0.0023631936083667758,0.022855688291641175
2024-10-02,0.0025165742644621077,-0.002000651545077023,-0.006790005101242286,0.001206509401939936,-0.006369076433023192,-0.00849835987973379,0.01568826552025279,-0.03550382703625727,0.015328685081236769,0.01317057756312316
2024-10-03,-0.0049066502129254215,-0.015270736231762942,0.0,-0.00998736024065109,0.01723861340317113,-0.0014153323725967306,0.03310196395956891,-0.03414806745440706,0.0007425518448261109,0.008685146557118356
2024-10-04,0.004995043077509555,0.024697907897679776,0.007208877997280608,0.03487821535713581,0.022347192192668047,-0.0011530751046123751,0.016709447563767594,0.03839570976808335,-0.002618190411619777,0.018188852936408775
2024-10-07,-0.022788683345277515,-0.031093362659704415,-0.02472544217390223,-0.0013739289984613622,-0.01890423445035134,-0.015794916940013764,0.0221667717140929,-0.03768957599969925,-0.013007327808564756,0.004316562900077959
2024-10-08,0.018236814306916337,0.010563468311108654,0.008553404208594444,-0.0008538632280992006,0.013773266268622849,0.012544905224485375,0.039681232509805514,0.015124010919583781,-0.0033986693840495573,-0.02692057583016611
2024-10-09,0.01656049773203383,0.013319379012842232,-0.015449102028622664,0.012589639022764356,-0.00402243274867664,0.006609203252368461,-0.0018075110362564127,-0.014210915403026646,0.016439575417396976,0.00040964694958663887
2024-10-10,-0.002180699851122736,0.00796086049904925,0.0013582210475821372,-0.002721290060850737,-0.011376617044589437,-0.003888011157815576,0.016152308494313056,-0.009503630132407154,0.010900785772289812,0.008563457107146304
2024-10-11,-0.0065266609233891075,0.01155904643352474,0.007131454134395387,0.04344217007820237,0.010427891912433094,0.00115353604045532,-7.414295172611436e-05,-0.09192353886888906,0.000585431665606695,0.0038095501279311605
2024-10-14,0.016345613943503746,-0.006802098901968148,0.010481618172154893,-0.003650622810242725,0.0007963158541076736,0.0067507992103264915,0.02396856029800029,0.006224848869363662,0.012215132021993548,0.003795157651011776
2024-10-15,0.01096435662917942,0.0007995584839864811,0.003026321639831106,0.004100250290155632,-0.007053437299707726,-0.0009547422151494314,-0.04799373574981824,0.0018690482583788197,-0.08459976893263477,-0.03052245823929739
2024-10-16,-0.008891360997468364,-0.0042714734594326426,-0.0018145635601358103,0.0056051892560761195,-0.01630230823600082,-0.006276584883329331,0.030826910106662823,0.007983687088569507,0.026694749390532655,0.0025726645310355546
2024-10-17,0.0015951415232058656,0.003418620886077508,-0.013594182847081217,0.0034815725252520724,0.00024273163338527713,0.0014408914975963948,0.008875699903605703,-0.0019899714413276278,-0.00933734639927472,-0.0025726645310354943
2024-10-18,0.012201807667000455,0.007755306570388279,0.003002893488639604,0.004224064411429761,-0.0007979050520389399,0.0034496331564147515,0.007784048177151548,-0.0008605378505268966,0.006304727215606894,-0.0028290504346895917
2024-10-21,0.006278084577474756,0.0004232229251258213,0.0039695412180331445,-0.010571518202289378,-0.002275009659092363,0.001481597645644613,0.04054361255893742,-0.008417707909120813,0.0032602241732974145,0.0005831022313910632
2024-10-22,-0.0026250991805514532,0.0033265052557146266,0.0065006848812672515,0.005009756441536015,0.0118395379402911,0.02063187616318692,-0.0008353583882615282,-0.004029147285192923,-0.002821325161715182,0.0051498502644715905
2024-10-23,-0.021860348392230507,-0.026656796914304174,-0.014394172557585962,-0.003172903586503081,-0.03198318876890702,-0.006830152470504325,-0.028467396044923158,-0.020018310718538105,-0.009202358244845629,-0.003568884787831102
2024-10-24,-0.0008236926694633689,0.009000562616286057,-0.00036882872202107897,0.007002731902901058,0.0072294316406289775,0.00030616093375025093,0.0060721312579055785,0.19818699146920774,-0.0068062960036968925,-0.00566997452418043
2024-10-25,0.003636615706932397,0.00774968161813032,0.015549650609230572,-0.011938663860531277,0.009588030386619602,0.00801996727292556,0.008015632664506103,0.032891334056112616,0.006664413180076333,-0.0008365319577289096
2024-10-28,0.008562540672588388,0.0029769707636567114,0.008735331431271547,0.014247452757748788,0.008528591712347851,-0.0036502468233984625,-0.007232379466956991,-0.02512824530239814,0.0012037305946533754,-0.004949786152312347
2024-10-29,0.0011562055631521959,0.01286871001658346,0.017598399786626834,-0.011597054466689252,0.025816028313318633,0.012486576216745274,0.005181364081521971,-0.01145548515134625,-0.005517141873324079,-0.013718594804103295
2024-10-30,-0.01539588646723029,0.009907234588807736,0.02778130592405682,0.00675162984492303,-0.0024978670381842513,0.0013417683100724817,-0.013614328493164187,-0.007619899978935549,0.0014752489082555983,-0.005043432673206874
2024-10-31,-0.018377124141083986,-0.03339535403553647,-0.019388882439797157,-0.011157892872503041,-0.04178698044892692,-0.062436894245329576,-0.04837410230040139,-0.03035306639591626,0.0027322160783236197,0.0007709210499327482
2024-11-01,-0.01336871424259598,0.060018526321249224,0.0010513347092149013,0.0045857595106540035,-0.0007402668024920348,0.009844413938017153,0.01969047442405679,-0.0034882074251496174,0.00540581656245604,-0.015794494076161236
2024-11-04,-0.004045708472273717,-0.01092182223034851,-0.012040136975284707,-0.014275757534269191,-0.011491009770449917,-0.00466531022414025,0.00478911109769862,-0.02496977961188894,-0.017399751519291618,0.03134353236468265
2024-11-05,0.0064653415487007475,0.018822662731709527,0.0029501718863900396,0.007750477090855713,0.020740042372651493,0.007317863330788807,0.027976859409581868,0.03480162701711456,0.016465687316795,0.002946507271589255
2024-11-06,-0.0032724142640374516,0.03733922736991443,0.03910949375685191,0.10925379856336143,-0.000664024324899184,0.020971387131199563,0.039932517138764084,0.13759466024737685,0.050985438583716944,0.017003265297648566
2024-11-07,0.021146995079634842,0.014192148444279072,0.023737471237750413,-0.04419051926378047,0.03377325154813215,0.01241712255629373,0.02220875656783599,0.028630012464395397,0.014574236183269274,0.001238922864446988
2024-11-08,-0.0011889038318105918,-0.008942557238934116,-0.013366947662009802,0.0025350482117819035,-0.003996477778698508,-0.006816136140856172,-0.00843155176795542,0.07869717552417867,0.016966423996154775,-0.0003302071330790942
2024-11-11,-0.012101585643438287,-0.006457525082191786,0.01115160775966187,0.009700443325175216,-0.01052463288050364,-0.01077878182652709,-0.01618390385970431,0.08580690404849912,0.015213147652608295,-0.005298465561493405
2024-11-12,0.0,0.009958024917575062,0.007017059996762713,0.0011276824366424013,0.002825583521569543,0.011937662503231857,0.020644547734824752,-0.06342678815128278,-0.017066106713873614,-0.0009966792393766456
2024-11-13,0.0039613681193352126,0.024539669362855586,-0.015201393522263332,0.006656759215216059,-0.008276095393466229,0.005116509029582459,-0.013715464018789278,0.005313266949669512,-0.01441999794681808,0.009263224075582284
2024-11-14,0.013676494129966283,-0.012312812938838414,-0.018620430182169884,0.002939712791084527,-0.0049085383281332814,0.0039668422667232615,0.0033444182658013606,-0.059448133931949705,-0.02121828159921655,0.000663801260202026
2024-11-15,-0.014209726692821893,-0.04284745921407266,-0.017755480639523494,0.014122434059854642,-0.04081049005949785,-0.028247802976064634,-0.033112678325264884,0.030196972790488486,-0.0015522288180785141,-0.010422411919904631
2024-11-18,0.013333061706218017,-0.004501522120521847,0.016159478620187923,-0.0011421238135254105,0.0005772688698065526,0.001829683968053372,-0.01297273396846009,0.054664350493325395,-0.004365663453300714,0.008346601558348384
2024-11-19,0.0011395214139796,0.01432430133148399,0.015958708807999208,-0.007948971140280793,0.011994989191773907,0.0048705310063934335,0.04778737867398429,0.02120595242401374,-0.02168705064417739,-0.014062506279739657
2024-11-20,0.003149100785451033,-0.008491035845116046,-0.012087337892055875,-0.009548079500341845,0.007864458307517853,-0.005520365888647077,-0.007647718415685755,-0.01154032611298051,0.03992026079078621,0.014145522876377404
2024-11-21,-0.0020982310689191806,-0.022430287385072762,-0.048611008610601934,0.016394556281714295,-0.004306256678330712,-0.004326054921212119,0.005332321832623484,-0.007012172684276001,-0.0050249266896150524,0.013292304940493415
2024-11-22,0.005890135574902158,-0.00637175235688548,-0.017269318362218306,0.015365962018763375,-0.0070396288577806105,0.009953357355636724,-0.03271024350147696,0.0373345373484672,-0.011141730602214357,-0.0011488785555928737
2024-11-25,0.012966502824067869,0.021728540914003922,0.017388583458531656,0.006976134317699679,0.010620519025923989,0.004283448829625518,-0.04267303581087694,-0.040430888534493496,0.025003457221964655,-0.015056523424409841
2024-11-26,0.00936033217097807,0.03132358260823746,0.008730083027415658,-0.0012793830179166337,0.014807168748350554,0.021730211507660867,0.006594725462232286,-0.001063755153845317,0.0015834734428587962,-0.016811366369835164
2024-11-27,-0.0005531645317349096,-0.010251516694207487,0.0006501877926491718,-0.000720333365239421,-0.007595621929061107,-0.011751281257226376,-0.011606533303672666,-0.015914020837727676,0.0026168993818758003,-0.0026312551255347236
2024-11-29,0.010164053303472063,0.010395828320660513,-0.0016559383518349063,-0.0002803049888469649,0.008954842407090156,0.0011104912861170885,0.021273593620852658,0.03619593916712737,0.002987192079749092,0.0025465847453713126
2024-12-02,0.0094773534210592,0.01347372166869659,0.014922149889375479,-0.013992902769469923,0.03172084097060726,0.017602740768878116,0.0027447815745265058,0.03397975234247804,-0.0027572357793213586,-0.0009330720085354264
2024-12-03,0.012691009298981702,0.012872961773847143,-0.0008749684830056413,-0.005824046867871793,0.03451709956646903,0.0005103741260495548,0.011689326611084686,-0.016005713052796626,-0.005421209118106108,-0.0015284902225093707
2024-12-04,0.0014825075801124887,0.021872981158048213,0.01752940244697947,-0.005817195851084175,0.0002118511204675801,0.01432170936149136,0.034200872546373697,0.018355288553428408,0.009144590584168817,-0.029232485098895776
2024-12-05,0.00012340629053475874,0.01089568506430291,-0.009970884789991618,0.008509358677616053,-0.00793325513118744,0.011817856918785943,-0.00048226573776343076,0.03178623389945424,-0.05350242436845966,0.004365537912247865
2024-12-06,-0.0008231861191854704,0.0289577215747153,0.011919031533021611,0.007629334161548373,0.02407842147372288,0.0021439657974809483,-0.018226669049069347,0.05202108959673976,-0.05202360037098743,-0.01059772598718923
2024-12-09,0.015972889432687393,-0.004149028072046304,0.004915884284555889,-0.014455467227323814,-0.016487271166789122,0.00550821146747958,-0.025814776120378517,0.0014634148953150045,0.023644501956155983,-0.005916978472826262
2024-12-10,0.004125258950728036,-0.004654999543156226,0.05437632966192577,-0.003904092157871531,0.00932753675754742,-0.0060494140799381,-0.02731302825582005,0.028328310501358537,0.008118670669646857,-0.002039277322169121
2024-12-11,-0.005179501014866014,0.02293094704166905,0.053774445177567666,0.0027548727125461976,0.021342753229104904,0.012686236526181975,0.030908587680360984,0.0576113551148347,-0.057646656402751864,-0.006678865709318923
2024-12-12,0.005946060380318725,-0.005618085452278564,-0.01776168908650935,-0.00824633550616263,-0.0029918971021297867,0.001268656891704833,-0.014242130807284472,-0.01582716714006912,-0.03387377289077349,-0.000893837930906806
2024-12-13,0.0006852734550317814,-0.006616567663893641,-0.011210817861434071,-0.0066047696679548415,-0.016689022556323912,-0.005106889077376896,-0.022755843422417737,0.04244899941747966,0.009109827586805244,-0.008802862019782871
2024-12-16,0.011659484852597643,0.023763519526408726,0.03540001582470348,-0.0015016075793522863,0.007057396481549712,0.009612238580507748,-0.016901799807731075,0.05960057359180242,-0.043147747079226056,-0.021614041504376576
2024-12-17,0.0096725957198079,-0.0076711237701660145,-0.006325231349229663,-0.00510523963591842,-0.007719125004877866,0.0063352395964357015,-0.012272009222631544,0.035724138195772255,-0.02638320483185994,-0.004249744161679526
2024-12-18,-0.02165450734388758,-0.047078410933269275,-0.036583630911262585,-0.034095479458536845,-0.036580420063375405,-0.03828465258586451,-0.011415398538858645,-0.08642421525210743,0.028827412525950103,-0.014830270452193177
2024-12-19,0.006990182973477677,0.012482931876037162,0.000583571526291184,0.011180238181032653,-0.0027165412601105345,-0.0008236022350447786,0.013637014607913951,-0.009038042516689774,-0.021174195010492843,-0.00858782297797167
2024-12-20,0.018641115109464066,0.007273430311082978,0.015266760785834303,0.01972162258110588,-0.017479798115027662,-0.000984253822236519,0.03029851814395633,-0.0352567708528249,0.02199438551080686,0.0034060962158782614
2024-12-23,0.003060292464665465,0.0006222471909635992,0.016682720918207855,0.003319512837491978,0.024640531060664262,-0.003096853190786421,0.036232395722880506,0.02240426356053564,0.01234036206248174,0.004053388823570847
2024-12-24,0.011412464240139409,0.017573311182246015,0.007575303709048106,0.016309832521822193,0.013083990724303649,0.009330257954312613,0.0039302246608490955,0.07099116636191981,-0.00047417473419468904,0.0009403072229705345
2024-12-26,0.0031707796809900615,-0.00877006267142877,-0.0026039145302452606,0.0034195459642464266,-0.007266150640609155,-0.0027807993110015726,-0.002070309525535561,-0.017787254049436575,0.009928861113639822,0.0008456341059263014
2024-12-27,-0.01333053752377513,-0.014640913829901727,-0.014625933441211797,-0.008135305328204013,-0.005884511672357999,-0.01745312351734642,-0.021088521583209213,-0.05074526160258332,-0.0022720295852072113,-9.394913383997067e-05
2024-12-30,-0.013352137010000494,-0.011010096307821616,-0.007916698710464676,-0.007700582028264864,-0.014391090927179054,-0.013327786175498098,0.003497230778767141,-0.03356928885086787,-0.004303375292458091,-0.0067848349417680386
2024-12-31,-0.007082945445313276,-0.008668295678212696,-0.010196108120292043,0.001628372675665183,-0.00973860087853076,-0.007869299324253738,-0.02354938461416516,-0.03305021011916344,-0.0038278559185167646,0.016969440822681058
2025-01-02,-0.026586223034352634,0.0037760870596221323,0.0006863906361788347,0.001209072279798939,0.023178933646981634,-0.006951835770878205,0.02949580955754961,-0.06274403546918701,-0.0026722757437226477,-0.0024199219772777407
2025-01-03,-0.0020114679136594873,0.017866865271653997,0.012381516432488178,0.01357407390670347,0.008954473232076054,0.011331311650952598,0.04357446913879789,0.07895504556688626,0.016688293498712533,0.00511222086270839
2025-01-06,0.006716337466353868,0.015139723199454136,0.026142590346137216,-0.004887371361598439,0.04142049655335026,0.010573388610832209,0.033756097968553084,0.0014850709586745647,0.0013051384169351274,-0.001113191115999305
2025-01-07,-0.011453051473828165,-0.02446088330127337,-0.0070344050336479,0.009586442055879333,-0.019726678388677237,-0.012891003186146752,-0.0641860798536641,-0.04145067133894483,0.0011285522734478981,0.009330722531076113
2025-01-08,0.002021008618495214,9.006065292234922e-05,-0.007908831721912162,-0.00016436347694338892,-0.011671909703152218,0.005171661092368767,-0.00021418747833265556,0.0014697002488738569,0.019774060496505003,-0.016877163282715723
2025-01-10,-0.024399103678973594,-0.01446508722386957,-0.009896762643042612,-0.013499264351293654,0.008381120160249595,-0.0133017352523706,-0.030434847288904117,-0.0005065652243020289,-0.007328829695738783,-0.003654011410220217
2025-01-13,-0.010397980476670161,-0.002194768679336334,-0.005377874592811017,0.0179314216214528,-0.012302093974115495,-0.004209787068224673,-0.01991587997337843,0.021478195369560783,0.03852328058085209,0.02548441319420943
2025-01-14,-0.004789586640451314,-0.0032094484707197966,-0.00709271612298314,0.013260817228629734,-0.023417482560431697,-0.003650194020355007,-0.011095073899767115,-0.017382638722844804,0.004793101066444805,0.003926721898929313
2025-01-15,0.01948482149103695,0.025346561447878488,0.030583158827647408,0.019527666106089556,0.0377633757422918,0.025275107752011153,0.03343612993800147,0.07731423282838396,-0.0005887410702317893,0.016182622697939728
2025-01-16,-0.04123899879228495,-0.012117003196939351,-0.013592497176609717,0.007579625010507358,-0.009475569092625683,-0.004066406869475606,-0.019792330455421954,-0.03420597069137618,-0.06231549073112669,-0.0017053287188361949
2025-01-17,0.007507131972172445,0.02364641617601076,0.01589105806697844,0.019048949779927743,0.0024018222332861786,0.01042654277739279,0.030524290218032952,0.03018125256143425,-0.0016269920081060693,0.008943080348528929
2025-01-21,-0.032436339706821006,0.02089205157407654,0.010404886313298563,0.014822343220424259,0.006003815316318896,-0.0012360774086454143,0.022403421203704088,-0.005713813715474868,0.029439258693340145,-0.007596462264031786
2025-01-22,0.00533073634903999,0.018466503377704703,0.0016143296453624383,-0.0007226672054874877,0.011355124168852222,0.04047655315034565,0.04335519758198355,-0.021355043154943146,-0.01008907286419485,-0.017557012912841584
2025-01-23,-0.000759835403959821,0.0017431021503980866,-0.0019679402319262708,0.011763037672750118,0.02055717046342633,0.0011422802626848334,0.0010194296937427129,-0.006598243859181292,0.01915288303240192,0.005644609443575405
2025-01-24,-0.003942266404813458,-0.0024241067445138365,0.01120088474066832,-0.00418243268978068,0.01719761126038432,-0.005949984665722119,-0.03174431189641363,-0.014164587635274254,0.005158631011051318,-0.013619300948133798
2025-01-27,0.031285677190938464,0.002424106744513845,-0.042861677850794914,0.0038062667972526268,0.018954525690200803,-0.021625635464854683,-0.1859461722030469,-0.023466650856007368,0.020464940172248574,0.013800858057348217
2025-01-28,0.03589211752088442,0.01152955641148476,0.018031682852329214,0.004840782907652848,0.021661754389605322,0.02867192208015929,0.08549725780967952,0.0023640734639690623,-0.0019154234987736924,-0.019523165087691422
2025-01-29,0.004606184324655427,-0.004545214548105975,0.0005630380774956539,-0.002098527359378154,0.0031979347765439007,-0.010949763281502843,-0.041875673000391335,-0.02284170549807513,-0.008106781816667925,0.005814150087074453
2025-01-30,-0.0074222408144265315,-0.01030306500192206,0.027557996505203332,0.006170354159609134,0.015416635269325733,-0.06380179062938528,0.007650610402164967,0.028327903495885404,0.01378678056634697,0.008247911420853259
2025-01-31,-0.0067146479891791785,0.012872778270920829,0.015560191120015048,-0.00347312275065,0.0031682420265108265,0.00016874874482936177,-0.0374349340220019,0.010734640646320742,-0.005661537896443506,-0.02532480512740136
2025-02-03,-0.03444236049586725,-0.0010944834258047257,-0.013769543198259064,-0.0018349000592511383,0.011942741421666115,-0.01002445923520442,-0.028811121282842432,-0.053090087069197885,0.01043408084127057,0.0024307819531228774
2025-02-04,0.020790325663487513,0.01935490231141661,0.02527062061045157,0.004226490278238774,0.009602954283213562,0.0035222643456849717,0.016914177070847556,0.02198853609615247,-0.004992496139720717,0.02644709463548653
2025-02-05,-0.0014185589597766808,-0.024633742288564034,-0.07571945267055742,0.0092500830976316,0.0009651543994941374,0.0022286613307579218,0.05077495483727897,-0.03645352337012321,-0.010394046856899868,-0.0007278141714416349
2025-02-06,0.0032210981269412023,0.011200132499427723,0.001410117363426813,0.023642986640296418,0.010050449847930439,0.006102866788378277,0.030375908830992945,-0.01023279935109268,-0.018264707579406233,-0.013284021424187298
2025-02-07,-0.02426080972025571,-0.041375225115693685,-0.03321791912986525,-0.0039803368507467275,0.0035470671066252617,-0.014705267248372313,0.008974056420408494,-0.03451714290429038,-0.005694879472092287,0.00423346498765559
2025-02-10,0.0011867541788795966,0.01726234455405195,0.0060784020633512965,-0.017409608308982635,0.0040226761360703965,0.006010039902686568,0.028322908335860222,-0.03057719520938892,0.011957880205574206,0.018921644747922815
2025-02-11,0.021596728969723786,-0.0016312726853763525,-0.006186242408266922,0.01446841091252923,0.003339813537262463,-0.001893956646295306,-0.005781393921283784,-0.06547989008634725,0.0010306223527258684,0.006288159297877661
2025-02-12,0.018105374351350983,-0.016591608211964908,-0.009270096035548465,0.0016712412224694365,0.007722339097977342,-0.005850386312005611,-0.012578952630126927,0.024091057420887543,-0.012286809584823252,-0.030548606754957467
2025-02-13,0.01948224729833823,0.006270442838655877,0.01368509054469635,0.0031536645943022754,0.004374170545206798,0.0036604346488702437,0.03115507770236104,0.05613428883532556,0.0071416583111482855,0.007239628594168741
2025-02-14,0.012630531458513212,-0.007363076447512864,-0.00490079266361204,0.0009766772608059823,0.01107007283167829,-0.005152758502644317,0.02597367913365412,-0.00028100285016493403,-0.014544670930080137,0.0010167759343503006
2025-02-18,-0.0005316274709570028,-0.008916663909923439,-0.007913288132392117,0.012074687560483284,-0.02794312340987352,0.002958151188095946,0.003953279599679705,-0.004873623368530301,-0.044489230730813546,0.0174013622047418
2025-02-19,0.001634879405384977,-8.819720145894445e-05,0.008129227559572688,-0.002503466330941877,-0.01774527720972094,0.012445494585503182,-0.0012203107487286792,0.018050813649058695,0.02038091663604189,0.0014516998856853964
2025-02-20,0.003912789852764127,-0.016685221316839496,-0.0038397076942105627,-0.0456084251398939,-0.012769862244112053,0.005276764394956429,0.00630062254391456,-0.01723217010242546,-0.017011490528456207,0.015294844898688027
2025-02-21,-0.0011397330325402413,-0.028673529284667792,-0.026908286271076512,-0.009641263601417377,-0.01638201312792727,-0.01921609456611985,-0.04138428677727492,-0.04797223327197698,-0.07434996314531216,-0.011765332271829422
2025-02-24,0.0062925273857716004,-0.018030235415601108,-0.002284683942538912,-0.011035689544814601,-0.022816889336612568,-0.010366922754356748,-0.03135742944169091,-0.021756545199510743,-0.01056111441078083,0.005226108587494009
2025-02-25,-0.00024287766944909456,0.0004230045694208501,-0.02159849711697694,-0.015190922695431253,-0.016038157800238113,-0.015214124467470782,-0.02841668995456816,-0.08762494178787733,0.01901548587836795,-0.01393679155134067
2025-02-26,-0.02741243635010092,0.00725744971005982,-0.0154533449809581,0.005385754393883359,0.02434029740989152,0.004588660213143606,0.03606312473440632,-0.04043677756749929,-0.014540317995953535,-0.002463674141370907
2025-02-27,-0.012812563750172512,-0.02652073681079192,-0.0247940366392513,0.0010040814419079644,-0.023215317709820868,-0.01817642015218111,-0.08859155609872982,-0.030905910133740465,0.010663694204081252,0.00628396014343098
2025-02-28,0.018951084186947617,0.01681666750153127,0.010508487617865098,0.021386936180825194,0.015017920685720563,0.011298085602732997,0.03893256748339041,0.03837459125197188,0.013566265267726932,0.010655672953829376
2025-03-03,-0.015879584903652395,-0.03479859601476046,-0.019390524123198277,-0.01534449668788936,-0.01987606162318344,-0.021643622509646333,-0.09094889967224491,-0.028844050845269347,-0.016794258366928896,-0.03259225800313681
2025-03-04,-0.00886161467129036,-0.005968420431592876,0.023141805287433256,-0.04060311215746171,-0.023243354308393006,0.00030877300650800874,0.016779308475320838,-0.045311188236941684,0.016057131002798937,-0.002043658677484403
2025-03-05,-0.0008055574465191736,0.022128220043401252,0.01221180864467944,0.005101831118425128,0.025408795609744583,0.03143501940622593,0.011230824265493789,0.025621016692865903,0.0028824690659309815,-0.019720732744811807
2025-03-06,-0.001740748769880917,-0.037456115209580504,-0.0038799936402657696,-0.020038118594268278,-0.04444815686118107,-0.01035202909339353,-0.059085947741250915,-0.05770651942025788,0.024365689964527978,0.020464357969236624
2025-03-07,0.015767587676556262,-0.0072509229263983,0.008723070795509736,-0.017430092738013252,-0.00362162646082889,-0.00906101340032499,0.01899193259532852,-0.0029651004058366417,0.011740847975482131,0.012924755316702334
2025-03-10,-0.04969407536537053,-0.023922554740530594,-0.04589496043713826,-0.042408804290564386,-0.04523310693687525,-0.0340059449174844,-0.051998854242922256,-0.16754574067757613,-0.02297355548803435,0.025180406336327052
2025-03-11,-0.02962387616166318,0.010482560161564325,-0.011094037649297284,-0.013352129225021476,0.012827456830197996,0.0007626153707795385,0.016501703176200228,0.037245079838722016,0.012046579574056616,-0.023896911103238157
2025-03-12,-0.017633178600504017,0.011631581915007516,0.018541830377788195,-0.005426231052669144,0.02260809086743186,0.007384816215004264,0.06229475550337958,0.07319368705023706,-0.010195019108136052,-0.0002749428484518245
2025-03-13,-0.03422274892490426,-0.02546092021137873,-0.026375378433833592,-0.011962487899325544,-0.04780297668381479,-0.011810423726421401,-0.0013834199585296947,-0.030323348875332088,0.0008519494808504681,-0.004224114104327299
2025-03-14,0.01800745100151966,0.020723473340341268,0.016634081799223443,0.031687760174978825,0.02919945652410973,0.025518322921996503,0.051349506075918684,0.037912677650069934,0.014698592916172053,0.029289924850816114
2025-03-17,0.002386116066015787,-0.011227182074080659,-0.007277641682893962,0.006389766218261293,-0.00445347503220144,0.00036033281692763117,-0.017745041757320636,-0.04906823105490024,0.020999676645399083,0.016485378823195868
2025-03-18,-0.006140385937835019,-0.015030126840267754,-0.022280737474250353,0.0044359269440507965,-0.037974552529749225,-0.01341617833387206,-0.03490315686595081,-0.05483544563443516,0.009533294731415582,-0.0010554334063144412
2025-03-19,0.011917947358570942,0.014007778521538292,0.019842977020507663,0.017465815211170032,0.0029149602780776857,0.011149648220582103,0.017944239750659657,0.045761190368065426,-0.0011917205236013121,0.015455458078443212
2025-03-20,-0.005310391928647177,-0.0030218279679656837,-0.006672932505995641,-0.00041826764806479866,0.0033159920953973374,-0.0025302398321035346,0.008557532266213808,0.0016944590202751025,0.015968818949272094,0.0042367967144568055
2025-03-21,0.01928958046898615,0.006442448675219972,0.00728309346620526,0.010902115033950189,0.017340388510298878,0.011361323672608364,-0.0070270460654743025,0.0513547158131408,0.01079629570312282,-0.003457323003112809
2025-03-24,0.011207462561574549,0.03530037223454001,0.022251732780837204,0.026263116272185347,0.03720277204543529,0.004640714674682571,0.031034323089008616,0.11273547481030481,-0.0006774741930864014,0.002594095055321781
2025-03-25,0.013589021250281797,0.011981521917604297,0.01702990269857216,0.01230011537198354,0.01198256995941993,0.0052776368544547045,-0.005947987191630208,0.034423463077927825,-0.005961511535701059,0.006798916289946408
2025-03-26,-0.009971321561526665,-0.022515953159889142,-0.032778181349962826,-0.00039824382515796475,-0.024781258219336827,-0.013221003912957944,-0.05913432079483433,-0.05742390273973778,0.009247539881357875,0.014306631256970426
2025-03-27,0.01041827559373815,0.001142864416179142,-0.017232326748157237,-0.01166004543915008,-0.013843734747453228,0.001562941839961383,-0.02069434936884807,0.003925268964187628,-0.004797339573115598,-0.003218144516510479
2025-03-28,-0.02694003354278616,-0.043855989217514546,-0.04998364306487356,-0.02146846994001024,-0.04382897541859957,-0.03062433599252162,-0.015920741714038286,-0.035704833212183235,0.0006203437904198463,-0.0013581055782466065
2025-03-31,0.01922660780137315,-0.012846835734262254,0.0020066808137717863,0.010038050906528236,-0.0006590068346853578,-0.009042851465469355,-0.011832338692772962,-0.016797411271064034,0.014830116691833496,0.010141116275706885
2025-04-01,0.0047606279397177,0.00998885850959942,0.015591883234157533,-0.006708183361049222,0.016587244704920772,0.01795233144834552,0.016199519385009103,0.03525624951763979,-0.001203608413857774,0.0009246189844226343
2025-04-02,0.0031313590629683512,0.019785262896236874,-0.0001911996093646367,0.008825731528700989,-0.003538667084018957,-0.00013079819252638595,0.0024481403712954724,0.05189662060946535,0.00015297310128150555,-0.003113133518485286
2025-04-03,-0.09701336636303584,-0.0940813573992858,-0.04107654914644394,-0.0722320885095218,-0.09385200365976121,-0.023913803294693326,-0.08128114248024199,-0.05630172235818194,0.03241986938552578,-0.05401559578840849
2025-04-04,-0.07568024497284098,-0.04242073641032032,-0.03456064624572622,-0.07778690465501192,-0.05190538379846377,-0.036213783683344,-0.07642284656242293,-0.11003572551557192,-0.0288900803378793,-0.07467616627093439
2025-04-07,-0.03742591488083676,0.024606997782102066,0.007867307529268284,0.01958996981107921,0.022567398048419417,-0.005517677904490875,0.0347000219138831,-0.02597878190231111,-0.0006670104376435308,-0.01350840655576587
2025-04-08,-0.05110200938214615,-0.026597259717812963,-0.014067967747294522,0.011268128574858665,-0.011298342558052952,-0.009264270941581373,-0.013818951779382669,-0.05023573100190593,0.05267607941633336,-0.021305651548647372
2025-04-09,0.14261753799154478,0.11312358861813517,0.09241605739245289,0.07747497691982208,0.13763444325603427,0.09652484652660565,0.17162069393041088,0.20449058000160142,0.044935894449088735,0.04870984905615283
2025-04-10,-0.043318714611892455,-0.053085113655140896,-0.0378178214569679,-0.031338593092829846,-0.06977719675345972,-0.02368487479688922,-0.060947224933162486,-0.0755220285780395,0.027114010112014062,-0.057080556141351615
2025-04-11,0.03979226897922506,0.019941079422269643,0.027876289600524972,0.03924442574150292,-0.00499128044721441,0.018447013877641236,0.03075760220810597,-0.0003566259450699316,0.008493335035123466,0.03161729502219753
2025-04-14,0.021814247212016923,-0.014987065296594422,0.012207405323485937,-0.006285639514097306,-0.02249307502416958,-0.0016489950808063717,-0.001985237401284583,0.00015855643290671638,-0.020918878574904935,0.002421038470897828
2025-04-15,-0.001878136709860532,-0.013989329016472998,-0.017503263217819674,-0.006797011981520049,-0.018918001900182738,-0.005377851474534099,0.013368825843533362,0.006950209565496345,-0.005928316312456635,-0.0028089707240697725
2025-04-16,-0.03971147016854836,-0.029726389380639047,-0.019248727045391784,-0.015214015174743797,-0.03753019534206695,-0.03729284222344867,-0.07119155886989582,-0.050690742903996715,0.0024815334418707958,0.010516879435851697
2025-04-17,0.013853171446309107,-0.00991534732389348,-0.014253672595549438,0.01018278994564195,-0.0016536870550960523,-0.010359919889256344,-0.029131198002330435,-0.0007454979855451015,-0.2533407580777855,0.025864580767353165
2025-04-21,-0.019583284818775817,-0.031126527586896723,-0.023358903387157876,-0.012886575496702562,-0.03411605764798803,-0.023828312253194008,-0.046177432034535525,-0.05918076725792799,-0.06547413602507897,-0.014792744587710774
2025-04-22,0.03349770805221996,0.03442328337941731,0.02540762340611101,0.028414650887167516,0.03172027371108364,0.02121471192960325,0.020225301724121302,0.04499438204493094,0.004340098445206666,0.027617156023910808
2025-04-23,0.024040263112388,0.041953201051518486,0.02529317315535771,0.022205902946581108,0.039179996526702086,0.020426838465949736,0.037901413158226226,0.052271947159751794,0.0018242695279256332,-0.008624392092592885
2025-04-24,0.018258409417234913,0.032360982528496264,0.024982993757097317,0.015488762591883542,0.024455152478915936,0.03390142271594046,0.035577974453903545,0.03437870754426389,-0.008706845158777649,0.011666774231643721
2025-04-25,0.004357773952154758,0.013048475365695443,0.016685721549272458,-0.0044654666860156084,0.026139235524083572,0.01167953606531316,0.042132889657851204,0.09351849398026,-0.01331141765151063,-0.0005524989744608666
2025-04-28,0.0041009269569146625,-0.0068492053390797475,-0.00837030058748756,-0.0013559304089268125,0.004503127364911189,-0.0017623789531737114,-0.020752545360519608,0.0032583903115033577,0.0032431866928779416,0.0005524989744608321
2025-04-29,0.005078854810085536,-0.0016529240033086564,-0.0028059654546533763,0.005739701612794396,0.008513241310561446,0.007335708257394689,0.00266355845435312,0.021284373105168935,-0.025977171044575618,-0.002488506174035244
2025-04-30,0.006089227360143313,-0.01597624814818092,-0.008527579048983838,0.0,-0.009860209773116767,0.0030913106086178613,-0.0009177639988480709,-0.03438223363024816,0.005385759102679304,-0.025516663892800304
2025-05-01,0.003851392366518024,0.030860378884021808,0.015620398217052394,0.009236891050334418,0.04140761942018383,0.07348614189461014,0.024397036741896447,-0.005829314402079844,-0.026500044216290854,0.00141900143759216
2025-05-02,-0.03807757245772203,-0.0011573530932636395,0.016783294580132495,0.022507972634339395,0.042444696560984416,0.022959613092205088,0.02556424074860387,0.02356864125337387,-0.0018985648298462901,0.004056919289795634
2025-05-05,-0.03196397952264492,-0.019292122294797282,0.001096786592765753,0.00019793831746092093,0.0037616004914497814,0.0020426156845589198,-0.005956554248827417,-0.024495847170982712,0.01215321173737492,-0.028071465324209628
2025-05-06,-0.0019124478912930995,-0.00721681069789819,-0.0059858337397237634,-0.01319245971353123,-0.020159524638359964,-0.006578705731860101,-0.0024630687579338803,-0.01767474071206643,-0.02577333020877732,0.01384779709997129
2025-05-07,-0.011450050864054507,0.019801632738363693,-0.07536690605116304,0.0005616122662189573,0.016045988347536785,9.2311911345899e-05,0.030531374558073913,0.0031546161942166075,-0.008783421711248995,-0.000955446336536685
2025-05-08,0.006298553278077304,0.01770048072706834,0.018975639688331675,0.016227556540358623,0.0020087220261176377,0.011061243483462463,0.0026448147092960903,0.030659773437438274,-0.014190210011264259,0.01386002143116659
2025-05-09,0.0052522561730470926,0.005089047328858073,-0.009966541607465008,-0.0015398894483118803,-0.009273591275329125,0.0012772050468481692,-0.006153419559859312,0.046108194570086934,-0.012816772829692251,0.01162250978296184
2025-05-12,0.06123260765537327,0.07760926703827985,0.03669990481671512,0.02716813495157191,0.07624304325088416,0.02371769770301294,0.05300639191595005,0.06528003118679684,-0.004977773989822755,0.017093004033736092
2025-05-13,0.010101179253206504,0.012999853383055317,0.00672955607023263,0.01131828398939735,0.0256294158367826,-0.00026715172174336216,0.05481143911457786,0.04810492051681205,-0.19586230353737083,0.0027444078091446483
2025-05-14,-0.0028218612211230515,-0.005312830342904736,0.03595348634574109,0.009950110856945077,0.005063178348247448,0.008424933329915445,0.040794220982518795,0.0399319216619113,-0.010881704876852341,-0.008993326128040291
2025-05-15,-0.004153192133130091,-0.024458403999516362,-0.008562846680584981,0.006939979034469486,-0.02375725542891953,0.002253580700858679,-0.003775339048011805,-0.01407694599861275,-0.11572758591382613,0.010089476855710697
2025-05-16,-0.0008988429769347776,0.002044981599618388,0.01350918436993748,0.0002616681523086635,-0.005513045891920741,0.002512640710313931,0.004218607445701615,0.020670491941373468,0.06204081787496127,-0.0035983628160184246
2025-05-19,-0.011808533337582812,0.0027687076543830617,0.0021038367057016924,-0.010066875699551003,0.00014048180305284942,0.01007525434818192,0.0012546920779612969,-0.02280219175263177,0.07894854663480647,-0.0160256455759902
2025-05-20,-0.00923883715308381,-0.010189475975831261,-0.01549108596244091,0.0030155675876636394,-0.005213227773287143,-0.0015266622370332876,-0.008816425815955615,0.005044436283555748,0.017852222798384287,-0.014379287940593581
2025-05-21,-0.023329135189360545,-0.01456138756787949,0.027547286437387013,-0.017618791366676132,-0.0025145700818327284,-0.01229780006935159,-0.01938595586624129,-0.027122740878422213,-0.05957941068916605,-0.012367684348049718
2025-05-22,-0.0036187742583048813,0.009796778074282274,0.013611175603753453,-0.0014184088987786875,0.001682377260698983,0.005047225468213278,0.007784422282878386,0.019004252475032086,-0.02104643738561148,-0.006678563177408774
2025-05-23,-0.03071112516555643,-0.010443315729919826,-0.014145311805724975,0.00015326520703911836,-0.015052116609614632,-0.01034217475294644,-0.011661475557530044,-0.004997253689502847,-0.003714694294982473,0.0005824952660689449
2025-05-27,0.024983634850397583,0.02471808928544102,0.025955740333611702,0.017415102571278308,0.024044345712002008,0.023077819973463497,0.031562974414774195,0.06709725458197968,-0.001930300341937269,0.004744526462964265
2025-05-28,0.0010483354048508517,-0.006330074379308311,-0.003128071068167838,-0.006808183035920813,0.0019597575090979495,-0.007254554533967682,-0.005105197879147071,-0.016644185010272462,0.010487106266682875,-0.013714136090783136
2025-05-29,-0.002347813583758254,0.004775584008620333,-0.002905096087945846,0.0033341155418867906,0.0022813659773386723,0.002881971891791121,0.031973530233375014,0.0042777491260106125,0.00020132169560123597,0.005664205570674738
2025-05-30,0.004491076551497529,-0.003360050181079145,-0.0006985341990808084,-0.001400589446429565,0.003775637066354227,0.003655992522284545,-0.029602538151327566,-0.03396601533337422,0.012465119022267915,-0.0038051474792220132
2025-06-02,0.00422304755014603,0.007967779780350723,-0.015905563592480326,0.0024969790911722445,0.035516786910071,0.003491133675305472,0.01651345799010261,-0.010941091649071494,0.009264230398700356,0.0073046157840070194
2025-06-03,0.007753703735756887,-0.00455906882030232,-0.01700466960551011,0.006064617942917744,-0.006054999648669737,0.0021623473779866947,0.02756803483192623,0.004599945784019605,-0.011552299063864936,0.007251720912991303
2025-06-04,-0.0022162836174873693,0.007361824330479417,0.011190113620161852,-0.0077284594337766535,0.031150925795008933,0.0019421162964943276,0.004944668689518938,-0.03614067809813415,-0.0027925321684729686,-0.014556336696998339
2025-06-05,-0.010856416731508965,0.003276044436817532,0.0009516183080557763,-0.008628547329645228,-0.004852160796665147,0.008179910169773305,-0.013692475659628582,-0.15384948606327908,-0.015229664881180499,-0.0046049317827916905
2025-06-06,0.016265235233562988,0.0268593707089079,0.032001244374369,0.014327202840637213,0.018939640339991105,0.005756609379951794,0.012282113869049219,0.0360138325066553,0.024639947303398926,0.023678850027678704
2025-06-09,-0.01218645226259795,0.015840481625608374,0.01499065329316167,0.003793443649556445,-0.005245183341083723,0.00502584442172111,0.00640076746753005,0.04453121583281344,-9.908340572339481e-05,0.006691049856035846
2025-06-10,0.006037678889490072,0.0028993089092673027,0.014153575515894431,0.006948925231236757,0.011944677494993484,-0.003878462387048046,0.009281522624728413,0.05519232015438431,0.0019771043399699983,0.021208148771090743
2025-06-11,-0.01938022907679335,-0.02047379463536856,-0.007023575655756804,-0.001676708697333398,-0.011829370327077208,0.0036034432589252476,-0.007810938453748301,0.0010421025390305668,0.022040532036299774,0.019305080353005186
2025-06-12,0.002110632335517544,0.00018763973740831241,-0.009347203656434072,0.00033559002400728724,-0.0011244147067064033,0.01313740717075899,0.015078635267653356,-0.022679683166052338,0.02524530102289059,0.0038349454018014035
2025-06-13,-0.013901489516828505,-0.005360427367806205,-0.005879510467408793,-0.012340875336736798,-0.015244841859530055,-0.008198533336373638,-0.021118088008102703,0.019242741328905938,-0.01572751397939568,0.02154692660853955
2025-06-16,0.009978224422304368,0.01868340140955021,0.011951050643939875,0.02021325683892858,0.028569009189470973,0.008762249888579429,0.018977882756237567,0.011674257976472,-0.011825975378253702,0.003205682339075219
2025-06-17,-0.014109825752325436,-0.0059407894922023025,-0.004649618836081761,-0.0031119283419312202,-0.00698898506383578,-0.0022984082372658823,-0.003947360668708717,-0.03960360944657592,0.003925189389386381,0.013422955007181252
2025-06-18,0.004793127408847266,-0.010764380578029788,-0.015060232779398528,0.016339469482783465,-0.0020961524275432543,0.004591545905710506,0.009392397697284088,0.017857560202303197,-0.005421453036170121,-0.007130513368780466
2025-06-20,0.022235552287411302,-0.013405860444963278,-0.03930387462377343,0.0037890238234018878,-0.019476512857041155,-0.0059312857551390005,-0.011267468084258936,0.00034155282181088666,-0.017038866889128694,0.013252151725239473
2025-06-23,0.0024844339906089923,-0.005835109391705959,-0.008739388663271664,0.011820672245913535,0.02343548363748777,0.01785392919372585,0.0022221085511937373,0.07910624722725408,-0.004413584929076055,-0.02614527646795878
2025-06-24,-0.005973181643514452,0.02041663831593163,0.009519168547847878,0.010687843475496625,0.019380590699859986,0.008421152289271351,0.025543093068303727,-0.023827555571310416,0.016295850282149797,-0.030900446854603546
2025-06-25,0.006270932803509719,-0.0036726605052767557,0.02317485649703389,0.009905814832799531,-0.004954662307546641,0.004397553030850552,0.04242729945917625,-0.03868634165630777,-0.011849271969178036,0.0002770355729430407
2025-06-26,-0.0027821851506041706,0.023911043937020576,0.01661759355146195,0.01637588231845136,0.024270007948155783,0.010467691135128966,0.00459050878320667,-0.005418374727754274,0.0019846547191243362,0.014838064994658668
2025-06-27,0.0003979183634067224,0.028065998915184062,0.02834867594832634,-0.005695852818361664,0.010330689456552645,-0.0030401229157608115,0.01745742886484561,-0.006621400161764133,0.021219275111462828,-0.005561393197686584
2025-06-30,0.02013605979229072,-0.017665207343808734,-0.012966691875110048,0.009705171669048766,0.006061126432945156,0.0029597920564695132,0.0015202656094916523,-0.01861926308527601,0.009209925512551034,-0.014550303419623847
2025-07-01,0.01283340638163014,0.004865337820140418,-0.002215440256560632,0.001723148135476735,-0.02589863594162516,-0.010834379756567498,-0.03013495171069394,-0.0548353231730864,0.044419755992140764,0.013269557800725036
2025-07-02,0.021987354992729392,-0.002452467458083949,0.015798046493462652,0.005460086233491475,-0.007886649320482447,-0.0019529267652533882,0.025440023440004986,0.04848766871497916,-0.05865662937081911,0.01643328175050256
2025-07-03,0.005211364973571177,0.015744829251554494,0.004969792241979699,0.018411639189946333,0.007594742933843095,0.015658016819526364,0.013203383786024163,-0.0009508330128998894,0.0032136974955993556,0.01030241200920435
2025-07-07,-0.01700171208706939,0.00026851753624536286,-0.01537983710265812,-0.013708275548558269,-0.0009185110168819541,-0.0022477122660855987,-0.006927347614395662,-0.07030747928005848,-0.015810670358506806,-0.009762287634228508
2025-07-08,0.0002857690985449934,-0.018562963722362966,-0.01384041957997884,-0.03198194813834984,0.0032245296234812357,-0.0022125131390817805,0.011060952863149367,0.013080017887538436,0.01305218089518175,0.027343040072513206
2025-07-09,0.005366268772479442,0.014392611963869897,0.012878314492738737,0.001342887990882328,0.016664178956376285,0.01377846032826156,0.01783985865536264,-0.006501707849529647,-0.01568968183915072,-0.0034210700620421353
2025-07-10,0.005996961124468965,-0.0012589875178302516,0.005645855709103899,0.017607980527499963,-0.0075889867743847966,-0.004039912377084586,0.007462304828640099,0.046198855706690405,-0.011287797718782296,0.00988065746632303
2025-07-11,-0.005902135852657517,0.01234146308748988,0.014365549984673681,-0.004625872231675442,-0.013469615949884434,0.0036624036551624194,0.0049845059826317175,0.01167844971117151,0.015208781465117966,0.004341004260726373
2025-07-14,-0.012101822196916256,0.0029730809278073135,0.007574250447592439,0.006393976754891,0.0047412104217983255,-0.0005961893456745816,-0.005167294757861245,0.01075495879659973,-0.01164277483329704,-0.013167926532742775
2025-07-15,0.002346032753829585,0.0029201137891530816,0.0024205253817901735,-0.007475184773507406,-0.014714066378916492,0.005550923029067078,0.039614395606997935,-0.019500985006087518,-0.02995367821408618,-0.008905252320896975
2025-07-16,0.005008724622513407,-0.014059063272129654,0.005315510850617194,-0.0025507327743072164,-0.010585344564823539,-0.0003954959980058848,0.003917357282829712,0.03444095462458378,0.0026701724120890818,-0.0060407995345236176
2025-07-17,-0.0006663238799223456,0.003086778258328562,0.0033283983068041335,0.014173923588222817,-0.0021362038816777947,0.011953135753057375,0.009466668777072643,-0.007050661595447646,-0.015226886589959016,-0.005091789852327158
2025-07-18,0.005507914815146071,0.009999860894734277,0.00802944364978184,0.004714479700565253,0.004083456034197845,-0.0032297704035930386,-0.0034161614298479494,0.031555911584314186,-0.018994112107503736,-0.035459254992925605
2025-07-21,0.006137078516393415,0.013921126445029842,0.02687024755857185,-0.0010304103338639355,0.012263267210394516,1.9661010407750972e-05,-0.005992110159224309,-0.003525100711992725,-0.001805894362484884,0.002594797469810879
2025-07-22,0.008995570441175984,-0.008012836242670535,0.006501663035949317,0.0015796354039255781,-0.01151102187915983,-0.009435429636930838,-0.02570983749370646,0.010959828902223289,0.010541838787538215,0.004524739008768803
2025-07-23,-0.0011667067342310043,0.003598354221935051,-0.005818162356216232,0.018124005973016277,0.012366353055327196,0.0011867184348362016,0.02220264008780086,0.0013540923687317768,0.025553508970825402,0.01272496187456396
2025-07-24,-0.001822810721298693,0.01711152033504944,0.010146677189277755,-0.0007080914788523598,0.0017082136991364905,0.009855084104650864,0.017183791372874523,-0.08552542784602518,-0.04879354929946847,0.007792805406096616
2025-07-25,0.0005612739072953638,-0.0034075702705456917,0.005241914918051709,0.006955973966968438,-0.0029703048624133937,0.005524139117045585,-0.0013823541396934624,0.034637201499348805,0.008862899317170192,-0.003526457181246804
2025-07-28,0.0007945156573705577,0.00581605955069594,-0.0031106859633964292,-0.0011391170881658857,0.006921616129536383,-0.0023581275674398206,0.01855864510264024,0.029706848621967902,0.0037643314047399556,0.009376202078678788
2025-07-29,-0.013072685194727512,-0.007675754918146071,0.01632659314263738,-0.00416577171397686,-0.02487375422207684,0.00013648099091268176,-0.007040148999740609,-0.013574889801361277,-0.07754393874320807,0.012838900970183635
2025-07-30,-0.010563550635202222,-0.0035559103854630675,0.003976860620187278,0.008681571317405568,-0.006866378121773433,0.001306309824448206,0.02119697517521427,-0.006747506520358081,0.018858206981111836,-0.008719585250003412
2025-07-31,-0.007104825362494512,0.016886027515609428,-0.023840725649708988,-0.011378516655294024,0.10663412148350125,0.03871550377272254,-0.00784015751888624,-0.03434052685502853,-0.06394739565747966,-0.0023262081748046675
2025-08-01,-0.025321378928790737,-0.08631653211497635,-0.01453976811670322,-0.023463752784787094,-0.030761551849959407,-0.017757526568690802,-0.02360808283998426,-0.018465033347039538,-0.04839556750852143,-0.018077138159707577
2025-08-04,0.004781459275903073,-0.014540622735209995,0.030770057648058655,0.01675772838038232,0.03454264157229949,0.021760873384904587,0.03551207195474499,0.02167142527004271,0.013410161393507626,-0.020921443683916494
2025-08-05,-0.002116810224905518,0.009873169687714855,-0.0018989001119730604,-0.009869913941959843,-0.01676836131687591,-0.01483979261347463,-0.009713780471523306,-0.0017476574412364776,0.0407389584147626,-0.0012115008577256445
2025-08-06,0.049653318035785265,0.03926568541504039,0.007267889704085412,-6.863742910587896e-05,0.011110706513638598,-0.005338691627633824,0.006486298088631934,0.03560499649944306,-0.021016119853720306,-0.00683052561037915
2025-08-07,0.031298764824856114,0.003681789897764909,0.0021906010171948995,-0.015252131556292554,-0.013248111932036307,-0.007840948828233461,0.007496085625142417,0.007349951735303974,-0.004526493015173103,-0.005271676637984661
2025-08-08,0.04148538943456772,-0.0019739023688590293,0.02462792625595408,0.006322837817386712,0.00975760381918282,0.002301084239984531,0.010619938166415209,0.02264179762598033,0.025104265215854654,0.007990824095036972
2025-08-11,-0.008372375783951802,-0.006261419913672536,-0.0020873098410447806,0.0027664947916633004,-0.004468604995590724,-0.0005171439459320964,-0.003509223219586762,0.028057128395424267,0.005881583174415488,-0.009123945019140378
2025-08-12,0.01081367190612584,0.0007678847964323423,0.011574546877795766,0.01129810824604062,0.03102047216167369,0.014215062335260138,0.006023892571502235,0.005324552775796538,0.03580574621990073,0.0028306581364236634
2025-08-13,0.015897409188223566,0.013855775538096454,-0.006809765824299073,-0.007953829017242278,-0.012636520201976512,-0.016498310921669652,-0.008608801490560654,-0.004292710283261014,0.03840139140441102,0.013755905872051647
2025-08-14,-0.0023599515483424664,0.028188187008165968,0.004840666923577032,0.012417102696107218,0.002624529800116817,0.0036430222204388717,0.002365173044387487,-0.011260099884090402,-0.0011780722609554901,-0.002046698604167758
2025-08-15,-0.005125312002106845,0.00021645874568753922,0.0047192645673995205,-0.012554672148154833,0.003955742315237159,-0.0044310090625219204,-0.008662784671288152,-0.015072159502432556,0.11313533694634506,0.0009395332564677136
2025-08-18,-0.003027174934717041,0.001989132843084511,-0.0019636104833900105,0.003573656498900089,-0.02300755984340562,-0.005919366331114072,0.008607801184158664,0.013819862125930686,0.014628873563999967,0.0021574874056357286
2025-08-19,-0.001430216864410757,-0.015147236228621111,-0.009529238047808015,-0.002988608723113372,-0.02092462903123691,-0.014276749033120633,-0.035625098554270825,-0.017608491717904177,-0.0138726116746589,0.006537839378175559
2025-08-20,-0.01993191516264375,-0.018591996826338653,-0.011225177071144501,0.005421016033219838,-0.005015971208613062,-0.007976380270356328,-0.0013673902756099587,-0.01656474162017639,-0.014567913813613158,0.01028020926923868
2025-08-21,-0.004923405133202545,-0.008345349193359648,0.0021550635846111317,-0.0026381140072249784,-0.011595288790696042,-0.0012882899129955533,-0.0023974413321251535,-0.011770166368817137,0.011638287928360604,0.006429154861994829
2025-08-22,0.012636639150230075,0.03057093586711227,0.0312462840748484,0.016232715144180617,0.02100632108332643,0.0059122821399642455,0.017055862688769675,0.0603104166993377,0.013327724375882184,0.01859378074917384
2025-08-25,-0.00263778288690945,-0.003940606259072855,0.011578260913629441,-0.004533528819771086,-0.0019759767623025734,-0.005872572717918165,0.010173294276644033,0.019196337227210383,-0.008362229904747567,0.004125175878296337
2025-08-26,0.009420124567184027,0.0033724076943096397,-0.00649626408961038,0.01236808335081755,0.0010613994178273922,-0.004412262225915996,0.010841438539146547,0.01452187916170169,-0.014637983770071653,-0.0022398959887529584
2025-08-27,0.005132723136336729,0.0017910076284830656,0.0016399932224074952,0.0023751213265718954,-0.008951080537824485,0.009318292757191949,-0.0009357442470731524,-0.005903612812939926,0.011418013296767615,0.01123812794457093
2025-08-28,0.00894079103525418,0.010765909591411497,0.019851752968511667,0.005963239530860949,0.004978217801922178,0.005706532947103561,-0.007905546767859262,-0.010408659566889222,-0.005245842891903535,0.0053073992115854314
2025-08-29,-0.0018076532753705872,-0.011289768498294606,0.005982898352379417,0.0011617923135919556,-0.016660293363168602,-0.005805202352673754,-0.03381173379975708,-0.0356293206445078,0.024765946944078018,0.008258722420670576
2025-09-02,-0.010479415315868323,-0.016111647069703763,-0.007353989799509505,-0.005722565985498441,-0.00487170285063875,-0.00310341311922011,-0.019712979462313325,-0.01360034804236362,-0.003459012840306737,0.0034937588120598027
2025-09-03,0.03738232170686491,0.00288041832828813,0.08742915002657238,-0.0006341631872106665,0.0026355744054087724,0.0004552210217968493,-0.0009372442279620256,0.014259073808795026,-0.002983798950528921,-0.024537799267152598
2025-09-04,0.00547832232513567,0.041984146824532165,0.007084921346189754,0.01428761796469974,0.015615891653048934,0.005171201377735059,0.006076933767151556,0.01320230431684188,0.008087332134104615,0.004368998964069786
2025-09-05,-0.00037550386366705076,-0.01431613896889294,0.011555884178680973,-0.03156404376239261,0.005063061531245584,-0.02586461097900745,-0.02740215622865982,0.035717557533237444,0.016012749310601586,-0.028608268724521064
2025-09-08,-0.0075800439522243105,0.014994810804568525,-0.003199520828804848,-0.005005975585129809,-0.00019948492911128315,0.006443859038900876,0.007693769707076887,-0.0127361095766315,0.015291808763309638,0.005660041338060383
2025-09-09,-0.014950592233048619,0.010124998519937195,0.02360403689699672,0.016724578852530356,0.017655317399057856,0.0004213686407725411,0.014451488819847015,0.0016441653277190816,0.08287071133276601,0.00725626830815651
2025-09-10,-0.03279128326264767,-0.033765520828453625,-0.0019215547044255015,0.0089908234907804,-0.01808070885414391,0.0039247880153606115,0.037753447894249226,0.0023605495234688204,-0.0032820704015161634,0.016581139263078786
2025-09-11,0.014185282152052413,-0.0016511904499798356,0.005004830990028816,0.01656524964214988,-0.0014371661262641178,0.0012782645216960395,-0.0008462105389974989,0.05868272574299215,0.019503962001058136,-0.003205145194015018
2025-09-12,0.017410578462299545,-0.007858600093329492,0.001787409161272889,0.004408447006182493,0.006226337555177168,0.017588554017360425,0.0036619809787885797,0.07098109112687562,-0.0031155642647134095,0.00017839520106501593
2025-09-15,0.011173142249164093,0.014274139722700788,0.04391351178779589,0.006463129982590776,0.011984647450858988,0.010651038921044187,-0.00039376182782509923,0.034992045964953526,-0.0069034778087261476,0.0016925094844667814
2025-09-16,0.0061072678411055875,0.011257360441086762,-0.0017901072099667636,0.0009383406089749083,0.018527461003411787,-0.0123390602296241,-0.016277980876145105,0.027849686096646824,-0.023588102946765756,0.020526668657701197
2025-09-17,0.0035210509004652986,-0.010436704109897131,-0.006511033474058028,0.008245569373255284,-0.004219418534112133,0.001923308987091985,-0.026597241403402035,0.010006196509857018,0.005371496507592496,0.005305049350733444
2025-09-18,-0.00465544610939042,-0.001685208986324988,0.009968976707687179,0.004736231922902543,0.005822824815337374,-0.0030830589173016253,0.03434396892143857,-0.021384159862326838,-0.02007671524897886,-0.011866414935347427
2025-09-19,0.03153063426328445,0.001080590559717161,0.010616800372023734,0.004936139756553078,-0.00239962357964129,0.018473236213084644,0.002436745997643716,0.021877209710827277,0.005569516739166481,-0.009790627947564058
2025-09-22,0.04219290013168558,-0.016771933038536895,-0.00863481490768025,-0.0074615548015220245,-0.01645514374604022,-0.006741670095727397,0.03853040216217526,0.01892459915165681,0.013599185651712952,-0.007116271703764681
2025-09-23,-0.006464126391678221,-0.030871872178262885,-0.0034510845997105534,0.0009597368952450678,-0.012837549943720366,-0.010198618417527087,-0.028617571377575424,-0.019441082441463448,0.01854946365857734,0.01708228689339031
2025-09-24,-0.008367236857623894,-0.002267986025112884,-0.018124038096646852,0.002172072326195457,0.006939044481408313,0.001804968828676149,-0.008216168557129732,0.03900845039857305,0.011780039626505784,0.005339013205308435
2025-09-25,0.01791156533826258,-0.009398795415484473,-0.005477537838572079,9.575462215612753e-05,-0.015567693785758497,-0.006134581432704233,0.004060334377331126,-0.04480186162620923,-0.017925011902472403,0.008950667583954422
2025-09-26,-0.0055042148040742,0.007444168873481812,0.003046800618032671,0.008292008897355185,-0.006913766428148829,0.008699166536281246,0.0028099153155892965,0.03938961629749567,-0.0042922216299160305,0.014003256153827977
2025-09-29,-0.004040113676564628,0.010815805882780046,-0.010151069195251829,-0.0011712935210459528,-0.0004707381211152098,0.0061205198928544705,0.020331839161166973,0.006360288086303643,0.003191912839224966,-0.02592616627567596
2025-09-30,0.0007858087357872592,-0.011771724709007034,-0.0039002647962846425,-0.0008239566032105576,-0.012207625657312168,0.0064888745247557375,0.025677811217956793,0.0034011943142930328,0.00034760623761142417,-0.01295348080008815
2025-10-01,0.0032151298202565005,0.004815990813160187,0.007376992833033811,-0.015076722044174576,-0.023476752751056738,0.003392207882805762,0.0035311424333920476,0.03260699487618123,0.00865058027723837,-0.00676348118875586
2025-10-02,0.006555105475919997,0.008035429408424817,0.0032206562518754286,-0.010222311661684191,0.013445329488949413,-0.007668185610937748,0.00877364616369359,-0.052409624917241146,0.015441519815014812,-0.006270070770756556
2025-10-03,0.0034552785601604428,-0.01312477732054764,-0.0013847085565151982,0.008031474329885355,-0.02294183364169024,0.003116719229398485,-0.006746299902584282,-0.014252492909231236,0.01815380366064723,0.01754666579820156
2025-10-06,-0.00516785216237478,0.006312318256467209,0.020493630911534638,0.0021043490531589015,0.007151832988227419,0.02145578678755221,-0.011148129310685517,0.05305409919515741,-0.003978010277841071,0.00826518946226504
2025-10-07,-0.0008185177366986263,0.003975811225101454,-0.01882402376103207,-0.004830776503950356,-0.00361157202811533,-0.008721815046370006,-0.0026984529592276167,-0.04549829949251959,0.013537886141412206,0.0005253039319440682
2025-10-08,0.006141381987539446,0.015391813667974614,-0.004649517473332282,-0.01196643131771244,0.006653126586502596,0.0016590651962219399,0.021756858631033507,0.012847468714676217,0.017067430591897876,-0.002102668197854576
2025-10-09,-0.015700412963745435,0.011126943813862119,-0.012712248273502764,0.00492171281674693,0.021594502976112075,-0.004678908361057399,0.018130890013948877,-0.007206358713169257,-0.006046603878272259,-0.00978279315587261
2025-10-10,-0.03513201331059678,-0.05121476887040818,-0.020749491492563887,-0.015303249663066825,-0.03921801348755149,-0.02214234287731204,-0.050099617507457596,-0.05195335338705128,-0.036531924736828925,-0.01949631371629932
2025-10-13,0.009697244813388845,0.016955828210376053,0.03153859229170393,0.0232575029985918,0.01463779042685272,0.006029293841267811,0.0277825544651176,0.052779538485349636,0.011666614737010115,0.013544593426139902
2025-10-14,0.00044402022615236544,-0.016863378479674927,0.0053105057773610844,-0.019310468168949824,-0.00989928479724481,-0.0009342779996549505,-0.04501927478738404,-0.01539666493428667,0.0035346522273880117,0.0004454269556253707
2025-10-15,0.006316453588080591,-0.0037966156016826813,0.022479146942886667,0.011879608665396404,0.012480851199708425,-0.0002725401304099781,-0.0011114158244270305,0.013674604901329141,0.003383742289163874,-0.006074201462257398
2025-10-16,-0.007608848436614255,-0.005115842622809568,0.0017115108150660145,-0.02366750205086559,-0.007666375206432122,-0.003551178269864027,0.010950226124179306,-0.014816786729139185,-0.012482262729149717,-0.008728976142015928
2025-10-17,0.019370654536732482,-0.006689964147498498,0.007290640393191597,-0.0032880390458567164,0.006788014230305782,0.003843272406871184,0.007725426200566742,0.024331310172500658,-0.00019627693795901222,0.014357750648647666
2025-10-20,0.03868092101339173,0.016018234695332655,0.01274901609847742,0.0160024530289661,0.02104848161665333,0.006230772970226132,-0.0031706593282750787,0.01831477587612344,0.021857028523373,0.004089965112441048
2025-10-21,0.0020190045980656188,0.025314357693141158,-0.0240243592293803,-0.01758328500928856,0.0015012852185218224,0.0016820092785216976,-0.008136406510658164,-0.01085364312168525,0.0024387705504841034,8.879296762753176e-05
2025-10-22,-0.01657682531661047,-0.01854683769726401,0.004899013254988355,-0.010081334710992866,0.00019083978282160153,0.005547964873942636,-0.004869402639927996,-0.008235365016010689,-0.01067626317493806,0.017589057909410635
2025-10-23,0.0043625258369113535,0.014304177190941961,0.005507402942314631,0.0014610796457244781,0.0008041809835501669,3.858399568198024e-05,0.01037424620852365,0.022547291398770954,-0.0028810222731805273,0.011010603023706095
2025-10-24,0.012404587722707566,0.014013300747685163,0.02666831385146446,0.019833214005043415,0.005922404512736598,0.0058420107731584105,0.022258016158518332,-0.03457920037137167,0.005671222407489488,-0.0051000709310481075
2025-10-27,0.022535469923743244,0.012234712914707927,0.035340643341132634,0.012273018568832807,0.016734508905436467,0.014993712197358728,0.027692149273092357,0.042211814191010485,0.009554217297160921,0.00475507055245748
2025-10-28,0.0007065287393462459,0.009995255600938363,-0.006707272397153706,0.003970291391725924,0.0008254451330183155,0.019654159742433237,0.04861863582365977,0.01781041931942346,0.005069354388759213,-0.007879883422257199
2025-10-29,0.002598862988010724,0.00456970894129321,0.02619888758512797,0.0004911655410182541,0.00030598781254312623,-0.0009597391008330833,0.029457811052411947,0.002082342411769511,-0.034798130769868235,0.012269027502022158
2025-10-30,0.006283466664280875,-0.03283904572023767,0.024855299851848003,0.01278168110500893,-0.12030230244089464,-0.029590420376358836,-0.020248053829069825,-0.047501755655160294,-0.030030320860610374,-0.015229107859055895
2025-10-31,-0.00380226296753672,0.09152568904562086,-0.001030890558396889,0.005414430516229459,-0.027564459107705098,-0.015236564413907323,-0.0019734570078558597,0.03671813319553837,-0.009296275277668173,-0.0028814248731514904
2025-11-03,-0.004894298833628012,0.039264803615285844,0.008957222832878007,-0.00570533792129416,-0.016546988106332945,-0.0015074686283697196,0.021448370488581326,0.025538450543862383,-0.023011237022636848,-0.005260401686968183
2025-11-04,0.0036729963281676823,-0.018597025701107325,-0.022022792752013447,-0.0003232185308607567,-0.016426840774208088,-0.00523582904257145,-0.04039308421323307,-0.052848572813666,-0.008907466829855966,0.003334737732764723
2025-11-05,0.00037029726863190167,0.0035233445181079427,0.024100109152870045,0.00782697078634768,0.013663153711260779,-0.014038489946731849,-0.017669859029216153,0.03930641199562339,-0.009384014895022809,-0.004038261205687111
2025-11-06,-0.0013707172835239541,-0.029034574612610754,0.0015464354903073105,0.005567120897077869,-0.02711161729408456,-0.02003535345157169,-0.03720853949792179,-0.035599264459215095,-0.019036510685058284,0.007187333081149686
2025-11-07,-0.0048305427121975416,0.005621146751201347,-0.021009353464985905,0.0025172823009005554,0.00446541349512957,-0.0005634072263488708,0.00037213908360064416,-0.03744886561150212,0.008207322621711834,0.023477783583341155
2025-11-10,0.004538380514148896,0.0161931675138767,0.03962339416297694,0.008493190035643203,0.016035920223837603,0.018308934606734578,0.05631657163129625,0.03592274671529928,-0.008145156113056043,0.008494718425474146
2025-11-11,0.021371148071028613,0.0028141212824006312,0.00416231677545943,-0.0040156840809435265,-0.007435527134576465,0.005282370952023882,-0.030037238330691364,-0.01268032095842644,0.018089128067851765,0.013109380289756428
2025-11-12,-0.006487862890758322,-0.01986689759076167,-0.01591669299299497,0.015062455972788737,-0.029239448183971926,0.004824391767340633,0.003307868914437253,-0.020731107188327342,0.03484162165674857,-0.013955651889007582
2025-11-13,-0.001903213145158224,-0.027483132611142096,-0.02880180634582686,-0.03470788939433828,0.0014439733950654045,-0.015476922342647425,-0.03646714782519775,-0.06875241071018368,-0.019477005900445377,0.005656149039886242
2025-11-14,-0.001980466546235507,-0.01223891180071706,-0.007784250851426217,-0.01914958084439406,-0.0007053094271526698,0.013597020135189248,0.01755882995992245,0.005853666241942873,-0.03258343126876678,0.012908893504534598
2025-11-17,-0.018338285065585238,-0.007785167790615942,0.03067413474690363,-0.01072895171512671,-0.012299245682110145,-0.005286587242164504,-0.018951161366741732,0.011238716089416035,-0.004171931897531999,-0.013588465139150326
2025-11-18,-7.464947758260898e-05,-0.045328527802621185,-0.0025996887733506194,-0.0032010896333239994,-0.00720180321507563,-0.027366657918495088,-0.028483265509903405,-0.01893489628165649,-0.021890206426177096,0.011406514304536474
2025-11-19,0.0041789849317348,0.0006288715862684946,0.029564244995286055,0.012809569509060325,-0.012407581004564943,-0.01359982200959675,0.02805438362998455,0.006805426562391663,-0.01442204231511734,-0.014214688525055797
2025-11-20,-0.008638554808404069,-0.025238376767976148,-0.011541314157416221,-0.01625554851703534,-0.0019838852074643815,-0.016130733570459205,-0.03203230513479911,-0.021922199285516537,0.0078953582705973,-0.002816082275379303
2025-11-21,0.01948948732721377,0.01621670892983362,0.0346659328985,-0.0012074184257834695,0.008619322769074808,-0.013276759568626431,-0.009790873441003703,-0.010530198558583292,0.026699557268099017,0.0005126291858507713
2025-11-24,0.016185769721398426,0.025014152157624068,0.061225036623522563,-6.698885365101652e-05,0.031146273839784452,0.003974214213768214,0.020308938810314977,0.0660172720981127,-0.0028793651515875342,-0.009525908954966125
2025-11-25,0.0037982730766835957,0.01487032297548011,0.015140053542090788,0.016639313176714444,0.03709796532482305,0.006288079705412228,-0.026252354221238554,0.003870128654219355,0.022407899434762815,-0.012669417952667026
2025-11-26,0.0020917682533082623,-0.0022230225348219158,-0.010848796659713516,0.015197488830821964,-0.004110762297199058,0.017683802879553616,0.013628437947211431,0.016974787220379935,0.010457646640834182,0.0022679805106313616
2025-11-28,0.004672971434540764,0.01756175380535844,0.0007185159158595526,0.01752837065397771,0.022379901030830283,0.01331982147428266,-0.01825050237722547,0.008380619474776033,0.00018197302722688228,0.00997021964122418
2025-12-01,0.0151262172065036,0.002825964858582112,-0.01665984825654784,-0.013376274246441593,-0.010986922793942587,-0.010769020544935939,0.016362629615955304,-6.97394621241348e-05,-0.020093267326200048,0.006106185917936898
2025-12-02,0.010855696011275954,0.0023061862991379644,0.0029173283468531025,-0.0033723896606513565,0.009674257866740097,0.006675349732992619,0.008522861496818633,-0.0020945908399217085,0.004106675345549056,-0.010775506925025739
2025-12-03,-0.007153684504557431,-0.008740386717129234,0.012023278752705898,0.013709756845398732,-0.011657837905386572,-0.025359684307076167,-0.010358750886118864,0.039960567737700375,0.04568341441305004,0.020757259421658066
2025-12-04,-0.012215789741831256,-0.014171743534491207,-0.0063084674509854355,0.012638795980125232,0.033712345521616956,0.006488812662661286,0.020939759460909875,0.017287167308555625,-0.018479427502715202,-0.005618445126984575
2025-12-05,-0.00686355564689062,0.0018314943611840917,0.011426226712691362,-0.003359027746561974,0.017813833594919608,0.004813305577848631,-0.005303645265539134,0.0010335035967348669,-0.0077663724614811785,-0.005135251770285215
2025-12-08,-0.003197540392983899,-0.011568418747626617,-0.023127110569809796,0.0005395111499937944,-0.009879081056581996,0.016137024080980087,0.017067539740813674,-0.03447772390855956,-0.015575563507163947,-0.004816749129760698
2025-12-09,-0.0025583326534953568,0.004529366309921425,0.010653205944418723,-0.04775790962736907,-0.014866985162616196,0.002034460923044121,-0.0031307726339145528,0.012636566806914386,-6.174436630015363e-05,0.01938321175695887
2025-12-10,0.005755873046479309,0.016793958483706913,0.009822969952304814,0.0314458964768887,-0.01045084399994186,-0.027737782748785963,-0.006454273212194532,0.014008389943790958,0.01463285667437969,0.010850017200146398
2025-12-11,-0.0026938721785778564,-0.006492686132941979,-0.024596525031730092,0.023172725367381627,0.003960671315716565,0.010207698642583593,-0.015629252452978915,-0.010152139695978377,0.02514035428519748,0.0
2025-12-12,0.0008988005844432756,-0.017920589673159203,-0.010101118824282765,0.0035855219227433673,-0.013077224457570607,-0.010270345009627218,-0.03320988405610645,0.026650529578487583,0.015061444179825235,-0.006041302635185232
2025-12-15,-0.015098408555415868,-0.016268534273204432,-0.0034655163891960765,0.004698147432056445,0.005893774764326675,-0.007783100806013461,0.0072300846298920425,0.03500417593015653,-0.002167136608005357,-0.008961027346852887
2025-12-16,0.0018224664254049999,8.98866451848032e-05,-0.005367707739022983,-0.01406632978980297,0.0147780159751672,0.0033010826256549314,0.008078970801869827,0.03019325551468915,-0.02043599145717302,-0.02650307069549163
2025-12-17,-0.010138247658845124,-0.005813022613826454,-0.03265726081512035,-0.0018079787857562713,-0.011709427278928071,-0.0005669788742274988,-0.03889667710610827,-0.04727460429487326,-0.007719768198509468,0.023526513015126687
2025-12-18,0.001286746577224654,0.024508470639878127,0.019160124141452444,-0.006305930867998783,0.022756825907592853,0.016373686322175084,0.01854689154035358,0.03389652701091261,-0.010579479968700338,-0.007437592164941451
2025-12-19,0.005422681951884745,0.0025985418858299946,0.01541980802173458,0.013360748689700244,-0.008585224770929767,0.00400041265745044,0.0385822323928654,-0.0044993863680713635,-0.002196689902365701,0.0012862873213451771
2025-12-22,-0.009914939859583293,0.004739078487121393,0.008493627287605566,0.01836689313213553,0.004135461133266147,-0.002060026788581246,0.014807802897141563,0.015527202757109204,-0.006926374621693716,0.012434127630029044
2025-12-23,0.005116600880012278,0.016110849706755952,0.014644539642077771,0.008751792862432993,0.0051868643064307525,0.00397214761063837,0.029607952574700207,-0.006507353223946919,-0.0011078555507387446,0.010691658281552411
2025-12-24,0.005309660095674185,0.0010333484556670999,-0.0008274842710196427,0.009891809115598737,0.003917565629303555,0.002400221534646221,-0.003176142656346988,-0.0003295782832779731,0.008522695755191096,-0.001676083143844984
2025-12-26,-0.0014985148401437073,0.0006022774408405259,-0.001848142716629373,-0.0038352853738038077,-0.006402125878858422,-0.0006353561311843441,0.010128284734973564,-0.021258551524587485,0.012890500525773597,-0.0009230965149165717
2025-12-29,0.0013160418504418513,-0.001937179352692427,0.00015944548869310237,-0.012767537556005815,-0.006959175161038796,-0.0012515348656507654,-0.012198192178212625,-0.03327112293491262,-0.008747396104374805,0.011851222375090287
2025-12-30,-0.002487138437606135,0.0019801618568183687,0.0009243996663374693,-0.0010197253785205723,0.010961574488480381,0.0007798461292190305,-0.0036193198928964683,-0.01139973602177475,0.009741472256812638,0.0038092054556116265
2025-12-31,-0.004477584501558454,-0.007381025988312501,-0.002712013930594704,-0.003717336683380555,-0.008838376807502482,-0.007949807912633325,-0.005560883274468545,-0.0104187006411069,-0.0061908805799676,-0.0053868199437987815
2026-01-02,-0.0031314907649584198,-0.01889327280046985,0.006845465739850215,0.01006647108593755,-0.014773281570937108,-0.022330964886835367,0.012521810833682744,-0.02624643791802105,0.018874973930616084,0.019013710363166722
2026-01-05,-0.013933739398968666,0.028550975746587545,0.004400966860659075,0.02595974470175952,0.012801844050535239,-0.00019031417583016398,-0.003872991969811118,0.03057312274344065,0.01656830871734297,0.021854803274205113
2026-01-06,-0.018504426184870557,0.033210483799024845,-0.0069744243250146115,0.006205452227233568,0.0027740307505908102,0.01189892113605505,-0.004688805860122811,-0.04230652917497186,0.020116707428203044,-0.034985817186242336
2026-01-07,-0.007767587254826069,0.0026114748641676943,0.02401431699339222,-0.023036113384685624,-0.018223834916316,0.010312111434744248,0.009937556278234288,-0.003586402728205757,-0.021052692585555522,-0.02137521485431965
2026-01-08,-0.004967410582383972,0.01939179681615764,0.010688596319191309,0.008526606258458363,-0.004062642007850624,-0.011148447616020766,-0.02175679022132189,0.010124471981728621,0.014959214251761515,0.03662384777282648
2026-01-09,0.0012730781005779077,0.004415959535942419,0.009571837743600703,-0.0018209993893160631,0.010776556610534293,0.0024441728912703835,-0.0009733096453260929,0.02091338126870214,-0.008308829151486063,0.013736493031006531
2026-01-12,0.0033871684089656568,-0.0036853485099490966,0.00996323487272357,-0.014380347466553112,-0.01712733894137801,-0.004391217865887232,0.00043270820192001583,0.00883700211279967,-0.010139107519781719,-0.004665432964719216
2026-01-13,0.003069160037768495,-0.015826265506308397,0.012308640341220088,-0.04278342356899576,-0.01709304082186101,-0.013736507182654508,0.004693209374154674,-0.003927828743923437,-0.01951318651603385,0.020034984900475415
2026-01-14,-0.004184200562639289,-0.024831791107773515,-0.00038698669936456157,-0.009793751259905982,-0.024981077684351052,-0.02427942109519256,-0.014473845297566582,-0.018051031148363036,0.0030797798221156585,0.028513182759828132
2026-01-15,-0.0067546064536927915,0.006444429028140061,-0.009153178048605836,0.004504793022612319,0.008541482039797271,-0.005938635536979807,0.0211251888846915,-0.0014354670972459708,0.011871053280052822,-0.00825189099059089
2026-01-16,-0.01043328271118352,0.003938837966679267,-0.00838899138112511,0.01032607894635446,-0.0008863310845809698,0.0069829161120922465,-0.004393569228210795,-0.0024427450941923528,-0.023703339820481083,0.005868168803733927
2026-01-20,-0.03516681140302266,-0.03454778703396358,-0.02454108763585905,-0.03163414819950337,-0.026349733663020885,-0.011680223052395683,-0.04480571352822744,-0.042609305094350874,0.022138436576973283,0.004378845749724547
2026-01-21,0.0038434513252299496,0.0013410811217221105,0.01961992178812403,-0.0023147430832682497,0.01452686023188949,-0.023169670533137062,0.029056623452312275,0.02866105598439217,0.02716656918108295,0.023858441558572772
2026-01-22,0.002822574664753265,0.013014244969160121,0.006556125756840722,0.005250256375453734,0.055019782929853496,0.015705520178247077,0.008257212491436692,0.040695858938020815,0.019139939638131983,0.0002245210044779861
2026-01-23,-0.0012490498169329728,0.020359762712410228,-0.007927482134239525,-0.019656330235491997,0.017039807335167065,0.032300585451473816,0.015194520290977908,-0.0006678119583802994,0.00503702361254974,0.009902911091849162
2026-01-26,0.029280096957102087,-0.0030989827151846525,0.016122850940925554,0.011089756398072094,0.020434572192515477,0.009249904782276927,-0.006414700713591816,-0.03135078007637384,-0.013052859123038345,-0.0009637314149060717
2026-01-27,0.011135311634926056,0.02591738783059459,0.003863308730187143,-0.0024279625603488807,0.0009068004194401657,0.02166550821931283,0.010933722693939045,-0.009929693133760457,-0.21822166255479078,0.014650308710405562
2026-01-28,-0.007110624097650485,-0.00684863228798761,0.0043545683865085375,0.0015304477762258923,-0.0063203187890362176,0.0021824219748765978,0.015788180324216493,0.0012987560805733547,0.03926153103421185,0.005466357018143307
2026-01-29,0.007149452337149825,-0.005281189009015846,0.006644445152127445,0.0186110134055129,0.09898341471722878,-0.10528434928615048,0.0051558106250884595,-0.0351442835440217,-0.005901345547967173,0.02107308465659703
2026-01-30,0.004635398415236556,-0.010103375476311564,-0.0007394302350314121,-0.0017311372082860605,-0.029985563188647524,-0.007432400683403792,-0.007194235238293908,0.032707748293060876,-0.018508196700059022,0.006314068652468152
2026-02-02,0.039779460893500804,0.015178840703943746,0.016694144844609852,0.007328600953698427,-0.014182511319568216,-0.01621288172015588,-0.029306123614050272,-0.02018328139266714,-0.004680964580767851,-0.021444765595515173
2026-02-03,-0.001964837922112354,-0.01802454038618342,-0.011647767258048704,0.021542138345198095,-0.021043427681574568,-0.029142520112481862,-0.028803825223368506,0.00035553266889641583,-0.00494947398992357,0.03778853209455947
2026-02-04,0.025680287047938025,-0.02387675021837666,-0.019829578821114843,0.007656813482897179,-0.033383214706848977,0.007220868463188697,-0.03469726658767911,-0.038532688670109685,-0.02949682237560139,0.026501637987234893
2026-02-05,-0.0020997961220096443,-0.04521487700574901,-0.005389273962435708,-0.022664883328897042,0.0018219940286651028,-0.0508118658368591,-0.0133501220397345,-0.02191272731756527,-0.0270739385630298,-0.01028359582602257
2026-02-06,0.00797784107081465,-0.057150465515023806,-0.025654666187762257,0.03870475774615286,-0.013141515687274487,0.018797518997179397,0.07577304156935682,0.03439569638292661,0.029716104491867304,0.0201273371020601
2026-02-09,-0.011729000497211482,-0.007636568568798812,0.004511976127782775,-0.0009309078897587004,0.02354657289088363,0.030588820346685523,0.024664984785234986,0.014992548192064116,-0.0034397353135017703,0.014387732505749276
2026-02-10,-0.003428831498793266,-0.008468076358810299,-0.017857175162165135,-0.011930662750366815,-0.009644387535072315,-0.0007982280148395168,-0.007924370677356948,0.018729813289406434,-0.009036008842302691,0.002509908361586219
2026-02-11,0.006628103245317512,-0.01401348751238724,-0.024209378579667557,-0.023717540387654817,-0.003031160527303545,-0.021770891178542195,0.00797702503371531,0.007170667714086594,0.020611716150848145,0.025852022544017222
2026-02-12,-0.05127407257936166,-0.022196688349696986,-0.00632283346412636,-0.026669835860967567,-0.028640550214027307,-0.006276264375390111,-0.016499430880248904,-0.026499721174377204,0.019387072399030574,-0.030219814778677162
2026-02-13,-0.022995839415095466,-0.004066437083335938,-0.010671693804613325,-0.00029753461935999966,-0.015571231642879678,-0.001294823159871587,-0.02234034990641119,0.0008867362574486323,0.030544596866133988,-0.009920278748112988
2026-02-17,0.03117681438621338,0.011801910679928636,-0.012176512355151718,0.015024590848798631,-0.0007507121696595759,-0.011175591191809244,0.011746261049877795,-0.016448249621048336,-0.014082772862260794,-0.0153409683337807
2026-02-18,0.0017795532383034164,0.017934163011373634,0.004328154695212355,0.005357871770775795,0.006128677528430023,0.006880453544403101,0.016141838338721674,0.001678940551719039,-0.0030832460001958524,0.030251149329743966
2026-02-19,-0.014364224365880748,0.0003417909236829623,-0.0015836689050871284,-0.0023670305321947045,0.0024224061806033905,-0.0005770287920214309,-0.0004256277036358056,0.000947679089765262,0.005984737252492093,0.001922828948887176
2026-02-20,0.015233823534795543,0.025304384018124338,0.03927159606731417,0.008855479136574062,0.016733140830941864,-0.0030916176909677397,0.010166442233303357,0.0002671812076260135,0.0002413935813510143,-0.02474565518820732
2026-02-23,0.00602904668779855,-0.023304999462925406,-0.011142040951804093,-0.04313195799520826,-0.028480285962558003,-0.03264977069912112,0.009072602696341523,-0.02954695527872473,-0.0267688929725557,0.023353659315183233
2026-02-24,0.022144036649487702,0.015900551376285547,-0.001895820979512424,-0.0012438296284315005,0.003211746859935899,0.011713641833520843,0.00676381203940997,0.023604408796446652,-0.030166363176369525,-0.009999492420500545
2026-02-25,0.007650520846136862,0.009923754371216356,0.006412352425617707,0.019980716469079444,0.022259504317722664,0.029384055394936336,0.013954458115647371,0.01940114803767631,0.036732577128120225,-0.001340756270684215
2026-02-26,-0.0046786052410885525,-0.012997130763748655,-0.017798959880026242,0.009287483425649617,0.0050660036527855465,0.002791917205408831,-0.05610616371498543,-0.021357279325286554,0.008618608877106443,-0.0034947335349735003
2026-02-27,-0.032657957379533524,0.009954149190768667,0.014148966401481737,-0.019227938861463983,-0.013530791821899224,-0.02260753692228252,-0.04253841115102456,-0.014967735162802963,0.02279673463970227,0.026310423318732075
2026-03-02,0.002041924719824955,-0.007696209563361218,-0.016950742877400962,-0.009166031826472012,0.008265815743631213,0.01468509769894799,0.029417965049183585,0.002010344152525457,0.005644487073961535,0.01121555989890425
2026-03-03,-0.0036708976244395467,0.0016302091348675868,-0.009637871137742905,0.00903284313298966,0.0023230854579415765,0.013408647831676312,-0.013406031910892074,-0.027372150980348144,-0.019584991312847213,-0.01561867207347566
2026-03-04,-0.004674468498819032,0.03802601972435073,-0.0014832666350016398,-0.002901611774074465,0.019126483335465395,0.003139220615922468,0.01647012436394315,0.03384721273919843,0.00946362782368763,-0.0133268699024581
2026-03-05,-0.008530831338801404,0.009730180814114253,-0.00745022587578358,-0.01969920234007789,-0.010780750218416239,0.013433508696627289,0.0016376569434080994,-0.00096123102727329,-0.010986231326228479,0.0062545409844556475
2026-03-06,-0.01093213459894777,-0.026520103831069775,-0.007874688670685488,-0.01396170454436624,-0.024069923175256292,-0.004196959457124567,-0.030570547947451978,-0.02198816416611494,-0.007961691587671925,0.002980493788588297
2026-03-09,0.009355669414157603,0.0013123918981728527,0.026627573258840187,0.0015189002047436512,0.0039157778916814375,0.001099767241845775,0.026799927974745296,0.004903095477786746,0.0031610330047003045,-0.005105314659222981
2026-03-10,0.003648874557014285,0.003926872997654284,0.002217256954955653,-0.004113092137313458,0.010265367541997234,-0.00895519345973096,0.011540132553405798,0.0014036436297643494,-0.00997360429836578,-0.015474010066328382
2026-03-11,-7.670972662595488e-05,-0.007869298894721337,0.005391957579841923,-0.004199734075961804,0.0012070637858119435,-0.002171161078240015,0.0068501971802928125,0.02126320318819362,0.010254039872821108,0.023023178173022348
2026-03-12,-0.0195526595655038,-0.014780671622370333,-0.016823743285437443,-0.016234141178046287,-0.025801050298959908,-0.007486996517855703,-0.015657017582739324,-0.031914812787204434,-0.029168030323464728,0.012782485243646462
2026-03-13,-0.02229865363447962,-0.008916648837354262,-0.0041925494222189,0.001942306825587805,-0.03909791142548357,-0.015826551578986114,-0.01590614903148685,-0.009692136394107657,0.018028192859287317,0.016728864258597403
2026-03-16,0.010737011185857437,0.019408860320450153,0.010792430673513667,0.009550584461822866,0.02299736633433219,0.011062368643045354,0.016342896559540954,0.011083506865035645,0.011980780137389764,0.007084805093974457
2026-03-17,0.005561553592463054,0.016208681248397017,0.017389521764320726,0.0025478674235575463,-0.007663393274436528,-0.0013511210133194,-0.007065700712188807,0.00933537602077204,0.0072593739671931775,0.009998837457253388
2026-03-18,-0.017018440434935896,-0.02507954596315967,-0.010442915185014242,0.0029583516932415376,-0.011273233148284706,-0.019262435829129988,-0.008445360648967679,-0.016388196671314647,-0.011330839283876582,-0.007711805819411821
2026-03-19,-0.003928637969992818,-0.0053030276815244914,-0.001821659411311911,0.0007989451438162021,-0.014692904057745948,-0.007095289098823652,-0.010251940462499028,-0.03228927274343446,-0.013775668853406456,0.0036104863482625802
2026-03-20,-0.0039038546496206693,-0.016372033885598155,-0.02016085311090813,-0.004908211151035378,-0.02172771740000326,-0.01855045253982266,-0.03336870520646045,-0.032986169449252166,-0.017445514674974905,0.009501986578669465
2026-03-23,0.014014812591042392,0.022960765779813284,0.003515474619599001,0.011622475968344073,0.01736678392254706,0.0029547673243715392,0.016880501264273443,0.03443139945829688,-0.022197501226467988,0.009102355265814457
2026-03-24,0.0005962460475602484,-0.013896403903249794,-0.03922867113558763,0.008552216779579985,-0.018614073048194207,-0.027153937768180758,-0.0025083307357880963,0.005707699063017406,0.010114097409651874,0.026034339639715246
2026-03-25,0.0038868788463975487,0.02133987694053351,0.001685596671163304,0.010275454764177187,0.0033170736732061044,-0.004571152690792659,0.019668337891847958,0.007594547116542637,-0.00637405836377967,-0.012901866702527727
2026-03-26,0.0010682625170895263,-0.019893385566031804,-0.03501266341009786,-0.01280937241443384,-0.08294109895877108,-0.013758534009891197,-0.0425303080215932,-0.036518388902705916,-0.009283305871307535,0.01320408920114136
2026-03-27,-0.016305280196262602,-0.04031216865924322,-0.023701747101302656,-0.030707409764835016,-0.04066678726205274,-0.02546012506735926,-0.021963413780231762,-0.0280150189690427,-0.03426829317254603,0.033056966529054474
2026-03-30,-0.008760109701824332,0.008044214540419325,-0.003066625853971971,0.003282672939755061,0.02007426140964033,0.00611966014484149,-0.01412747193455417,-0.018268243604687585,0.010637507318007097,0.002803230649256805
2026-03-31,0.02861786495948073,0.035779229656415903,0.05012990705870468,0.03595979399902107,0.06452330162265603,0.030751447801748214,0.05437625561333066,0.045315377792307994,0.03306200986340935,-0.010611848632389785
2026-04-01,0.007223978636376895,0.0109828388282875,0.03361296174041603,0.004138821976746752,0.012333430331749967,-0.0021635289281511007,0.00771105353121578,0.02525999735964806,0.012450387340620274,-0.05375943595158966
2026-04-02,0.0011338123573076417,-0.0038064614152036554,-0.005462337645962499,-0.0026441735436960176,-0.008269132622956196,0.01101201335750153,0.009288088228185538,-0.05574001402961767,0.0119006197974689,-0.0005599779366503515
2026-04-06,0.01142239161475063,0.01429401955243689,0.014166973229900738,0.007985826785513652,-0.0025098367236974298,-0.0015542218182786648,0.0014083382738375788,-0.021783536042954785,0.014679202384955464,0.016540487375283897
2026-04-07,-0.020923456036972127,0.0045949583469463715,0.01806970063372021,0.006578412169908947,0.0035362963950763718,-0.0015835039189674074,0.0025862058206754654,-0.017642424845982326,0.08958789187694624,0.003300037138635307
2026-04-08,0.02107802518992581,0.034392593210598475,0.0380919413630264,0.03492429647888253,0.06296131492105915,0.0054646202714657,0.02210099101794525,-0.009856563133277247,-0.005703100273765875,-0.04805230104502939
2026-04-09,0.006122567123347408,0.05453095913592383,0.0036802842067981197,0.007633806144905957,0.02574274969004378,-0.003371654917970858,0.010000334200718075,0.0068808468500743715,0.0030347869744975107,-0.007582109519110016
2026-04-10,-3.8345556912621514e-05,0.020041816513914186,-0.003932439437588319,-0.0014833255164648355,0.002336465202516237,-0.0059144890165382935,0.025340931070435613,0.009588788947183922,-0.008441973824239418,-0.016453054560155677
2026-04-13,-0.0049260673756055485,0.006314422859656274,0.012747789780323843,0.012220485822152918,0.007387146364669433,0.03575403655529446,0.0035984100488998323,0.00989500379675574,0.028090635845698667,0.000852116298823413
2026-04-14,-0.0014286068821369137,0.03735274928383289,0.03546580363710918,-0.008194680751405403,0.04312075772108938,0.022483811465560243,0.03732744648887824,0.03287951656879651,0.0037946616542946865,-0.02252643898076281
2026-04-15,0.028940120889102108,-0.0020903861446825195,0.0125667731821318,-0.01682235070371428,0.013627804672031613,0.04503888343389864,0.011938031369764115,0.07343111096819813,-0.00044574161657777195,-0.0015423655411854844
2026-04-16,-0.011437796552710188,0.0048173395273468644,-0.003268333148616994,0.013054716392694827,0.007845985357244307,0.021745251113201896,-0.002618194278043067,-0.0078120863116936485,0.00745507721681482,0.019735545837719155
2026-04-17,0.025599724502604514,0.0034382179946092772,0.016704019890516727,0.0010963345559705288,0.017108713626815247,0.006002043749179862,0.016649073332435406,0.0296911094422974,0.025678920420017074,-0.03713317228242087
2026-04-20,0.010381401662850636,-0.009141266429826336,-0.012546149259453765,0.021362883546273116,-0.02595292477717801,-0.011226740924225573,0.0018824237593380586,-0.020476797687229584,-0.0035487651929547673,0.00843190166391323
2026-04-21,-0.02551957602598669,0.006543731071590066,-0.015320409239913332,-0.012667040147730398,-0.0030900877519639235,0.014461871447776973,-0.01084740809684451,-0.0156116416401595,0.06733034514728718,0.004594081740594729
2026-04-22,0.025959122658055597,0.021573448951202067,0.020935575571808553,6.385450264070844e-05,0.008752856380746823,0.020442188268340603,0.013022666698602456,0.0028167845306925577,0.021472371333151802,0.007654603112211498
2026-04-23,0.0009512419139857489,-0.001097088026179746,-0.001268059342409964,-0.0042578849925245695,-0.023346602573655204,-0.04046886377167461,-0.014224159796213538,-0.03623482292188371,0.002937507115960716,0.006866007130415139
2026-04-24,-0.00870548556450589,0.034333958023186784,0.016128121174901693,-0.01100066621441083,0.023806006921236807,0.02111053357014146,0.04231955004193406,0.006879807968652782,0.0010148721591513277,-0.01082024531729966
2026-04-27,-0.012809554739298108,-0.01093113357236666,0.017100363295902886,0.010808076207741784,0.005304181205167543,0.00047093907199736843,0.03926319027785601,0.006278483691632188,-0.0006482573014312213,-0.0048468823104791305
2026-04-28,0.011517520751980868,-0.005452887403187945,-0.0015997151332615383,-0.0005776973848079748,-0.010785602217771114,0.010373913089718178,-0.01600850416151377,-0.007022844604162197,0.033490739514132006,0.015866421426324682
2026-04-29,-0.0019966978339397375,0.01277897868001351,0.00045734758925342116,-0.007088869541220571,-0.003312316930648197,-0.01122176316871562,-0.018560255972615913,-0.008600254179982027,0.010766044696274102,0.02693213329552853
2026-04-30,0.0043581493936293405,0.007650061888693173,0.09496195924186007,0.012787757483226312,-0.08937823141819438,-0.040089887405449304,-0.04736465906513777,0.023409515563600516,-0.000701521575257873,-0.0022006462065732465
2026-05-01,0.03187991038650981,0.012000489635761667,0.0023102896670280067,-0.0024292809532104396,-0.005177488415403541,0.016200380815886175,-0.00562788249813037,0.02379554904158833,-0.0045991813452101755,-0.01029058935598965
2026-05-04,-0.011885962197690256,0.014029132183864345,-0.006346484401737387,-0.015545747384606946,0.002723162409339637,-0.0019805564528877612,0.00015109925506329687,0.004314924812415465,0.0053276906137504874,0.006135036239211539
2026-05-05,0.026204338554427865,0.0054985478239463976,0.013425462662561916,0.005672182198308184,-0.008968510390804464,-0.005430265418195371,-0.010025891482081857,-0.008032003657369561,-0.018731358969357178,0.007713029951827262
2026-05-06,0.011649801728447845,0.005250321971042334,0.024439568109513986,0.017620215107473358,0.013006805266546462,0.006251935224948011,0.05605804652492139,0.023754487827164997,0.009327896816478946,-0.04078702695568466
2026-05-07,-0.00024353676707370125,-0.01398871786017844,-0.00012566775395786466,-0.027788100651294837,0.006391827246250566,0.016317029709620266,0.017504551528897266,0.03222900776203085,0.006675514541939382,-0.014292277506208002
2026-05-08,0.020250074126795237,0.005552939638259035,0.007035661903728889,-0.013708901199919597,-0.011708800290584477,-0.013518725545446366,0.017342835809247024,0.03942710124226755,0.027318665021449536,-0.013807504425191987
2026-05-11,-0.0012634684139431265,-0.013624751749596186,-0.030809005349915507,-0.006975695828254186,-0.017824338822277564,-0.005943620767689755,0.019511007291121277,0.03813364950728898,0.011669083977722058,0.034735838167074796
2026-05-12,0.007217281916175962,-0.011854752338375166,-0.0033248284969245433,0.016135812931797267,0.006889353612012059,-0.011920778009659372,0.006087883494185524,-0.026297804689101322,0.030610857477276782,0.006326871258440463
2026-05-13,0.013711560991706276,0.01608392713413966,0.038664537053085424,-0.015302751160139258,0.022351957398803673,-0.006297779830460884,0.02261580585803677,0.02690433759547956,0.011961720111710802,0.0062211136575871665
2026-05-14,-0.002210772244144634,-0.010831048951722346,-0.00385720713884289,-0.001133015411396599,0.002914850865910365,0.010360489291041258,0.04294701759820982,-0.004434100858338372,-0.005173429184821137,0.007951317250508043
2026-05-15,0.006750976522238501,-0.011592972656152402,-0.010754019416150288,-0.007026813007544652,-0.0068145493567160825,0.030049788861924314,-0.04520787679613538,-0.048672864587404434,-0.013216735519203935,0.039854134150739316
2026-05-18,-0.007992466908238653,0.0027220081197222258,0.00040318405143820255,0.009757209291206721,-0.00492886541882719,0.003832278848626929,-0.013403819528754392,-0.029441104289050234,-0.006930156271110618,0.01614310547017116
2026-05-19,0.003786820722815226,-0.021061401192618883,-0.02365650610638229,-0.016867440023781054,-0.014170384779384529,-0.014555068940400357,-0.00772141061963216,-0.014445663458309575,-0.004843959224408934,0.012753995963667452
2026-05-20,0.010911251503184886,0.021627669973466716,0.003219322979792405,0.02101544817933584,0.004057442622716455,0.008682378065394921,0.012880756382786308,0.03202247022638431,-0.015378104687922809,-0.03933640314831609
2026-05-21,0.009024467670268961,0.012934297256761875,-0.0032193229797924917,0.0033719680731615523,0.0038269293201572126,-0.002526090592902171,-0.017879425943107992,0.0014129789484986274,-0.0021415947497241384,-0.006354969029154711
2026-05-22,0.012479649444335736,-0.0080032744617438,-0.012171995269428916,0.011093342450438514,0.004730548527984734,-0.0012415277754476936,-0.01922601401684015,0.019340312041325056,0.015539610724251082,-0.0023854505195197427
2026-05-26,-0.0015880121843198519,-0.0038750213028487137,0.0153141336694057,0.001174264026317696,0.0034025714037103465,-0.006086787367366893,-0.0021850774060261733,0.017636535587117294,-0.030342263495584398,-0.03354103459458871
2026-05-27,0.008139905925081868,0.024426866578213892,-0.0001286280291200787,-0.024620894478387285,0.036746721454421066,-0.008109095484610435,-0.010574191531007708,0.015493162254673815,0.01879493651355107,-0.012831479783707153
2026-05-28,0.005325999563197865,0.007877640344363742,0.0033378675149664484,-0.008556887250948752,4.712123853181468e-05,0.03411229625288361,0.007731054577228179,0.003943573700417892,-0.003861574159506625,-0.006375841857032786
2026-05-29,-0.0014410307239461104,-0.012338527790443166,-0.025414489195130573,0.008657160564949532,-0.004385523673373945,0.0530201813564115,-0.014622087317938178,-0.014375619088440037,-0.005820384856164847,-0.011635284229926917
2026-06-01,-0.0185978161231111,-0.035273461160258576,-0.0104928631091566,-0.009162885581194609,-0.051983422142678065,0.02257550971290651,0.06073045986638763,-0.046763726698806594,-0.0011839572051208875,0.02796822525417102
2026-06-02,0.02860974364520492,-0.018309525985056377,-0.03934291252506397,0.014660351758215043,-0.0047408004140199285,-0.042608691140752344,-0.0068876374559193035,0.018723267699191404,-0.00512015738312735,0.001204206168877272
2026-06-03,-0.0157967095998125,-0.025665659701418486,-0.007935267638281661,-0.00036542992595152884,0.041542601453710186,-0.032167630063060046,-0.03688972124723909,-9.435010681166908e-05,-0.0024373977783383265,0.019663656223817935
2026-06-04,0.0031215368741391546,0.01496619519549892,0.03610999362901216,0.03282731941213016,0.007340810380850341,0.0016600419254275758,0.019208290386228847,-0.012468248792164637,0.0503552054361075,-0.003217690046316716
2026-06-05,-0.012577609274253502,-0.03105365219156565,-0.009882415831165496,0.004749216223855405,-0.05666077654197565,-0.02694540884818325,-0.06402033391723558,-0.06784987766553562,0.007538313011573772,-0.014041793685921993
2026-06-08,-0.01905190902330898,-0.0032977029725941285,-0.01366851064269517,-0.004041882785132528,-0.012916128735448184,-0.011902515359320368,0.017112580975841913,0.04488536904530807,0.01761740446260328,0.01213262366304086
2026-06-09,-0.03712706918079524,-0.004209150987076249,0.0026114675903969463,0.005097770013067561,-0.0013675383254841552,-0.02043863488144832,-0.0021591397984066225,-0.030463037176546175,0.01569150093495507,-0.018892308744724293
2026-06-10,0.0035387281174611347,-0.025675947123681687,-0.02187033417947859,-0.01145002339481894,-0.023556588800602806,-0.015110789647077107,-0.03803598052040507,-0.0387831676710731,-0.013504840901527686,0.011417955060233222
2026-06-11,0.013794324313997033,0.014640183686286065,0.0038927001272959978,0.013973159341883886,-0.004476060439686304,-0.0178244891134849,0.02196045231330065,0.044990546617469984,-0.00469863962223645,-0.027052245168762618
2026-06-12,-0.015338769356976291,-0.012331912602696485,0.005324435774413595,0.0228010883052494,-0.002554166283448287,0.0010242073496361669,0.0015607832565316107,0.018074423616042716,0.0072967571655816535,0.002792743223599141
2026-06-15,0.018007493246393634,0.03083390605189011,0.026529993597646646,-0.0041242535490580295,0.046605917567477714,0.022822039293822094,0.034770261132300154,0.011546402155351725,0.011844874952054699,-0.04230823383049192
2026-06-16,0.009468481540986734,-8.131487459148037e-05,0.010503715919534504,0.03609700380331456,0.011276148415824264,-0.014945081454071895,-0.02400912389906229,-0.015910879171028017,-0.00828160601363567,0.006648319596971846
2026-06-17,-0.011055331985774613,-0.035163912457666896,-0.025671634855025008,0.006981595563343599,-0.05589789189536283,-0.03862059048154452,-0.013396355182919827,-0.020673857986175808,-0.020120094937566186,-0.007926404507449285
2026-06-18,0.0069365133751416366,0.028597683957913095,0.01158765170421262,-0.025021004563508302,0.01684168688558637,0.0012923218845768704,0.02908669731246372,0.010315413608767319,0.003572797197632903,-0.021038348397671342
2026-06-22,-0.0033612346094813285,-0.04862857666526806,-0.05114602365891787,0.01906562392442834,-0.023435210199502732,-0.03230320168250443,-0.009729692641559137,0.01132171311591987,0.014164967000631351,0.0047777973109606065
2026-06-23,-0.009166227388095017,0.005654362212000333,-0.010203988467657892,0.0079925927086734,-0.0029305351940348474,0.017807523534874563,-0.04214086479707091,-0.059611379843779726,0.006299598854067723,0.009058254033535895
2026-06-24,-0.004154050285409865,0.0006832216006890583,-0.0024297727425915128,-0.0020670898451318684,-0.008090321243322048,-0.02293855257082976,-0.005212488263586544,-0.016060748057995154,-0.008465818940928264,-0.02046127080515847
2026-06-25,-0.06312918215256177,-0.03148026940338524,-0.004586414686523522,0.004995642558455251,-0.026897487347296307,-0.03517049422135125,-0.016517548663244935,-0.0010923964729650014,0.02369441360709933,0.004736821846467459
2026-06-26,0.030882904454319803,0.024713060914308634,-0.018558679034608522,-0.018278986678531093,0.013502848811789085,0.05551167425391712,-0.016535296660330157,0.012161819203993191,0.029311376520144445,-0.0073699467384156555
2026-06-29,-0.00721466060725805,0.03151497796996931,0.047068131545177694,0.0010328228489229123,0.022196132254121426,-0.011867317971901738,0.012593727434429082,0.08122713454703766,-0.019040122005606574,-0.0035216158453877803
2026-06-30,0.02668691184994011,-0.007523873763327147,0.010463939752140269,-0.006273683348712328,0.00122570154494565,0.01200133530108292,0.025921540190744,0.02104736226435513,-0.01003061227102852,0.004839100762510816
2026-07-01,0.017199929330940868,0.013999064785619552,0.01068783702050745,0.020381822909216155,0.08442350821195795,0.029739442308022564,-0.012623672142353475,0.011112495777372573,0.02591071604162989,-0.0032234639003761176
2026-07-02,0.047271697894878145,0.0040052130693041185,-0.003605472625997126,0.0011965992262364675,-0.05020237548230075,0.016030885383640066,-0.014016182027723867,-0.07784074755080678,-0.002770334444213039,0.0059260338991830195
2026-07-06,0.012973185615845364,0.006121274942382323,0.018035341164537543,0.01416475391773782,0.029397148242849627,-0.009649728377271917,0.0036887239515329033,0.06475289005284912,-0.017478349328029864,-0.0047526422905617765
2026-07-07,-0.0064172715140114545,0.00742645135022292,0.0015542337224836163,0.004431714626410532,0.0251521053920136,0.0054153311635238436,0.00703218164456726,-0.041018539011121395,0.024109542581164316,0.03775661436268301
2026-07-08,0.008749389702145728,-0.009640600216052831,-0.014020355227894405,-0.025679203186040205,-0.020448766762634237,-0.014245624245687366,0.03585973382237286,-0.022185201276039682,-0.0060670756430742,-0.0039601037828611175
2026-07-09,0.00898970969223071,0.013940625430091662,-0.008407254362267986,0.014562872418268957,0.04595006592667653,0.0026572610086787393,-0.006586390769892467,0.0312037168556396,0.0141846036842112,-0.026348471488100392
2026-07-10,-0.0028501583226974415,-0.0069052509812284075,-0.004776139779201448,0.002976458417840585,0.058031705316322596,0.001923481372210687,0.03954693236574592,0.0029718973532871238,-0.016489916236116838,0.010277271534747945
2026-07-13,0.0062911868943995525,0.007997611876585861,-0.013160817540296276,-0.005782437695950464,-0.018824999676927696,0.015178902564042165,-0.03585516570320906,-0.03240077993929111,0.010472038783827404,0.0397383852273533
2026-07-14,-0.0077511572511698955,0.0007275987930534227,0.0196630020022463,0.024683180746480203,0.0065413737798066165,-0.015620478686443902,0.039829039408852435,0.003590624905497913,-0.009130545011481361,0.0040055429894404
2026-07-15,0.039360006012478126,0.029736497094527754,0.031244421783561214,0.011655652124962753,0.030203092756913113,0.027417962843460583,0.0032995407884884027,-0.004350915634406925,-0.015811481326421416,-0.004005542989440345
2026-07-16,0.017434940338492192,-0.020085877850740792,-0.04539096161306361,-0.010897739299897794,-0.024922372997344264,0.01373134460185696,-0.02429272199776063,-0.008656724657948154,0.011545480199944724,0.009915405092619218
2026-07-17,0.001439222043781139,-0.010701758429280527,-0.021933776227723696,-0.005991944249690522,-0.028280040257188093,-0.018316817278041388,-0.022379698238568935,-0.026481664853464253,0.0063804505040958295,0.0096145002583928
2026-07-20,-0.0216566670967116,0.011101878873679078,0.014941034067203166,-0.006559168720411391,-0.0002477577792032815,0.021279272100756832,0.0023147648787335633,-0.03003914234140675,-0.010712217555270152,0.006763180086475391
2026-07-21,0.0035150309603428622,-0.009808344900483996,-0.013845792742100516,0.018594354799919808,-0.003163593150473268,-0.01134957559776861,0.01953441361577837,0.02501128466509805,0.034506322185789674,0.022329091279232383
2026-07-22,-0.005660635258418789,-0.010966791059379552,-0.014683095985228533,0.008594828111342118,-0.02618603871567201,-0.018805522396685516,0.02275049536218918,-0.013068910989716388,-0.011617604154814252,0.017899551591105917
2026-07-23,-0.013064847610259141,-0.04677872011408177,-0.07399777740276084,0.0048416604209664225,-0.03417266033378101,-0.022697652711874124,-0.015684001522928887,-0.15693077724657808,-0.018131908643927882,0.015674519348830695
2026-07-24,0.03470741679444188,-0.006655683102763052,0.006432062764840743,0.009415374777564975,-0.018164262272286083,0.00031449962254198236,-0.009239710638928346,-0.021052755196125365,-0.006680132302948863,0.0003186633010814669
