Date,AAPL,AMZN,GOOGL,JPM,META,MSFT,NVDA,TSLA,UNH,XOM
2020-01-02,72.33389282226562,94.90049743652344,67.83250427246094,117.89921569824219,207.953857421875,151.82955932617188,5.963802814483643,28.68400001525879,261.7022399902344,52.9470329284668
2020-01-03,71.63064575195312,93.74849700927734,67.4776611328125,116.34335327148438,206.85348510742188,149.9390106201172,5.868346691131592,29.534000396728516,259.05377197265625,52.5213623046875
2020-01-06,72.201416015625,95.14399719238281,69.27622985839844,116.25084686279297,210.74928283691406,150.32656860351562,5.8929572105407715,30.1026668548584,260.8521728515625,52.924625396728516
2020-01-07,71.86184692382812,95.34300231933594,69.14240264892578,114.2745132446289,211.20530700683594,148.95590209960938,5.964300155639648,31.270666122436523,259.27752685546875,52.491493225097656
2020-01-08,73.01782989501953,94.59850311279297,69.63453674316406,115.16594696044922,213.34646606445312,151.32859802246094,5.975486755371094,32.80933380126953,264.7441711425781,51.69990921020508
2020-01-09,74.56881713867188,95.05249786376953,70.36555480957031,115.58645629882812,216.399658203125,153.21908569335938,6.041112899780273,32.089332580566406,263.24102783203125,52.095699310302734
2020-01-10,74.73736572265625,94.15799713134766,70.82001495361328,114.43431854248047,216.16177368164062,152.51014709472656,6.073429584503174,31.876667022705078,264.0552673339844,51.632686614990234
2020-01-13,76.33409118652344,94.56500244140625,71.36865234375,115.38462829589844,219.97824096679688,154.3439483642578,6.263846397399902,34.990665435791016,255.75225830078125,52.12556457519531
2020-01-14,75.30332946777344,93.47200012207031,70.90080261230469,116.73020935058594,217.15304565429688,153.25692749023438,6.147012233734131,35.861331939697266,257.8907165527344,51.67749786376953
2020-01-15,74.9806137084961,93.10099792480469,71.3275375366211,114.98094940185547,219.224853515625,154.24948120117188,6.104502201080322,34.56666564941406,265.200439453125,51.5953483581543
2020-01-16,75.91985321044922,93.89700317382812,71.87071990966797,115.42666625976562,219.83946228027344,157.0758056640625,6.188027858734131,34.232666015625,269.07452392578125,51.39371871948242
2020-01-17,76.7603530883789,93.23600006103516,73.32579040527344,116.22563171386719,220.2062530517578,157.95492553710938,6.1967267990112305,34.03333282470703,267.0435485839844,51.19955825805664
2020-01-21,76.24014282226562,94.5999984741211,73.46110534667969,115.08182525634766,219.5123291015625,157.3877410888672,6.163417339324951,36.47999954223633,268.88665771484375,50.46771240234375
2020-01-22,76.51231384277344,94.37300109863281,73.54139709472656,114.9472885131836,219.39337158203125,156.63153076171875,6.217360973358154,37.97066879272461,268.9403991699219,50.176456451416016
2020-01-23,76.88077545166016,94.22899627685547,73.58202362060547,114.82955169677734,217.8469696044922,157.59573364257812,6.285720348358154,38.14666748046875,267.92919921875,49.86280059814453
2020-01-24,76.65921783447266,93.08200073242188,72.66416931152344,111.97857666015625,216.04278564453125,156.00762939453125,6.226557731628418,37.654666900634766,261.97955322265625,49.52676010131836
2020-01-27,74.40502166748047,91.41699981689453,70.9572982788086,111.03667449951172,212.99951171875,153.39871215820312,5.971014022827148,37.201332092285156,254.17767333984375,48.34684371948242
2020-01-28,76.50990295410156,92.6624984741211,71.88756561279297,113.05506134033203,215.8941192626953,156.40467834472656,6.164163112640381,37.793331146240234,255.77023315429688,48.279624938964844
2020-01-29,78.11141204833984,92.9000015258789,72.19483947753906,112.8868637084961,221.28675842285156,158.84344482421875,6.103756427764893,38.732666015625,253.11297607421875,47.876373291015625
2020-01-30,77.99825286865234,93.53399658203125,72.07341766357422,114.28291320800781,207.7060089111328,163.3240509033203,6.110468864440918,42.72066879272461,251.39508056640625,48.384178161621094
2020-01-31,74.5398941040039,100.43599700927734,71.00933837890625,111.31420135498047,200.15234375,160.91363525390625,5.877295017242432,43.371334075927734,243.7632293701172,46.3902587890625
2020-02-03,74.33517456054688,100.20999908447266,73.47843933105469,112.16358947753906,202.41249084472656,164.83651733398438,5.974244117736816,52.0,245.16787719726562,45.35223388671875
2020-02-04,76.78926086425781,102.4834976196289,71.63528442382812,113.7782974243164,208.00343322753906,170.26239013671875,6.143280982971191,59.137332916259766,251.2698974609375,44.78468322753906
2020-02-05,77.4154281616211,101.99349975585938,71.66700744628906,115.71263122558594,208.28094482421875,170.05438232421875,6.233519077301025,48.97999954223633,264.592041015625,46.845802307128906
2020-02-06,78.3209457397461,102.5114974975586,73.14986419677734,115.72944641113281,209.01454162597656,173.58026123046875,6.32027530670166,49.930667877197266,261.6664123535156,46.21104049682617
2020-02-07,77.2563705444336,103.96399688720703,73.30549621582031,115.35941314697266,210.48162841796875,173.8260498046875,6.254151344299316,49.871334075927734,258.7675476074219,45.90485382080078
2020-02-10,77.62330627441406,106.69550323486328,74.76998901367188,115.8387680053711,211.20530700683594,178.37277221679688,6.537040710449219,51.41866683959961,256.80810546875,45.420047760009766
2020-02-11,77.15496826171875,107.54000091552734,74.83938598632812,116.05743408203125,205.3863983154297,174.34593200683594,6.659344673156738,51.62533187866211,260.1722717285156,45.85182571411133
2020-02-12,78.98724365234375,108.0,75.26412963867188,116.05743408203125,208.9253387451172,174.60110473632812,6.774937152862549,51.15266799926758,271.5260314941406,46.41238021850586
2020-02-13,78.42473602294922,107.49349975585938,75.0044174194336,115.95651245117188,211.2845916748047,173.65591430664062,6.7311859130859375,53.599998474121094,270.38079833984375,46.15483474731445
2020-02-14,78.4440689086914,106.74349975585938,75.26908111572266,115.60326385498047,212.3155517578125,175.2061309814453,7.203745365142822,53.33533477783203,267.32098388671875,45.94272994995117
2020-02-18,77.00772094726562,107.78350067138672,75.30426025390625,114.07266235351562,215.9040069580078,176.9832305908203,7.372286319732666,57.22666549682617,270.3271789550781,45.35944366455078
2020-02-19,78.12300872802734,108.51100158691406,75.57337951660156,115.62853240966797,215.59674072265625,177.5140380859375,7.822971343994141,61.16133117675781,273.1634216308594,45.70789337158203
2020-02-20,77.32154846191406,107.65499877929688,75.18283081054688,115.62853240966797,212.7120361328125,174.80319213867188,7.673819065093994,59.96066665649414,270.31817626953125,45.34429931640625
2020-02-21,75.57134246826172,104.79850006103516,73.52108001708984,114.21562194824219,208.35035705566406,169.2771759033203,7.3101396560668945,60.06666564941406,269.69189453125,44.79132080078125
2020-02-24,71.98170471191406,100.4645004272461,70.3690185546875,111.14602661132812,198.97271728515625,161.97872924804688,6.793331623077393,55.58599853515625,248.54104614257812,42.69302749633789
2020-02-25,69.54351806640625,98.63700103759766,68.70675659179688,106.18413543701172,195.05709838867188,159.3057403564453,6.514170169830322,53.32733154296875,235.6572265625,41.05681610107422
2020-02-26,70.646728515625,98.97949981689453,68.91242980957031,106.50370025634766,195.4833526611328,161.29624938964844,6.653378963470459,51.91999816894531,235.3083038330078,40.155391693115234
2020-02-27,66.02867889404297,94.21499633789062,65.16963195800781,102.0716552734375,188.0981903076172,149.93150329589844,6.283012866973877,45.266666412353516,227.18429565429688,37.73894119262695
2020-02-28,65.99005126953125,94.1875,66.37393951416016,97.64801025390625,190.79452514648438,153.5617218017578,6.7175517082214355,44.53266525268555,228.11485290527344,38.96609115600586
2020-03-02,72.13379669189453,97.69750213623047,68.70675659179688,102.19779968261719,194.72996520996094,163.77963256835938,6.875746726989746,49.574668884277344,244.35374450683594,40.814414978027344
2020-03-03,69.84285736083984,95.44950103759766,66.2981185913086,98.36286163330078,184.2718048095703,155.93138122558594,6.613581657409668,49.70066833496094,233.8767547607422,38.860050201416016
2020-03-04,73.08250427246094,98.79149627685547,68.47283172607422,100.7933578491211,190.09068298339844,161.65643310546875,7.076724052429199,49.96666717529297,258.94647216796875,39.70844650268555
2020-03-05,70.7119140625,96.20149993896484,65.16020965576172,95.8482894897461,183.5580596923828,157.59963989257812,6.797643661499023,48.30266571044922,253.16665649414062,37.9586181640625
2020-03-06,69.7728500366211,95.05449676513672,64.21756744384766,90.89484405517578,179.5135955810547,153.14468383789062,6.617311954498291,46.89866638183594,253.9808807373047,36.12544631958008
2020-03-09,64.2543716430664,90.03050231933594,60.25520324707031,78.58264923095703,168.0244903564453,142.7657012939453,6.104920864105225,40.53333282470703,244.6490478515625,31.709197998046875
2020-03-10,68.882080078125,94.59100341796875,63.19810104370117,84.68827056884766,176.63880920410156,152.52862548828125,6.493940353393555,43.02199935913086,250.5182647705078,32.88332748413086
2020-03-11,66.48977661132812,91.04299926757812,60.012855529785156,80.70195007324219,168.75804138183594,145.6187744140625,6.130541801452637,42.28200149536133,248.53207397460938,31.80010223388672
2020-03-12,59.923587799072266,83.83049774169922,55.08901596069336,74.0496826171875,153.1253204345703,131.80850219726562,5.380359172821045,37.369998931884766,224.04391479492188,28.164073944091797
2020-03-13,67.1029281616211,89.25,60.179866790771484,87.38789367675781,168.79769897460938,150.54759216308594,5.990503311157227,36.44133377075195,244.45071411132812,28.876121520996094
2020-03-16,58.47034454345703,84.4574966430664,53.17845916748047,74.31038665771484,144.73895263671875,128.35833740234375,4.885130405426025,29.67133331298828,202.21728515625,26.126379013061523
2020-03-17,61.04129409790039,90.39199829101562,55.41164779663086,78.85176086425781,148.1192626953125,138.92689514160156,5.404238224029541,28.68000030517578,219.45213317871094,27.883787155151367
2020-03-18,59.54701232910156,91.5,54.07996368408203,70.5511474609375,145.6807098388672,133.0786590576172,5.0448174476623535,24.08133316040039,195.0465850830078,25.08858871459961
2020-03-19,59.090755462646484,94.04650115966797,55.09495544433594,71.73694610595703,151.79698181152344,135.2681884765625,5.297283172607422,28.50933265686035,197.50869750976562,26.080928802490234
2020-03-20,55.3393440246582,92.30449676513672,52.94105911254883,70.22313690185547,148.4265899658203,130.18768310546875,5.117696762084961,28.50200080871582,185.638427734375,24.800743103027344
2020-03-23,54.16370391845703,95.1415023803711,52.243247985839844,66.46389770507812,146.81077575683594,128.88914489746094,5.290317535400391,28.952667236328125,175.0980224609375,23.82356071472168
2020-03-24,59.59770202636719,97.00499725341797,56.00389862060547,74.36924743652344,159.57864379882812,140.60462951660156,6.1979475021362305,33.66666793823242,197.50869750976562,26.84600257873535
2020-03-25,59.26939392089844,94.29199981689453,54.59687805175781,77.14456176757812,154.8501739501953,139.25863647460938,6.1093974113464355,35.95000076293945,210.7089385986328,28.24739646911621
2020-03-26,62.3883171081543,97.77449798583984,57.63493728637695,82.51850891113281,161.9180908203125,147.9694366455078,6.398426532745361,35.21066665649414,229.4893341064453,29.40637969970703
2020-03-27,59.80530548095703,95.00499725341797,55.02507781982422,76.63993835449219,155.42514038085938,141.89369201660156,6.286247730255127,34.29066848754883,217.8616485595703,27.98984146118164
2020-03-30,61.51203155517578,98.19750213623047,56.811737060546875,78.63311767578125,164.50540161132812,151.87457275390625,6.6061177253723145,33.47533416748047,225.79611206054688,28.406469345092773
2020-03-31,61.38648986816406,97.48600006103516,57.58686447143555,75.71485137939453,165.3479766845703,149.48599243164062,6.556620121002197,34.93333435058594,224.08885192871094,28.76249885559082
2020-04-01,58.15652084350586,95.38500213623047,54.62066650390625,70.94639587402344,158.21066284179688,144.17800903320312,6.045970439910889,32.104000091552734,213.2519073486328,28.429195404052734
2020-04-02,59.126953125,95.94149780273438,55.36061096191406,73.59555053710938,156.81292724609375,147.16375732421875,6.354401111602783,30.29800033569336,216.05548095703125,30.603240966796875
2020-04-03,58.2772216796875,95.32949829101562,54.15479278564453,71.42022705078125,152.8378448486328,145.80833435058594,6.066863536834717,32.000667572021484,206.21603393554688,29.701810836791992
2020-04-06,63.36119842529297,99.87950134277344,58.639522552490234,76.01730346679688,164.10887145996094,156.6517791748047,6.676012992858887,34.41600036621094,223.15428161621094,30.65626335144043
2020-04-07,62.6273307800293,100.58000183105469,58.60830307006836,77.01997375488281,167.36032104492188,154.964599609375,6.44295072555542,36.36333465576172,222.88473510742188,31.239543914794922
2020-04-08,64.23023986816406,102.1500015258789,59.8195686340332,80.1300048828125,172.7628936767578,156.5190887451172,6.6399455070495605,36.589332580566406,240.66773986816406,33.21662521362305
2020-04-09,64.69376373291016,102.13800048828125,59.79825210571289,87.31876373291016,173.66493225097656,156.528564453125,6.540453910827637,38.20000076293945,237.34295654296875,32.67123031616211
2020-04-13,65.9635009765625,108.44349670410156,59.98857116699219,83.43549346923828,173.2684326171875,156.8791961669922,6.7120795249938965,43.39666748046875,236.78587341308594,32.39094924926758
2020-04-14,69.29488372802734,114.16600036621094,62.70547866821289,81.1496810913086,176.61898803710938,164.6421661376953,7.062793254852295,47.32600021362305,243.06689453125,32.14097595214844
2020-04-15,68.66239929199219,115.38400268554688,62.31245803833008,77.14745330810547,175.429443359375,162.91714477539062,6.985438346862793,48.65533447265625,253.11306762695312,30.663833618164062
2020-04-16,69.2079849243164,120.40950012207031,62.31889724731445,74.20735168457031,174.71572875976562,167.80801391601562,7.330183506011963,49.680667877197266,268.1643371582031,29.656349182128906
2020-04-17,68.26893615722656,118.75,63.3879280090332,80.87777709960938,177.67971801757812,169.28668212890625,7.270984649658203,50.259334564208984,261.0926208496094,32.739410400390625
2020-04-20,66.85186767578125,119.68049621582031,62.503265380859375,77.9291763305664,176.6884002685547,165.93124389648438,7.139901161193848,49.75733184814453,253.52638244628906,31.194093704223633
2020-04-21,64.78546905517578,116.40599822998047,60.07529830932617,75.66891479492188,169.31317138671875,159.06883239746094,6.703621864318848,45.781333923339844,246.38262939453125,31.02743148803711
2020-04-22,66.65149688720703,118.17449951171875,62.36748123168945,75.9153060913086,180.69322204589844,164.47157287597656,7.1175150871276855,48.807334899902344,248.92568969726562,31.91372299194336
2020-04-23,66.39320373535156,119.97250366210938,62.99986267089844,75.95780944824219,183.51841735839844,162.48106384277344,7.064286708831787,47.04199981689453,256.3929138183594,32.913631439208984
2020-04-24,68.30995178222656,120.51100158691406,63.268985748291016,77.0794448852539,188.41543579101562,165.4478302001953,7.203081130981445,48.34333419799805,261.7485046386719,33.12572479248047
2020-04-27,68.35823059082031,118.80000305175781,62.9845085144043,80.40193939208984,185.86782836914062,164.973876953125,7.3893818855285645,53.25,264.16571044921875,33.2848014831543
2020-04-28,67.25019073486328,115.7040023803711,61.087825775146484,80.97124481201172,181.3177490234375,160.9550018310547,7.247105598449707,51.27466583251953,259.1156311035156,34.06503677368164
2020-04-29,69.45905303955078,118.635498046875,66.51915740966797,83.15506744384766,192.49957275390625,168.1776885986328,7.423707485198975,53.367332458496094,258.4776916503906,35.95122528076172
2020-04-30,70.92434692382812,123.69999694824219,66.7431869506836,81.3706283569336,202.92799377441406,169.86485290527344,7.269989490509033,52.12533187866211,262.8088684082031,35.201290130615234
2020-05-01,69.78250885009766,114.302001953125,65.2870864868164,79.23778533935547,200.5092010498047,165.46681213378906,7.033692359924316,46.75466537475586,255.65611267089844,32.678802490234375
2020-05-04,70.7698745727539,115.79949951171875,65.56362915039062,78.2945785522461,203.47317504882812,169.51417541503906,7.245366096496582,50.74599838256836,258.3787536621094,33.996856689453125
2020-05-05,71.83202362060547,115.88999938964844,66.85814666748047,78.17562866210938,205.2674560546875,171.33404541015625,7.306305408477783,51.2140007019043,263.32098388671875,33.958988189697266
2020-05-06,72.57315063476562,117.56300354003906,66.68024444580078,76.70557403564453,206.6552276611328,173.0211944580078,7.407041072845459,52.172000885009766,259.48406982421875,33.32268142700195
2020-05-07,73.32390594482422,118.38050079345703,67.86225891113281,77.50432586669922,209.42092895507812,174.02593994140625,7.583146572113037,52.00266647338867,256.09637451171875,33.512062072753906
2020-05-08,75.06912231445312,118.98049926757812,68.60863494873047,78.77043151855469,210.50146484375,175.04959106445312,7.772928237915039,54.62799835205078,257.8935852050781,34.98162841796875
2020-05-11,76.2503890991211,120.44999694824219,69.56266021728516,76.4506607055664,211.32424926757812,177.002197265625,8.024646759033203,54.08599853515625,259.4122009277344,34.6483154296875
2020-05-12,75.37897491455078,117.84750366210938,68.15467071533203,73.95243072509766,208.2710723876953,172.9927520751953,7.762978553771973,53.96066665649414,258.52252197265625,34.069183349609375
2020-05-13,74.46881103515625,118.39600372314453,66.8239517211914,71.4032211303711,203.31459045410156,170.37667846679688,7.740593433380127,52.73066711425781,249.8062744140625,32.37806701660156
2020-05-14,74.92632293701172,119.44249725341797,67.2467269897461,74.36881256103516,205.00967407226562,171.1160125732422,7.989823818206787,53.55533218383789,261.1373596191406,32.66377639770508
2020-05-15,74.48336029052734,120.48899841308594,68.04959106445312,72.99225616455078,209.04425048828125,173.60885620117188,8.44774341583252,53.27799987792969,261.45196533203125,32.43210983276367
2020-05-18,76.23826599121094,121.31300354003906,68.65027618408203,76.85852813720703,211.3341522216797,175.26760864257812,8.705928802490234,54.242000579833984,263.6085510253906,35.01124954223633
2020-05-19,75.79772186279297,122.46649932861328,68.11599731445312,75.3459701538086,214.99203491210938,174.05433654785156,8.76089859008789,53.867332458496094,259.7356262207031,33.93017578125
2020-05-20,77.27185821533203,124.89700317382812,69.8387222290039,77.6063003540039,227.96810913085938,176.46859741210938,8.924565315246582,54.37066650390625,258.78314208984375,35.0344123840332
2020-05-21,76.69576263427734,122.33699798583984,69.71929931640625,76.62060546875,229.375732421875,174.3490447998047,8.730803489685059,55.17333221435547,257.8126525878906,34.408939361572266
2020-05-22,77.18954467773438,121.84400177001953,70.04093170166016,76.02579498291016,232.8650665283203,174.42506408691406,8.9805326461792,54.45866775512695,260.535400390625,34.43982696533203
2020-05-26,76.66669464111328,121.09300231933594,70.44385528564453,81.4216079711914,230.17868041992188,172.58111572265625,8.67359447479248,54.591331481933594,264.98333740234375,35.45139694213867
2020-05-27,77.00074768066406,120.51950073242188,70.38983917236328,86.13764190673828,227.14529418945312,172.80921936035156,8.482070922851562,54.68199920654297,272.9627685546875,35.706214904785156
2020-05-28,77.03463745117188,120.05500030517578,70.28874206542969,84.85453796386719,223.4973602294922,172.4195098876953,8.444013595581055,53.72066879272461,273.1425476074219,34.77959442138672
2020-05-29,76.95958709716797,122.11849975585938,71.04602813720703,82.68770599365234,223.1305694580078,174.17791748046875,8.830544471740723,55.66666793823242,273.9332580566406,35.111637115478516
2020-06-01,77.90604400634766,123.552001953125,71.11293029785156,83.78385925292969,229.8911895751953,173.77877807617188,8.76164436340332,59.87333297729492,274.9037170410156,35.73710632324219
2020-06-02,78.26669311523438,123.62049865722656,71.48165893554688,84.06427764892578,230.6941375732422,175.75575256347656,8.780549049377441,58.770668029785156,275.2451477050781,36.5324821472168
2020-06-03,78.69757080078125,123.91999816894531,71.32999420166016,88.60186767578125,228.1564178466797,176.18345642089844,8.725079536437988,58.86399841308594,274.3825378417969,38.022804260253906
2020-06-04,78.01980590820312,123.02999877929688,70.09346008300781,90.44578552246094,224.3201141357422,173.86424255371094,8.72607707977295,57.62533187866211,267.84991455078125,37.91469955444336
2020-06-05,80.24188232421875,124.1500015258789,71.3681640625,94.5160140991211,228.76112365722656,177.93238830566406,8.878866195678711,59.04399871826172,280.2233581542969,40.98802947998047
2020-06-08,80.71632385253906,126.2030029296875,71.76563262939453,96.40242767333984,229.3856201171875,179.03497314453125,8.764398574829102,63.327999114990234,278.09368896484375,42.269866943359375
2020-06-09,83.26517486572266,130.04299926757812,71.96585083007812,93.92970275878906,236.5923309326172,180.40370178222656,9.004289627075195,62.711334228515625,277.85107421875,41.327789306640625
2020-06-10,85.40738677978516,132.37249755859375,72.59132385253906,90.12289428710938,234.6692352294922,187.0951385498047,9.323558807373047,68.336669921875,274.74200439453125,39.111595153808594
2020-06-11,81.30695343017578,127.89800262451172,69.47891235351562,82.60273742675781,222.476318359375,177.04840087890625,8.75568962097168,64.85600280761719,254.9552001953125,35.65989685058594
2020-06-12,82.00892639160156,127.2509994506836,70.02507781982422,84.86304473876953,226.59017944335938,178.4456329345703,8.891312599182129,62.35200119018555,256.23114013671875,36.42435836791992
2020-06-15,83.02311706542969,128.63400268554688,70.41264343261719,86.03567504882812,230.47605895996094,179.5862274169922,9.131450653076172,66.05999755859375,257.24658203125,36.40119552612305
2020-06-16,85.22341918945312,130.7635040283203,71.68782806396484,86.72393798828125,233.5986328125,183.9869842529297,9.026684761047363,65.47533416748047,263.28509521484375,37.2197151184082
2020-06-17,85.10481262207031,132.0489959716797,71.98867797851562,84.5316162109375,233.4796905517578,184.6238250732422,9.193413734436035,66.11933135986328,262.92559814453125,36.00737762451172
2020-06-18,85.13870239257812,132.69900512695312,71.07575988769531,84.0727767944336,233.88612365722656,186.6009063720703,9.175497055053711,66.9306640625,261.9192199707031,36.231319427490234
2020-06-19,84.65218353271484,133.75050354003906,70.6059341430664,83.11255645751953,236.7113037109375,185.4888153076172,9.218544960021973,66.72666931152344,262.8307189941406,35.50544738769531
2020-06-22,86.86701202392578,135.6909942626953,71.8954849243164,82.21185302734375,237.1375732421875,190.64053344726562,9.482821464538574,66.28800201416016,264.12115478515625,35.845211029052734
2020-06-23,88.72113800048828,138.2205047607422,72.55563354492188,83.21454620361328,240.13125610351562,191.91409301757812,9.406425476074219,66.78533172607422,268.57025146484375,36.06142807006836
2020-06-24,87.15503692626953,136.72000122070312,71.00537872314453,80.43590545654297,231.9828338623047,188.045654296875,9.192914962768555,64.0566635131836,260.97161865234375,34.362613677978516
2020-06-25,88.31206512451172,137.72900390625,71.42168426513672,83.24005126953125,233.6283721923828,190.421875,9.44624137878418,65.73200225830078,267.32489013671875,34.87997055053711
2020-06-26,85.59862518310547,134.64349365234375,67.5281982421875,78.67694854736328,214.198974609375,186.6103973388672,9.112785339355469,63.982666015625,258.8960266113281,33.68307113647461
2020-06-29,87.57137298583984,134.0189971923828,69.2444839477539,79.02535247802734,218.7193145751953,188.6159210205078,9.157576560974121,67.29000091552734,261.4950256347656,34.22361373901367
2020-06-30,88.30237579345703,137.9409942626953,70.27931213378906,79.92607116699219,225.09335327148438,193.43495178222656,9.453954696655273,71.98733520507812,266.1788330078125,34.53248596191406
2020-07-01,88.13536071777344,143.93499755859375,71.46629333496094,79.24630737304688,235.4821014404297,194.5660400390625,9.486056327819824,74.64199829101562,268.6877136230469,33.752567291259766
2020-07-02,88.13536071777344,144.51499938964844,72.85050964355469,79.50370025634766,231.38804626464844,196.0487518310547,9.567927360534668,80.57733154296875,269.1658020019531,34.03828811645508
2020-07-06,90.49298858642578,152.8520050048828,74.32347106933594,81.51143646240234,238.18832397460938,200.26902770996094,9.793880462646484,91.43866729736328,273.2720642089844,34.27766418457031
2020-07-07,90.21220397949219,150.00599670410156,73.84122467041016,79.21195220947266,238.76327514648438,197.94029235839844,9.826229095458984,92.65733337402344,267.7129211425781,33.389652252197266
2020-07-08,92.31327056884766,154.0554962158203,74.51921844482422,80.05280303955078,241.45962524414062,202.29351806640625,10.168895721435547,91.05867004394531,269.25616455078125,33.31242370605469
2020-07-09,92.71025085449219,159.13150024414062,75.2656021118164,78.31961822509766,242.37156677246094,203.7097625732422,10.460542678833008,92.9520034790039,262.75848388671875,31.937911987304688
2020-07-10,92.87240600585938,160.0,76.27415466308594,82.60111999511719,242.93666076660156,203.0919647216797,10.430929183959961,102.97666931152344,262.82171630859375,32.934043884277344
2020-07-13,92.4439697265625,155.1999969482422,74.94693756103516,83.78519439697266,236.9194793701172,196.81871032714844,10.005900382995605,99.80400085449219,270.4744873046875,32.94176483154297
2020-07-14,93.97377014160156,154.1999969482422,75.37464141845703,84.26568603515625,237.64308166503906,198.0353240966797,10.329148292541504,101.12000274658203,278.4250793457031,34.03057098388672
2020-07-15,94.62007904052734,150.44349670410156,75.1773910522461,85.56986236572266,238.18832397460938,197.7406768798828,10.180092811584473,103.06732940673828,274.40911865234375,34.46298599243164
2020-07-16,93.45578002929688,149.9949951171875,75.08024597167969,85.8100814819336,238.83265686035156,193.8246307373047,10.088018417358398,100.04266357421875,277.188720703125,34.192726135253906
2020-07-17,93.26698303222656,148.09849548339844,75.1759033203125,84.22277069091797,239.923095703125,192.83615112304688,10.154458999633789,100.05599975585938,276.6291198730469,33.60585403442383
2020-07-20,95.23246765136719,159.8419952392578,77.50474548339844,83.48487854003906,243.28359985351562,201.12442016601562,10.462286949157715,109.53333282470703,273.858642578125,32.818214416503906
2020-07-21,93.91810607910156,156.9145050048828,77.11223602294922,85.29528045654297,239.6455535888672,198.41549682617188,10.280875205993652,104.55733489990234,275.3476867675781,34.47844314575195
2020-07-22,94.18195343017578,154.99549865722656,77.55480194091797,84.67750549316406,237.7819061279297,201.26699829101562,10.390616416931152,106.15533447265625,276.79168701171875,33.67536163330078
2020-07-23,89.89511108398438,149.32749938964844,75.17093658447266,84.92633819580078,230.57521057128906,192.51296997070312,10.083040237426758,100.87133026123047,273.41644287109375,33.744850158691406
2020-07-24,89.67242431640625,150.44549560546875,74.74769592285156,84.32572937011719,228.70166015625,191.3343505859375,10.147493362426758,94.46666717529297,271.4491271972656,33.53636169433594
2020-07-27,91.79767608642578,152.760498046875,75.79936218261719,83.14167022705078,231.4673614501953,193.7581329345703,10.373446464538574,102.63999938964844,269.4727783203125,34.03057098388672
2020-07-28,90.28968048095703,150.01649475097656,74.5217056274414,83.50202941894531,228.1167755126953,192.01869201660156,10.168396949768066,98.43267059326172,270.6729736328125,33.6290168762207
2020-07-29,92.02037811279297,151.67649841308594,75.50596618652344,85.52693939208984,231.2591552734375,193.95770263671875,10.417243957519531,99.94066619873047,276.76458740234375,33.99967575073242
2020-07-30,93.13385772705078,152.593994140625,76.24243927001953,83.24462890625,232.45863342285156,193.80563354492188,10.565057754516602,99.16600036621094,275.4560546875,32.33174133300781
2020-07-31,102.8838882446289,158.23399353027344,73.74359893798828,82.91860961914062,251.46176147460938,194.8606719970703,10.565803527832031,95.38400268554688,273.2449951171875,32.493900299072266
2020-08-03,105.476318359375,155.59449768066406,73.48638153076172,82.45524597167969,249.76666259765625,205.81983947753906,10.959479331970215,99.0,273.9940490722656,32.62517166137695
2020-08-04,106.18070220947266,156.94149780273438,73.01753234863281,81.98335266113281,247.65518188476562,202.7307891845703,11.175981521606445,99.13333129882812,274.7972412109375,33.5672492980957
2020-08-05,106.56556701660156,160.25149536132812,73.30449676513672,83.40765380859375,246.95138549804688,202.3981170654297,11.234704971313477,99.00133514404297,281.98980712890625,33.86067581176758
2020-08-06,110.28357696533203,161.25,74.58612060546875,83.43339538574219,262.9706726074219,205.63931274414062,11.283232688903809,99.30533599853516,283.4247131347656,33.698524475097656
2020-08-07,107.77619934082031,158.3730010986328,74.26001739501953,85.26953887939453,266.1031799316406,201.96087646484375,11.14786148071289,96.84733581542969,286.10491943359375,33.544071197509766
2020-08-10,109.34272003173828,157.4080047607422,74.1832046508789,86.35065460205078,260.7105407714844,197.94029235839844,11.113513946533203,94.57133483886719,287.9730529785156,34.37032699584961
2020-08-11,106.09086608886719,154.0334930419922,73.37635040283203,89.07913208007812,253.90037536621094,193.31137084960938,10.799969673156738,91.6259994506836,284.7693786621094,34.72554016113281
2020-08-12,109.61670684814453,158.11199951171875,74.69963073730469,88.32408142089844,257.6276550292969,198.83372497558594,11.38749885559082,103.65066528320312,290.833740234375,34.71765899658203
2020-08-13,111.55667877197266,158.05099487304688,75.16598510742188,87.83502197265625,259.0252990722656,198.36801147460938,11.390237808227539,108.06666564941406,290.156982421875,33.86724090576172
2020-08-14,111.45723724365234,157.4010009765625,74.57027435302734,87.86933135986328,258.9658508300781,198.55809020996094,11.510676383972168,110.04733276367188,292.1243896484375,34.01685333251953
2020-08-17,111.166259765625,159.12049865722656,75.14566040039062,85.55268859863281,258.88653564453125,199.86976623535156,12.280115127563477,122.3759994506836,289.2455139160156,33.57589340209961
2020-08-18,112.09256744384766,165.62449645996094,77.10529327392578,84.36006164550781,260.0562744140625,201.0198974609375,12.20421314239502,125.80599975585938,285.9064636230469,33.41053009033203
2020-08-19,112.23321533203125,163.0240020751953,76.55169677734375,84.55742645263672,260.3040466308594,199.80029296875,12.082527160644531,125.23533630371094,284.63397216796875,33.04043197631836
2020-08-20,114.72364044189453,164.86849975585938,78.11978149414062,83.54495239257812,266.668212890625,204.44992065429688,12.0850191116333,133.45533752441406,282.76593017578125,32.5364990234375
2020-08-21,120.6356430053711,164.23599243164062,78.0860824584961,83.50202941894531,264.68560791015625,202.9635772705078,12.625018119812012,136.6653289794922,283.4969482421875,32.29239273071289
2020-08-24,122.0784683227539,165.3730010986328,78.56088256835938,85.85298919677734,269.0274963378906,203.60189819335938,12.661596298217773,134.27999877929688,278.7137451171875,33.24517822265625
2020-08-25,121.07695770263672,167.32449340820312,79.58680725097656,86.23052978515625,278.37548828125,206.25067138671875,12.691207885742188,134.8893280029297,281.76409912109375,32.19002151489258
2020-08-26,122.72348022460938,172.09249877929688,81.48396301269531,85.02071380615234,301.2644958496094,210.70977783203125,12.714098930358887,143.54466247558594,278.69580078125,31.50495719909668
2020-08-27,121.25641632080078,170.0,80.7103271484375,87.81787872314453,290.6674499511719,215.88336181640625,12.570021629333496,149.25,281.2679138183594,31.292354583740234
2020-08-28,121.05998229980469,170.08999633789062,81.25102233886719,88.17822265625,291.1036682128906,218.1034698486328,13.087125778198242,147.55999755859375,283.7044372558594,32.0404052734375
2020-08-31,125.1653823852539,172.54800415039062,80.76038360595703,85.96454620361328,290.6476745605469,214.8830108642578,13.312828063964844,166.10667419433594,282.0619201660156,31.4498348236084
2020-09-01,130.15106201171875,174.95599365234375,82.02664947509766,85.92163848876953,292.8681335449219,216.54086303710938,13.761385917663574,158.35000610351562,282.3146057128906,31.048250198364258
2020-09-02,127.45451354980469,176.57249450683594,85.1147689819336,87.21724700927734,299.86669921875,220.7140350341797,14.28462028503418,149.1233367919922,289.0018310546875,30.85926055908203
2020-09-03,117.25039672851562,168.39999389648438,80.75938415527344,86.94266510009766,288.58575439453125,207.04153442382812,12.959359169006348,135.6666717529297,285.3829345703125,30.796274185180664
2020-09-04,117.32799530029297,164.7310028076172,78.36560821533203,88.82172393798828,280.2688293457031,204.13548278808594,12.568056106567383,139.44000244140625,281.5656433105469,30.77265167236328
2020-09-08,109.43241882324219,157.49200439453125,75.51043701171875,85.7328872680664,268.799560546875,193.0926513671875,11.861616134643555,110.06999969482422,277.2789306640625,30.06396484375
2020-09-09,113.79728698730469,163.4304962158203,76.68155670166016,86.54798126220703,271.33721923828125,201.3152313232422,12.66015625,122.09333038330078,281.5836181640625,29.882863998413086
2020-09-10,110.08232116699219,158.7554931640625,75.6318588256836,85.65564727783203,265.7562255859375,195.6746826171875,12.258646011352539,123.77999877929688,274.887451171875,29.134801864624023
2020-09-11,108.63704681396484,155.81100463867188,75.12187957763672,86.71959686279297,264.2890930175781,194.39797973632812,12.112030982971191,124.23999786376953,273.19293212890625,29.05606460571289
2020-09-14,111.89615631103516,155.14849853515625,74.77842712402344,87.92081451416016,263.8330993652344,195.7128143310547,12.816730499267578,139.8733367919922,279.6176452636719,28.867080688476562
2020-09-15,112.07074737548828,157.80650329589844,76.08137512207031,85.18375396728516,270.0485534667969,198.92376708984375,12.934966087341309,149.9199981689453,278.4034729003906,28.559982299804688
2020-09-16,108.76314544677734,153.90499877929688,74.94000244140625,85.54413604736328,261.22601318359375,195.36981201171875,12.460522651672363,147.25332641601562,277.76007080078125,29.772624969482422
2020-09-17,107.02687072753906,150.43649291992188,73.69849395751953,84.56596374511719,252.60177612304688,193.33084106445312,12.409743309020996,141.14332580566406,276.3645324707031,29.764751434326172
2020-09-18,103.63198852539062,147.74549865722656,71.91679382324219,84.38579559326172,250.33169555664062,190.92984008789062,12.136673927307129,147.38333129882812,279.1192626953125,29.28441047668457
2020-09-21,106.77470397949219,148.02349853515625,70.87850189208984,81.7774429321289,245.9898223876953,192.9783172607422,12.463258743286133,149.79666137695312,271.1177978515625,28.685964584350586
2020-09-22,108.45276641845703,156.44949340820312,72.34944915771484,80.88509368896484,252.53237915039062,197.62791442871094,12.58324146270752,141.41000366210938,266.65032958984375,27.977279663085938
2020-09-23,103.90357208251953,149.9929962158203,69.8501205444336,79.57231903076172,246.85226440429688,191.12037658691406,12.071456909179688,126.78666687011719,264.729248046875,27.07961654663086
2020-09-24,104.9705581665039,150.989501953125,70.5177001953125,79.50370025634766,247.35780334472656,193.59767150878906,12.2947416305542,129.26333618164062,265.20050048828125,27.024503707885742
2020-09-25,108.90864562988281,154.75650024414062,71.32058715820312,80.19869995117188,252.60177612304688,198.00906372070312,12.818222999572754,135.77999877929688,274.1171875,27.27647590637207
2020-09-28,111.5081787109375,158.70249938964844,72.29197692871094,82.5067367553711,254.5843505859375,199.55258178710938,12.978774070739746,140.39999389648438,274.77874755859375,27.80405616760254
2020-09-29,110.66426849365234,157.24400329589844,72.65675354003906,81.81172943115234,259.5110778808594,197.47547912597656,13.168703079223633,139.69000244140625,275.61236572265625,26.993000030517578
2020-09-30,112.33264923095703,157.43649291992188,72.63592529296875,82.60111999511719,259.6201171875,200.4005889892578,13.472140312194824,143.00332641601562,282.5173645019531,27.032371520996094
2020-10-01,113.2832260131836,161.06300354003906,73.7411117553711,83.20172882080078,264.3089599609375,202.43003845214844,13.555778503417969,149.3866729736328,283.6954345703125,26.087459564208984
2020-10-02,109.62641143798828,156.25,72.14032745361328,83.99110412597656,257.67718505859375,196.45603942871094,13.005910873413086,138.3633270263672,282.7077941894531,25.969343185424805
2020-10-05,113.0019302368164,159.9600067138672,73.4898452758789,85.7663803100586,262.3462219238281,200.44822692871094,13.583654403686523,141.89332580566406,288.2987976074219,26.567792892456055
2020-10-06,109.76222229003906,154.9980010986328,71.913330078125,84.88306427001953,256.4083557128906,196.18923950195312,13.67724895477295,137.9933319091797,284.9458923339844,26.292194366455078
2020-10-07,111.62455749511719,159.7845001220703,72.31575775146484,86.36389923095703,255.87306213378906,199.92416381835938,13.903768539428711,141.76666259765625,292.84783935546875,26.378812789916992
2020-10-08,111.51785278320312,159.52749633789062,73.51959228515625,88.13914489746094,261.4639587402344,200.63876342773438,13.779059410095215,141.97332763671875,292.1590881347656,27.764684677124023
2020-10-09,113.4577865600586,164.33250427246094,74.85871887207031,87.63687133789062,262.1479187011719,205.62184143066406,13.703388214111328,144.6666717529297,297.07958984375,27.355222702026367
2020-10-12,120.66473388671875,172.14649963378906,77.54191589355469,88.7106704711914,273.34954833984375,210.94796752929688,14.164639472961426,147.43333435058594,299.0098571777344,27.268598556518555
2020-10-13,117.46381378173828,172.18150329589844,77.6648178100586,87.27316284179688,273.73614501953125,212.33901977539062,14.18679428100586,148.88333129882812,300.3237609863281,26.94575309753418
2020-10-14,117.55110931396484,168.1855010986328,77.48492431640625,86.7882080078125,269.45379638671875,210.43344116210938,14.034453392028809,153.76666259765625,291.6516418457031,26.890636444091797
2020-10-15,117.08550262451172,166.9324951171875,77.08993530273438,88.08719635009766,264.398193359375,209.29010009765625,13.909745216369629,149.6266632080078,294.116455078125,27.126861572265625
2020-10-16,115.44625091552734,163.635498046875,77.69605255126953,87.90533447265625,263.61505126953125,209.29010009765625,13.751927375793457,146.55667114257812,298.94622802734375,26.851266860961914
2020-10-19,112.49756622314453,160.36050415039062,75.82514190673828,86.42449951171875,259.1244812011719,204.10691833496094,13.439532279968262,143.61000061035156,293.7993469238281,26.31580924987793
2020-10-20,113.98160552978516,160.85049438476562,76.87235260009766,86.91809844970703,265.2308349609375,204.5166015625,13.58664321899414,140.64666748046875,293.0653381347656,26.53629493713379
2020-10-21,113.3608169555664,159.2469940185547,78.60250854492188,86.05213928222656,276.30364990234375,204.65957641601562,13.46641731262207,140.8800048828125,292.5034484863281,26.111085891723633
2020-10-22,112.27444458007812,158.82000732421875,79.62693786621094,89.09172058105469,275.6988830566406,204.74526977539062,13.303370475769043,141.92999267578125,295.1676940917969,27.44971466064453
2020-10-23,111.58576965332031,160.22000122070312,80.93136596679688,89.89706420898438,282.31085205078125,206.02206420898438,13.531632423400879,140.2100067138672,299.5806884765625,26.898509979248047
2020-10-26,111.59545135498047,160.3520050048828,78.51825714111328,87.6715087890625,274.69769287109375,200.162353515625,13.084566116333008,140.0933380126953,292.7480773925781,26.260690689086914
2020-10-27,113.09892272949219,164.31649780273438,79.24134063720703,86.01750183105469,280.823974609375,203.18275451660156,13.338967323303223,141.55999755859375,290.4373779296875,25.843358993530273
2020-10-28,107.8610610961914,158.13900756835938,74.87604522705078,83.6014175415039,265.3399353027344,193.1116943359375,12.572538375854492,135.33999633789062,279.1011657714844,24.85906982421875
2020-10-29,111.85736846923828,160.55050659179688,77.15980529785156,84.14698028564453,278.3853454589844,195.05545043945312,12.967824935913086,136.94332885742188,275.18646240234375,25.961471557617188
2020-10-30,105.59133911132812,151.8074951171875,80.09527587890625,84.90038299560547,260.8195495605469,192.91162109375,12.479935646057129,129.34666442871094,276.5094909667969,25.685871124267578
2020-11-02,105.5040283203125,150.2239990234375,80.5021743774414,86.81419372558594,259.0848388671875,192.77822875976562,12.526488304138184,133.50332641601562,282.81646728515625,26.7646484375
2020-11-03,107.12388610839844,152.42050170898438,81.5597915649414,89.55069732666016,262.9905700683594,196.68467712402344,12.963343620300293,141.3000030517578,291.1985778808594,26.307941436767578
2020-11-04,111.49848937988281,162.05799865722656,86.52526092529297,86.81419372558594,284.8782958984375,206.17446899414062,13.734749794006348,140.32666015625,321.2925720214844,26.166202545166016
2020-11-05,115.45597839355469,166.10000610351562,87.35043334960938,90.36471557617188,292.1147766113281,212.7487335205078,14.098926544189453,146.02999877929688,321.14764404296875,26.11895179748535
2020-11-06,115.32479095458984,165.56849670410156,87.21316528320312,89.1609878540039,290.8558349609375,213.15843200683594,14.499192237854004,143.31666564941406,314.85870361328125,25.811857223510742
2020-11-09,113.0219955444336,157.18699645996094,87.29692840576172,101.23270416259766,276.34326171875,208.08004760742188,13.5719575881958,140.4199981689453,317.16033935546875,29.07968521118164
2020-11-10,112.68193054199219,151.75100708007812,86.1223373413086,100.90363311767578,270.0585021972656,201.04844665527344,12.71491813659668,136.7866668701172,320.5041198730469,29.72482681274414
2020-11-11,116.10210418701172,156.8695068359375,86.59366607666016,99.39683532714844,274.07318115234375,206.32688903808594,13.360127449035645,139.0433349609375,318.7009582519531,29.418373107910156
2020-11-12,115.8300552368164,155.51400756835938,86.37508392333984,98.17581939697266,272.68536376953125,205.26930236816406,13.398706436157227,137.25332641601562,321.1567077636719,28.410354614257812
2020-11-13,115.87862396240234,156.4405059814453,87.83415222167969,98.79066467285156,274.5391540527344,206.288818359375,13.23964786529541,136.1666717529297,322.2984924316406,29.095809936523438
2020-11-16,116.8891372680664,156.55299377441406,87.92188262939453,101.5791015625,276.5316162109375,206.97479248046875,13.456954956054688,136.02999877929688,323.3404541015625,30.773181915283203
2020-11-17,116.00495147705078,156.7830047607422,87.30882263183594,100.548583984375,272.6060791015625,204.3356170654297,13.364355087280273,147.20333862304688,319.0633850097656,31.184446334838867
2020-11-18,114.68350982666016,155.2729949951172,86.26705169677734,99.8038558959961,269.6025085449219,201.6416778564453,13.370827674865723,162.2133331298828,312.185546875,30.00707244873047
2020-11-19,115.27621459960938,155.8509979248047,87.15567016601562,100.07228088378906,270.5639953613281,202.9217987060547,13.382279396057129,166.42333984375,305.380126953125,30.160295486450195
2020-11-20,114.01307678222656,154.97000122070312,86.05592346191406,99.2149887084961,267.35223388671875,200.98255920410156,13.03130054473877,163.20333862304688,303.29595947265625,29.789337158203125
2020-11-23,110.62203979492188,154.91949462890625,85.6187973022461,102.07272338867188,266.0932922363281,200.71505737304688,13.083322525024414,173.9499969482422,303.6222229003906,31.740886688232422
2020-11-24,111.90460968017578,155.9029998779297,87.41983032226562,106.79227447509766,274.5093994140625,204.29739379882812,12.901862144470215,185.1266632080078,304.4830322265625,33.853721618652344
2020-11-25,112.7402114868164,159.2534942626953,87.43122863769531,105.67517852783203,273.19097900390625,204.30694580078125,13.177665710449219,191.3333282470703,301.92767333984375,32.91020584106445
2020-11-27,113.28433227539062,159.76699829101562,88.565673828125,104.97374725341797,275.3916320800781,205.6061553955078,13.204049110412598,195.25332641601562,306.2319641113281,32.41021728515625
2020-11-30,115.67460632324219,158.40199279785156,86.9489974975586,102.08135986328125,274.55889892578125,204.49798583984375,13.343698501586914,189.1999969482422,304.7821350097656,30.74898910522461
2020-12-01,119.24053192138672,161.00399780273438,88.97899627685547,103.69207763671875,284.05548095703125,206.54229736328125,13.332244873046875,194.9199981689453,309.1770324707031,31.047361373901367
2020-12-02,119.59029388427734,160.17649841308594,90.44648742675781,105.68382263183594,285.01708984375,205.7398223876953,13.486078262329102,189.60667419433594,314.94940185546875,32.2086067199707
2020-12-03,119.45429992675781,159.3365020751953,90.2913818359375,104.99104309082031,279.396484375,204.66043090820312,13.342161178588867,197.7933349609375,315.96429443359375,32.426353454589844
2020-12-04,118.78385162353516,158.12899780273438,90.38652038574219,105.94364929199219,277.26513671875,204.7750244140625,13.503758430480957,199.67999267578125,318.20147705078125,33.61178970336914
2020-12-07,120.24132537841797,157.89999389648438,90.05298614501953,105.54528045654297,283.0940246582031,204.7081756591797,13.55206298828125,213.9199981689453,316.355224609375,32.9827766418457
2020-12-08,120.85345458984375,158.864501953125,89.77047729492188,105.64917755126953,280.9329528808594,206.3512725830078,13.296345710754395,216.6266632080078,316.355224609375,34.063385009765625
2020-12-09,118.32718658447266,155.2100067138672,88.11170196533203,104.8265151977539,275.50067138671875,202.3295135498047,12.878780364990234,201.4933319091797,313.21771240234375,34.514984130859375
2020-12-10,119.74578857421875,155.07449340820312,87.60568237304688,104.15103912353516,274.7076110839844,201.10675048828125,12.92011547088623,209.02333068847656,308.8888244628906,35.490760803222656
2020-12-11,118.93933868408203,155.8209991455078,87.96004486083984,103.53620910644531,271.1687316894531,203.72418212890625,12.96094799041748,203.3300018310547,306.5425109863281,35.321407318115234
2020-12-14,118.32718658447266,157.84849548339844,86.84294128417969,102.4450912475586,271.8031921386719,204.6221923828125,13.25526237487793,213.27667236328125,305.6876220703125,34.0472526550293
2020-12-15,124.25421905517578,158.25599670410156,87.28006744384766,104.19435119628906,273.1512756347656,204.5552978515625,13.306803703308105,211.0833282470703,308.9071044921875,34.708534240722656
2020-12-16,124.18621063232422,162.04800415039062,87.08727264404297,104.4974365234375,273.27032470703125,209.47503662109375,13.189277648925781,207.58999633789062,308.6069030761719,35.240760803222656
2020-12-17,125.05096435546875,161.8040008544922,86.26060485839844,103.63145446777344,272.09063720703125,209.60873413085938,13.28763198852539,218.63333129882812,310.7259521484375,35.0633544921875
2020-12-18,123.06880950927734,160.08250427246094,85.55238342285156,103.12053680419922,273.993896484375,208.81588745117188,13.218656539916992,231.6666717529297,307.7338562011719,34.45854187011719
2020-12-21,124.59432983398438,160.3090057373047,85.96571350097656,106.99144744873047,270.41534423828125,212.63702392578125,13.278668403625488,216.6199951171875,305.64215087890625,33.82952880859375
2020-12-22,128.14083862304688,160.3260040283203,85.25502014160156,105.36341857910156,264.76495361328125,213.92665100097656,13.224884033203125,213.44667053222656,304.6690673828125,33.2569580078125
2020-12-23,127.24688720703125,159.2635040283203,85.65200805664062,108.30774688720703,265.7760314941406,211.1372528076172,12.956964492797852,215.32666015625,307.01544189453125,33.68436813354492
2020-12-24,128.22825622558594,158.63450622558594,85.94589233398438,107.83145904541016,265.0722351074219,212.78985595703125,12.941529273986816,220.58999633789062,309.9256286621094,33.547271728515625
2020-12-28,132.81442260742188,164.197998046875,87.91839599609375,108.54156494140625,274.588623046875,214.90106201171875,12.848152160644531,221.22999572753906,314.6182556152344,33.66017150878906
2020-12-29,131.04605102539062,166.10000610351562,87.11553192138672,108.25578308105469,274.37060546875,214.12725830078125,12.891230583190918,221.99667358398438,315.89154052734375,33.28116226196289
2020-12-30,129.92864990234375,164.29249572753906,86.04947662353516,108.55888366699219,269.5033264160156,211.76771545410156,13.092916488647461,231.5933380126953,313.7452087402344,33.547271728515625
2020-12-31,128.92788696289062,162.84649658203125,86.86177062988281,110.0396957397461,270.7821044921875,212.47462463378906,13.002532005310059,235.22332763671875,318.9198913574219,33.2408332824707
2021-01-04,125.7408676147461,159.3314971923828,85.54792785644531,109.00053405761719,266.59881591796875,207.9561004638672,13.060796737670898,243.2566680908203,317.8467712402344,33.46662902832031
2021-01-05,127.29547882080078,160.92550659179688,86.23780822753906,109.59362030029297,268.61114501953125,208.15675354003906,13.350875854492188,245.0366668701172,313.5724792480469,35.07948303222656
2021-01-06,123.0105209350586,156.91900634765625,85.38684844970703,114.73969268798828,261.0178527832031,202.75938415527344,12.563801765441895,251.9933319091797,326.7319641113281,35.97461700439453
2021-01-07,127.2080078125,158.10800170898438,87.937255859375,118.50765228271484,266.40057373046875,208.529296875,13.290369033813477,272.0133361816406,331.97027587890625,36.25686264038086
2021-01-08,128.30599975585938,159.13499450683594,89.1014175415039,118.63849639892578,265.2407531738281,209.79981994628906,13.223389625549316,293.3399963378906,330.47882080078125,36.66007995605469
2021-01-11,125.32305908203125,155.7104949951172,87.04266357421875,120.40907287597656,254.60415649414062,207.76507568359375,13.566754341125488,270.39666748046875,328.077880859375,37.77294921875
2021-01-12,125.1481704711914,156.04150390625,86.10795593261719,122.30179595947266,248.9042205810547,205.31954956054688,13.43055248260498,283.14666748046875,325.0039978027344,38.61162567138672
2021-01-13,127.17888641357422,158.29449462890625,86.59465026855469,122.4151840209961,249.44944763183594,206.66648864746094,13.477362632751465,284.8033447265625,322.8850402832031,39.047096252441406
2021-01-14,125.25502014160156,156.37350463867188,85.78531646728516,123.13037109375,243.50167846679688,203.49496459960938,13.147198677062988,281.6666564941406,318.78350830078125,40.57124710083008
2021-01-15,123.53519439697266,155.21249389648438,85.62176513671875,120.92367553710938,249.17190551757812,203.1414794921875,12.807815551757812,275.38665771484375,319.4837951660156,38.619693756103516
2021-01-19,124.20565032958984,156.03799438476562,88.43929290771484,120.40036010742188,258.8270568847656,206.76197814941406,12.972901344299316,281.51666259765625,320.2930603027344,39.38579177856445
2021-01-20,128.2865447998047,163.16900634765625,93.17727661132812,118.59487915039062,265.1515808105469,214.3087921142578,13.312033653259277,283.48333740234375,319.0654602050781,39.942230224609375
2021-01-21,132.98931884765625,165.34950256347656,93.37947845458984,117.60055541992188,270.49468994140625,214.9105987548828,13.811765670776367,281.663330078125,322.8486633300781,38.79710006713867
2021-01-22,135.12698364257812,164.6114959716797,93.7962875366211,116.69345092773438,272.1104431152344,215.84678649902344,13.657390594482422,282.21331787109375,316.0733947753906,38.24873352050781
2021-01-25,138.86781311035156,164.6999969482422,93.88153076171875,115.23686218261719,275.5899658203125,219.2666778564453,13.59837532043457,293.6000061035156,316.30987548828125,37.82133102416992
2021-01-26,139.10101318359375,166.30650329589844,94.55902862548828,114.76586151123047,279.59466552734375,221.94151306152344,13.381255149841309,294.36334228515625,312.0354919433594,36.990699768066406
2021-01-27,138.0321807861328,161.62899780273438,90.14762878417969,111.5212173461914,269.77099609375,222.4860076904297,12.86583137512207,288.0533447265625,302.8320007324219,36.57136535644531
2021-01-28,133.20310974121094,161.88099670410156,91.84558868408203,113.48370361328125,262.6931457519531,228.24636840820312,12.998547554016113,278.4766540527344,307.52471923828125,37.14392852783203
2021-01-29,128.21856689453125,160.30999755859375,90.56492614746094,112.22772979736328,256.0811767578125,221.58804321289062,12.937541007995605,264.510009765625,303.36859130859375,36.16009521484375
2021-02-01,130.33673095703125,167.1439971923828,93.82157135009766,113.05632781982422,259.72918701171875,228.93418884277344,13.183798789978027,279.9366760253906,303.7506103515625,36.224605560302734
2021-02-02,131.16261291503906,169.0,95.11260986328125,116.53646087646484,264.7549743652344,228.80044555664062,13.502264976501465,290.92999267578125,308.0431213378906,36.79716873168945
2021-02-03,130.14239501953125,165.62649536132812,102.03919982910156,117.87091064453125,264.3287353515625,232.1344451904297,13.476118087768555,284.89666748046875,307.2882385253906,38.24067306518555
2021-02-04,133.49459838867188,166.5500030517578,101.77901458740234,120.58353424072266,264.1701354980469,231.1886444091797,13.609332084655762,283.3299865722656,299.494384765625,38.97452163696289
2021-02-05,133.08102416992188,167.6074981689453,103.52352905273438,120.3480224609375,265.76617431640625,231.3701629638672,13.536377906799316,284.07666015625,295.1199951171875,40.28093338012695
2021-02-08,133.22698974609375,166.14700317382812,103.30992889404297,122.23200988769531,264.2593688964844,231.62806701660156,14.380721092224121,287.8066711425781,294.9654846191406,42.014739990234375
2021-02-09,132.35122680664062,165.25,102.85742950439453,121.74357604980469,267.1044006347656,232.86997985839844,14.205925941467285,283.1533203125,299.7763671875,41.52267074584961
2021-02-10,131.74786376953125,164.32899475097656,103.40705871582031,121.81332397460938,269.5033264160156,231.9624481201172,14.704911231994629,268.2733459472656,303.2048645019531,41.92452621459961
2021-02-11,131.49490356445312,163.10650634765625,103.51956939697266,121.47317504882812,268.0362854003906,233.5577850341797,15.189455032348633,270.5533447265625,302.9048156738281,40.87478256225586
2021-02-12,131.7284393310547,163.885498046875,103.83082580566406,123.2001724243164,268.145263671875,234.03543090820312,14.901121139526367,272.0400085449219,298.51226806640625,41.43244934082031
2021-02-16,129.6070556640625,163.44749450683594,104.607421875,126.16566467285156,271.5850830078125,232.8030548095703,15.268636703491211,265.40667724609375,295.22003173828125,42.679039001464844
2021-02-17,127.3202896118164,165.4320068359375,104.99994659423828,126.55816650390625,271.1884765625,233.81802368164062,14.84609317779541,266.04998779296875,297.25726318359375,43.343326568603516
2021-02-18,126.22066497802734,166.4114990234375,104.36506652832031,126.9855728149414,267.0449523925781,233.42543029785156,14.769401550292969,262.4599914550781,298.6667785644531,42.662635803222656
2021-02-19,126.37635040283203,162.4949951171875,103.52253723144531,129.10504150390625,259.2830505371094,230.725341796875,14.866508483886719,260.4333190917969,295.18365478515625,42.94968032836914
2021-02-22,122.61048889160156,159.03700256347656,101.81023406982422,130.3174285888672,258.0638122558594,224.54000854492188,14.298052787780762,238.1666717529297,297.96661376953125,44.53251647949219
2021-02-23,122.4742660522461,159.72500610351562,102.10064697265625,131.36407470703125,263.5456237792969,223.3527374267578,14.085162162780762,232.94667053222656,299.667236328125,45.14759826660156
2021-02-24,121.97795867919922,157.97650146484375,103.27473449707031,133.6754608154297,262.0091247558594,224.57830810546875,14.440728187561035,247.33999633789062,302.1226806640625,46.50080108642578
2021-02-25,117.73524475097656,152.85800170898438,99.91155242919922,131.86123657226562,252.472900390625,219.25466918945312,13.25401496887207,227.4066619873047,299.08514404296875,45.72989273071289
2021-02-26,117.99799346923828,154.64649963378906,100.20693969726562,128.36367797851562,255.3773651123047,222.5005340576172,13.659381866455078,225.1666717529297,302.13177490234375,44.58992004394531
2021-03-01,124.35232543945312,157.3070068359375,102.57345581054688,131.2681121826172,262.6039123535156,226.86668395996094,13.786120414733887,239.47666931152344,304.3417053222656,46.2547607421875
2021-03-02,121.75415802001953,154.72650146484375,102.31674194335938,130.84075927734375,256.7453918457031,223.9272003173828,13.35236644744873,228.81333923339844,304.3326416015625,45.984107971191406
2021-03-03,118.77645874023438,150.25,99.68656158447266,133.37017822265625,253.1866455078125,217.88546752929688,12.753287315368652,217.73333740234375,302.7228698730469,46.35317611694336
2021-03-04,116.89837646484375,148.8784942626953,100.80266571044922,131.32044982910156,255.397216796875,217.09075927734375,12.32053279876709,207.14666748046875,303.57769775390625,48.14923858642578
2021-03-05,118.15367126464844,150.0229949951172,103.9319076538086,131.625732421875,261.97943115234375,221.75369262695312,12.411417007446289,199.31666564941406,315.6641845703125,49.96989822387695
2021-03-08,113.22981262207031,147.59750366210938,99.49278259277344,133.37017822265625,253.08749389648438,217.72267150878906,11.546656608581543,187.6666717529297,318.4560546875,49.920692443847656
2021-03-09,117.83256530761719,153.1425018310547,101.121337890625,132.4281768798828,263.4266662597656,223.84103393554688,12.47423267364502,224.52667236328125,320.1022644042969,49.149776458740234
2021-03-10,116.75242614746094,152.8820037841797,100.91466522216797,135.3064422607422,262.593994140625,222.53884887695312,12.422426223754883,222.68666076660156,317.93768310546875,50.65880584716797
2021-03-11,118.67915344238281,155.67950439453125,104.1038818359375,134.59999084472656,271.495849609375,227.04861450195312,12.945744514465332,233.1999969482422,321.12066650390625,50.281551361083984
2021-03-12,117.77416229248047,154.47450256347656,101.59909057617188,136.19613647460938,266.0635070800781,225.727294921875,12.808751106262207,231.2433319091797,324.926513671875,50.82282638549805
2021-03-15,120.65455627441406,154.08399963378906,101.81914520263672,135.5157928466797,271.3669738769531,224.82725524902344,13.142767906188965,235.97999572753906,322.97344970703125,49.527034759521484
2021-03-16,122.19206237792969,154.59300231933594,103.27870178222656,133.89346313476562,276.8488464355469,227.60394287109375,13.242400169372559,225.6266632080078,323.6305236816406,48.47728729248047
2021-03-17,121.40383911132812,156.7864990234375,103.19593811035156,135.27157592773438,281.5376281738281,226.96243286132812,13.292217254638672,233.93666076660156,321.4219665527344,48.690513610839844
2021-03-18,117.2876205444336,151.39950561523438,100.17869567871094,137.5044403076172,276.194580078125,220.91110229492188,12.675740242004395,217.72000122070312,330.429931640625,46.59101104736328
2021-03-19,116.76215362548828,153.7480010986328,100.45721435546875,135.31520080566406,287.5845947265625,220.55685424804688,12.79853630065918,218.2899932861328,333.6516418457031,46.32857131958008
2021-03-22,120.07068634033203,155.5435028076172,100.64208221435547,131.67813110351562,290.98468017578125,225.95706176757812,13.137785911560059,223.3333282470703,334.8197937011719,45.852901458740234
2021-03-23,119.24354553222656,156.875,101.16939544677734,130.36105346679688,288.1000061035156,227.47946166992188,13.022710800170898,220.72000122070312,336.31658935546875,45.287017822265625
2021-03-24,116.85945129394531,154.35350036621094,100.73328399658203,131.372802734375,279.68402099609375,225.44960021972656,12.596532821655273,210.08999633789062,338.2331848144531,46.20555114746094
2021-03-25,117.34601593017578,152.31300354003906,100.72980499267578,133.05616760253906,276.31353759765625,222.46224975585938,12.489180564880371,213.4633331298828,338.6803894042969,46.07433319091797
2021-03-26,117.9493408203125,152.60150146484375,100.34671020507812,135.27157592773438,280.5562744140625,226.42623901367188,12.792062759399414,206.23666381835938,343.5997314453125,47.3291130065918
2021-03-29,118.12449645996094,153.7864990234375,101.39044952392578,133.16957092285156,288.2883605957031,225.2389678955078,12.900660514831543,203.76333618164062,345.9543151855469,47.07488250732422
2021-03-30,116.67457580566406,152.76449584960938,101.42414855957031,134.739501953125,285.4929504394531,221.99310302734375,12.824444770812988,211.8733367919922,340.9347229003906,46.49259567260742
2021-03-31,118.8640365600586,154.70399475097656,102.21959686279297,132.7770538330078,291.9660339355469,225.7464141845703,13.299193382263184,222.64332580566406,339.57476806640625,45.78730010986328
2021-04-01,119.6911849975586,158.0500030517578,105.55303955078125,134.06796264648438,296.0601501464844,232.04672241210938,13.760986328125,220.5833282470703,335.0115051269531,47.06668472290039
2021-04-05,122.51318359375,161.3365020751953,109.97283172607422,134.7786102294922,306.2208557128906,238.48098754882812,13.936094284057617,230.35000610351562,337.8498840332031,46.33677291870117
2021-04-06,122.81481170654297,161.1909942626953,109.49211883544922,133.8310546875,303.5939636230469,237.3224639892578,13.810552597045898,230.5399932861328,332.5472717285156,46.20555114746094
2021-04-07,124.45935821533203,163.96949768066406,110.96752166748047,135.9279022216797,310.364501953125,239.27569580078125,14.09151840209961,223.6566619873047,333.7063293457031,46.410579681396484
2021-04-08,126.85318756103516,164.96499633789062,111.53251647949219,136.09463500976562,310.2950744628906,242.4832763671875,14.264381408691406,227.93333435058594,333.0220031738281,45.926719665527344
2021-04-09,129.42221069335938,168.61000061035156,112.53562927246094,137.11233520507812,309.7399597167969,244.9727783203125,14.347075462341309,225.67333984375,343.4353942871094,45.82009506225586
2021-04-12,127.70952606201172,168.96949768066406,111.24457550048828,136.82281494140625,308.8280029296875,245.0301971435547,15.153100967407227,233.9933319091797,343.41717529296875,45.51665115356445
2021-04-13,130.8136444091797,170.0,111.73075103759766,135.19093322753906,307.06353759765625,247.50050354003906,15.621871948242188,254.10667419433594,341.7925720214844,45.68887710571289
2021-04-14,128.47825622558594,166.64999389648438,111.1102523803711,132.66421508789062,300.1839599609375,244.7238006591797,15.220853805541992,244.07666015625,342.82391357421875,47.00926971435547
2021-04-15,130.88182067871094,168.95449829101562,113.25820922851562,133.50643920898438,305.1404113769531,248.46759033203125,16.077945709228516,246.28334045410156,355.94805908203125,46.73042678833008
2021-04-16,130.55099487304688,169.9720001220703,113.13431549072266,134.4978790283203,303.51470947265625,249.6548309326172,15.854016304016113,246.5933380126953,356.8606872558594,46.467987060546875
2021-04-19,131.21266174316406,168.60049438476562,113.48173522949219,133.92758178710938,299.6089172363281,247.73988342285156,15.305291175842285,238.2100067138672,355.7928161621094,46.320369720458984
2021-04-20,129.52920532226562,166.7344970703125,112.9489517211914,130.96212768554688,300.0153503417969,247.28033447265625,15.115490913391113,239.663330078125,361.8985900878906,45.34443664550781
2021-04-21,129.90869140625,168.1009979248047,112.91625213623047,132.0763702392578,298.8456726074219,249.50160217285156,15.304044723510742,248.0399932861328,363.9794006347656,45.926719665527344
2021-04-22,128.3906707763672,165.45199584960938,111.63609313964844,129.295166015625,293.93878173828125,246.2366485595703,14.795670509338379,239.89666748046875,361.9077453613281,45.328025817871094
2021-04-23,130.7066650390625,167.04400634765625,113.9857406616211,131.76931762695312,298.5086364746094,250.04739379882812,15.209145545959473,243.13333129882812,365.3485107421875,45.57405090332031
2021-04-26,131.09588623046875,170.4499969482422,114.48136901855469,132.0939178466797,300.4020080566406,250.4303436279297,15.42111587524414,246.06666564941406,361.287109375,45.66427993774414
2021-04-27,130.77484130859375,170.8715057373047,113.54219055175781,132.69923400878906,300.92742919921875,250.83251953125,15.325214385986328,234.913330078125,360.04583740234375,46.26295852661133
2021-04-28,129.98660278320312,172.9250030517578,116.915283203125,133.55906677246094,304.4266662597656,243.737548828125,15.220603942871094,231.46665954589844,360.1280517578125,47.65716552734375
2021-04-29,129.88925170898438,173.5655059814453,118.58646392822266,136.15603637695312,326.6415710449219,241.77471923828125,15.268425941467285,225.6666717529297,366.4800720214844,48.33786392211914
2021-04-30,127.92361450195312,173.37100219726562,116.64073181152344,134.9453125,322.2501220703125,241.458740234375,14.95433521270752,236.47999572753906,363.97021484375,46.94366455078125
2021-05-03,128.97454833984375,169.32449340820312,116.12429809570312,134.55047607421875,319.77191162109375,241.15237426757812,14.782218933105469,228.3000030517578,370.4501647949219,48.23945236206055
2021-05-04,124.41071319580078,165.593505859375,114.32772064208984,136.4104461669922,315.5886535644531,237.25538635253906,14.298502922058105,224.53334045410156,375.4151306152344,48.54289627075195
2021-05-05,124.65399932861328,163.52699279785156,114.72125244140625,138.2002716064453,312.2777099609375,235.9915771484375,14.405360221862793,223.64666748046875,376.4737243652344,50.002708435058594
2021-05-06,126.24987030029297,165.31849670410156,115.84031677246094,140.9814453125,317.23419189453125,239.1129150390625,14.469622611999512,221.17999267578125,378.7280578613281,50.47837448120117
2021-05-07,126.9224624633789,164.58050537109375,116.56290435791016,141.46400451660156,316.3023376464844,241.72683715820312,14.757808685302734,224.1233367919922,381.1739501953125,51.2000846862793
2021-05-10,123.64729309082031,159.52450561523438,113.58036804199219,141.44647216796875,303.3064880371094,236.67135620117188,14.213318824768066,209.67999267578125,384.13104248046875,51.323097229003906
2021-05-11,122.73101806640625,161.19549560546875,112.50537872314453,139.09512329101562,303.8616027832031,235.76173400878906,14.253667831420898,205.73333740234375,375.74371337890625,49.69105911254883
2021-05-12,119.6702880859375,157.5970001220703,109.04556274414062,138.1388397216797,299.916259765625,228.83909606933594,13.707932472229004,196.6300048828125,369.96649169921875,49.95732116699219
2021-05-13,121.81475067138672,158.07350158691406,110.47241973876953,141.69215393066406,302.60272216796875,232.69773864746094,13.615025520324707,190.56333923339844,372.8779296875,49.34159469604492
2021-05-14,124.23214721679688,161.14500427246094,112.91773223876953,143.89425659179688,313.1897277832031,237.6000518798828,14.190651893615723,196.5800018310547,374.009521484375,50.56473159790039
2021-05-17,123.0819320678711,163.51950073242188,113.44010925292969,144.4733428955078,312.7138366699219,234.75636291503906,14.113435745239258,192.27667236328125,372.9418029785156,51.746273040771484
2021-05-18,121.69776916503906,161.61399841308594,112.12921905517578,142.43785095214844,307.26171875,232.74566650390625,13.964239120483398,192.6233367919922,374.5389404296875,50.28183364868164
2021-05-19,121.54180908203125,161.58999633789062,112.57675170898438,141.34996032714844,310.8600769042969,233.32147216796875,14.014054298400879,187.82000732421875,373.7358093261719,49.07532501220703
2021-05-20,124.09567260742188,162.38400268554688,114.33368682861328,141.10430908203125,315.8364562988281,236.54605102539062,14.558794975280762,195.5933380126953,372.950927734375,48.958839416503906
2021-05-21,122.26313018798828,160.1540069580078,113.69831848144531,142.70985412597656,313.4771728515625,235.28883361816406,14.936650276184082,193.6266632080078,375.67974853515625,49.02540969848633
2021-05-24,123.89098358154297,162.24949645996094,117.01441192626953,143.4818878173828,321.8040466308594,240.6727294921875,15.554618835449219,202.14666748046875,375.0592041015625,49.59953689575195
2021-05-25,123.6960220336914,162.95249938964844,117.1051025390625,141.99920654296875,324.9365234375,241.57484436035156,15.590239524841309,201.56333923339844,376.9757995605469,48.47623825073242
2021-05-26,123.64729309082031,163.25799560546875,117.96945190429688,141.9816131591797,324.80767822265625,241.35415649414062,15.642297744750977,206.3766632080078,377.1218566894531,49.042049407958984
2021-05-27,122.11691284179688,161.5054931640625,117.09568786621094,144.1925506591797,329.85333251953125,239.26194763183594,15.431075096130371,210.28334045410156,376.65631103515625,48.725860595703125
2021-05-28,121.4638442993164,161.15350341796875,116.80674743652344,144.0960693359375,325.8683776855469,239.61708068847656,16.184791564941406,208.4066619873047,375.94451904296875,48.56776809692383
2021-06-01,121.14218139648438,160.9324951171875,118.0125503540039,145.68406677246094,326.2648620605469,237.4290008544922,16.204723358154297,207.96665954589844,371.1986083984375,50.306793212890625
2021-06-02,121.90245819091797,161.69949340820312,117.48771667480469,145.69285583496094,326.2846984863281,237.33302307128906,16.71657943725586,201.7066650390625,370.4045104980469,50.706180572509766
2021-06-03,120.42085266113281,159.35049438476562,116.34730529785156,145.78933715820312,323.2017822265625,235.80706787109375,16.907384872436523,190.94667053222656,372.3302917480469,50.90587615966797
2021-06-04,122.71150970458984,160.31100463867188,118.6266098022461,146.02621459960938,327.47430419921875,240.68234252929688,17.513647079467773,199.68333435058594,370.2129821777344,51.13053894042969
2021-06-07,122.72126770019531,159.90049743652344,119.05927276611328,145.34188842773438,333.6500244140625,243.5806427001953,17.554244995117188,201.7100067138672,365.29364013671875,50.79771423339844
2021-06-08,123.54003143310547,163.20550537109375,118.86796569824219,144.7628173828125,330.7752380371094,242.39059448242188,17.39284324645996,201.19667053222656,366.6535949707031,51.696346282958984
2021-06-09,123.92020416259766,164.0574951171875,119.33879852294922,142.9555206298828,327.3751220703125,243.3695068359375,17.29841423034668,199.5933380126953,366.0694274902344,52.12902069091797
2021-06-10,122.92597198486328,167.4824981689453,120.68634796142578,140.72703552246094,329.5658874511719,246.87234497070312,17.364933013916016,203.3733367919922,366.4253234863281,52.21223068237305
2021-06-11,124.1346664428711,167.3415069580078,120.4420166015625,140.63050842285156,328.3764343261719,247.49620056152344,17.763805389404297,203.29666137695312,363.1397399902344,51.7296257019043
2021-06-14,127.18562316894531,169.19349670410156,121.36930847167969,138.244140625,333.83837890625,249.4156036376953,17.956642150878906,205.89666748046875,364.2988586425781,51.64642333984375
2021-06-15,126.36683654785156,169.156494140625,120.35231018066406,136.1472625732422,333.8185119628906,247.9471893310547,17.727184295654297,199.7866668701172,365.321044921875,53.526893615722656
2021-06-16,126.86396789550781,170.7624969482422,119.71098327636719,137.1035919189453,328.1978759765625,247.0067138671875,17.748857498168945,201.6233367919922,362.5556945800781,53.33552169799805
2021-06-17,128.4625701904297,174.46200561523438,120.67346954345703,133.14674377441406,333.58062744140625,250.3848114013672,18.592941284179688,205.53334045410156,362.6470031738281,51.57985305786133
2021-06-18,127.16616821289062,174.34500122070312,119.05530548095703,129.77769470214844,326.790283203125,248.97409057617188,18.57450294494629,207.77000427246094,356.6654052734375,50.256866455078125
2021-06-21,128.95970153808594,172.697998046875,120.74185943603516,131.9798126220703,329.3973693847656,252.045166015625,18.363731384277344,206.94332885742188,364.6347351074219,52.0791015625
2021-06-22,130.59727478027344,175.27200317382812,121.25530242919922,131.786865234375,336.0787048339844,254.80905151367188,18.821645736694336,207.90333557128906,365.20257568359375,53.07757568359375
2021-06-23,130.32435607910156,175.1909942626953,121.0535888671875,132.58518981933594,337.6250915527344,254.57875061035156,18.99155616760254,218.85667419433594,362.3354797363281,53.46864700317383
2021-06-24,130.04168701171875,172.45399475097656,121.42330169677734,133.80470275878906,340.1925048828125,255.9414825439453,19.139305114746094,226.60667419433594,365.3675537109375,53.68498229980469
2021-06-25,129.7492218017578,170.072998046875,121.4317398071289,135.1558380126953,338.3983459472656,254.33883666992188,18.96540069580078,223.9566650390625,370.93682861328125,53.801475524902344
2021-06-28,131.37705993652344,172.1945037841797,121.4590072631836,135.40151977539062,352.5441589355469,257.8896789550781,19.916112899780273,229.57333374023438,367.73992919921875,52.428558349609375
2021-06-29,132.887939453125,172.40699768066406,121.19781494140625,135.23480224609375,348.82672119140625,260.4617004394531,19.957719802856445,226.9199981689453,364.6621398925781,52.10404968261719
2021-06-30,133.5019989013672,172.00799560546875,121.01641845703125,136.463134765625,344.68310546875,259.9818115234375,19.933547973632812,226.56666564941406,366.8056335449219,52.486812591552734
2021-07-01,133.80416870117188,171.64849853515625,121.3683090209961,137.814208984375,351.3050231933594,260.653564453125,20.1423282623291,225.97332763671875,370.8819580078125,52.63658142089844
2021-07-02,136.4263153076172,175.5489959716797,124.15657043457031,137.68185424804688,351.6123046875,266.4597473144531,20.416379928588867,226.3000030517578,374.9764099121094,52.56168746948242
2021-07-06,138.43426513671875,183.78700256347656,125.08087921142578,135.36997985839844,349.70904541015625,266.4694519042969,20.627151489257812,219.86000061035156,375.80078125,51.06396484375
2021-07-07,140.9198760986328,184.82899475097656,125.36238098144531,135.52882385253906,347.43890380859375,268.6479797363281,20.301525115966797,214.88333129882812,377.0832214355469,50.26518630981445
2021-07-08,139.6234893798828,186.57049560546875,123.94493865966797,133.19041442871094,342.6410217285156,266.2391357421875,19.83414649963379,217.60333251953125,375.5168762207031,50.040531158447266
2021-07-09,141.44625854492188,185.9669952392578,124.415283203125,137.4524383544922,347.3695983886719,266.73809814453125,19.981138229370117,218.98333740234375,377.4953918457031,50.94748306274414
2021-07-12,140.85166931152344,185.92750549316406,125.85946655273438,139.4202117919922,350.0857238769531,266.1431884765625,20.441791534423828,228.56666564941406,381.09527587890625,50.897560119628906
2021-07-13,141.96286010742188,183.8679962158203,126.22225952148438,137.34654235839844,349.0250244140625,269.65557861328125,20.18020248413086,222.84666442871094,383.3852844238281,50.65625762939453
2021-07-14,145.3842315673828,184.08399963378906,127.10987091064453,136.87887573242188,344.60382080078125,271.1239318847656,19.773103713989258,217.7933349609375,379.904541015625,49.5329704284668
2021-07-15,144.7311553955078,181.55999755859375,125.88871002197266,137.1789093017578,341.4613952636719,269.70361328125,18.9008731842041,216.86666870117188,384.76849365234375,49.05036926269531
2021-07-16,142.6939239501953,178.68150329589844,125.8540267944336,134.0463104248047,338.1901550292969,269.4348449707031,18.09840202331543,214.74000549316406,384.44793701171875,47.69409942626953
2021-07-19,138.85337829589844,177.47950744628906,123.48304748535156,129.68727111816406,334.0168151855469,265.8456726074219,18.715015411376953,215.4066619873047,374.7015686035156,46.05492401123047
2021-07-20,142.4600067138672,178.6595001220703,125.10020446777344,132.10507202148438,338.6858215332031,268.0625305175781,18.54784393310547,220.1666717529297,378.283203125,46.56248092651367
2021-07-21,141.7289276123047,179.25999450683594,126.42794036865234,134.88462829589844,343.2160339355469,270.0586242675781,19.343095779418945,218.42999267578125,379.8129577636719,48.06020736694336
2021-07-22,143.09356689453125,181.90150451660156,127.29275512695312,133.18157958984375,348.13287353515625,274.60760498046875,19.526456832885742,216.4199981689453,380.8480224609375,47.51935958862305
2021-07-23,144.8091583251953,182.83200073242188,131.84588623046875,132.92572021484375,366.5709533691406,277.995361328125,19.490581512451172,214.4600067138672,382.61590576171875,47.46112060546875
2021-07-26,145.22828674316406,184.99099731445312,132.85693359375,133.81690979003906,369.21771240234375,277.4002990722656,19.227495193481445,219.2066650390625,378.8053283691406,48.659297943115234
2021-07-27,143.06436157226562,181.3195037841797,130.7406768798828,133.6404571533203,364.6081848144531,274.9914855957031,19.141794204711914,214.92666625976562,380.2342224121094,48.11845397949219
2021-07-28,141.3195037841797,181.51600646972656,134.89781188964844,133.86105346679688,370.0305480957031,274.68438720703125,19.435771942138672,215.66000366210938,374.8023986816406,48.44295883178711
2021-07-29,141.96286010742188,179.99600219726562,134.5841064453125,135.00819396972656,355.20074462890625,274.9531555175781,19.59422492980957,225.78334045410156,377.4679260253906,49.033729553222656
2021-07-30,142.17730712890625,166.37950134277344,133.54234313964844,133.93162536621094,353.1983642578125,273.4272155761719,19.43178939819336,229.06666564941406,377.59613037109375,47.90212631225586
2021-08-02,141.8458709716797,166.57400512695312,133.66925048828125,133.39340209960938,348.8862609863281,273.3408203125,19.681922912597656,236.55667114257812,380.6647644042969,47.910438537597656
2021-08-03,143.63946533203125,168.31199645996094,134.4379119873047,134.91110229492188,348.1824035644531,275.5481262207031,19.746702194213867,236.5800018310547,386.46307373046875,48.42631912231445
2021-08-04,143.23980712890625,167.73599243164062,133.93785095214844,133.45509338378906,355.7955017089844,274.9627380371094,20.20411491394043,236.97332763671875,386.13330078125,47.29471206665039
2021-08-05,143.34701538085938,168.79949951171875,135.05393981933594,135.14051818847656,359.810302734375,277.8514099121094,20.565866470336914,238.2100067138672,376.6527404785156,47.59425354003906
2021-08-06,142.66366577148438,167.2469940185547,134.54544067382812,138.97898864746094,360.3455810546875,277.79376220703125,20.29580307006836,233.03334045410156,380.2525329589844,48.14341354370117
2021-08-09,142.6148681640625,167.093505859375,135.70962524414062,138.8289794921875,358.462158203125,276.7092590332031,20.225048065185547,237.9199981689453,376.3595886230469,47.59425354003906
2021-08-10,142.1365509033203,166.03399658203125,135.6045684814453,140.53207397460938,357.986328125,274.89556884765625,19.867280960083008,236.663330078125,377.19305419921875,48.40968322753906
2021-08-11,142.3903350830078,164.60549926757812,135.08120727539062,142.20863342285156,356.8264465332031,275.3850402832031,19.63109588623047,235.94000244140625,373.4924621582031,48.55112075805664
2021-08-12,145.34823608398438,165.1750030517578,135.9881591796875,142.76454162597656,359.4930419921875,278.1297302246094,19.836387634277344,240.75,371.86199951171875,48.44132614135742
2021-08-13,145.5532684326172,164.69850158691406,136.51698303222656,141.1673583984375,360.01849365234375,281.0472106933594,20.118412017822266,239.05667114257812,375.2603759765625,47.9514274597168
2021-08-16,147.52520751953125,164.94949340820312,137.09384155273438,140.24081420898438,363.3690490722656,282.7266845703125,19.88123321533203,228.72332763671875,382.1671142578125,47.25034713745117
2021-08-17,146.6173095703125,162.09800720214844,135.46035766601562,138.54661560058594,355.32965087890625,281.2679138183594,19.390928268432617,221.90333557128906,386.3531494140625,46.929378509521484
2021-08-18,142.87844848632812,160.06100463867188,134.2584991455078,137.2847900390625,352.3557434082031,279.5467529296875,18.974369049072266,229.663330078125,382.267822265625,45.941131591796875
2021-08-19,143.2103729248047,159.3874969482422,134.4874725341797,136.13768005371094,352.0285949707031,285.35443115234375,19.729753494262695,224.49000549316406,391.9500427246094,44.53898620605469
2021-08-20,144.66493225097656,159.99749755859375,136.22157287597656,136.52587890625,356.24163818359375,292.6524353027344,20.744245529174805,226.75332641601562,393.6170654296875,44.54743576049805
2021-08-23,146.14874267578125,163.2935028076172,138.8106231689453,138.27308654785156,360.18701171875,292.93133544921875,21.882308959960938,235.43333435058594,389.6324462890625,46.380348205566406
2021-08-24,146.06088256835938,165.28900146484375,140.0199432373047,139.12904357910156,362.32818603515625,290.97943115234375,21.717880249023438,236.163330078125,387.8462829589844,46.76044845581055
2021-08-25,144.8308868408203,164.95899963378906,140.83021545410156,141.996826171875,365.1831359863281,290.3928527832031,22.136432647705078,237.06666564941406,384.4845275878906,46.844913482666016
2021-08-26,144.03036499023438,165.8000030517578,140.19737243652344,142.72921752929688,361.2080078125,287.5851745605469,21.99193000793457,233.72000122070312,381.8373107910156,46.21141815185547
2021-08-27,145.06515502929688,167.48150634765625,142.73829650878906,143.87637329101562,369.38623046875,288.19097900390625,22.557973861694336,237.30667114257812,383.58685302734375,47.10676193237305
2021-08-30,149.47764587402344,171.07850646972656,143.31964111328125,141.57325744628906,377.3462829589844,291.9120788574219,22.609792709350586,243.6366729736328,383.16546630859375,46.59151840209961
2021-08-31,148.2183074951172,173.5395050048828,143.42568969726562,141.1409149169922,376.0774841308594,290.2679138183594,22.311771392822266,245.24000549316406,381.3060302734375,46.050933837890625
2021-09-01,148.8821258544922,173.9499969482422,143.93917846679688,140.93795776367188,378.72418212890625,290.2197570800781,22.367586135864258,244.69667053222656,382.2952880859375,45.41743850708008
2021-09-02,149.9950408935547,173.156005859375,142.02760314941406,141.59097290039062,372.0131530761719,289.5659484863281,22.32274055480957,244.1300048828125,388.1210632324219,46.52394104003906
2021-09-03,150.62960815429688,173.90249633789062,142.4761199951172,140.73501586914062,372.9845886230469,289.5563049316406,22.768272399902344,244.52333068847656,387.3424072265625,46.346561431884766
2021-09-07,152.96270751953125,175.46449279785156,143.01235961914062,140.48793029785156,378.8530578613281,288.6332092285156,22.587873458862305,250.97332763671875,385.8586120605469,46.07627487182617
2021-09-08,151.4203338623047,176.27499389648438,142.4280548095703,139.86138916015625,374.2831726074219,288.6620788574219,22.26592254638672,251.2899932861328,380.4998779296875,45.653934478759766
2021-09-09,150.40505981445312,174.20799255371094,142.27938842773438,140.47027587890625,374.70947265625,285.8159484863281,22.10445785522461,251.6199951171875,379.7304382324219,45.68772888183594
2021-09-10,145.42636108398438,173.45750427246094,139.63780212402344,138.85548400878906,375.39349365234375,284.3352355957031,22.404470443725586,245.42333984375,371.2828674316406,45.59481430053711
2021-09-13,145.99253845214844,172.85850524902344,141.08151245117188,141.06146240234375,373.2324523925781,285.56591796875,22.079540252685547,247.6666717529297,381.0357666015625,46.76889419555664
2021-09-14,144.5965576171875,172.5,141.29164123535156,138.59957885742188,373.2522277832031,288.25830078125,22.169240951538086,248.163330078125,379.2156982421875,46.10160827636719
2021-09-15,145.48492431640625,173.7895050048828,143.1600799560547,139.56141662597656,370.66497802734375,293.09478759765625,22.26791763305664,251.94332885742188,383.7934265136719,47.65578842163086
2021-09-16,145.25059509277344,174.41200256347656,142.34779357910156,139.4996337890625,369.81243896484375,293.4793701171875,22.169240951538086,252.3300018310547,383.16839599609375,47.148990631103516
2021-09-17,142.58555603027344,173.12600708007812,139.56246948242188,139.13784790039062,361.5450744628906,288.3351745605469,21.8283634185791,253.163330078125,386.2201843261719,46.59151840209961
2021-09-20,139.5397491455078,167.7864990234375,137.500244140625,134.97291564941406,352.60357666015625,282.9794921875,21.043935775756836,243.38999938964844,379.36273193359375,45.34986877441406
2021-09-21,140.0181121826172,167.18150329589844,137.81100463867188,134.9905242919922,354.3680725097656,283.460205078125,21.176502227783203,246.4600067138672,379.0318603515625,45.30763626098633
2021-09-22,142.38058471679688,169.00250244140625,139.05050659179688,137.57598876953125,340.2223205566406,287.0947570800781,21.869226455688477,250.64666748046875,375.6859436035156,46.633750915527344
2021-09-23,143.3372344970703,170.8000030517578,139.97479248046875,142.2262420654297,342.9483947753906,288.0371398925781,22.40846061706543,251.2133331298828,375.0699768066406,48.21326446533203
2021-09-24,143.42510986328125,171.2760009765625,140.9650115966797,143.86753845214844,349.887451171875,287.83514404296875,22.008766174316406,258.1300048828125,374.1967468261719,48.64404296875
2021-09-27,141.9119873046875,170.2899932861328,139.8321075439453,147.34420776367188,350.5020751953125,282.8544616699219,21.589147567749023,263.78668212890625,372.53289794921875,50.088417053222656
2021-09-28,138.5343017578125,165.79800415039062,134.63613891601562,146.55003356933594,337.68463134765625,272.6141357421875,20.631288528442383,259.1866760253906,366.4200744628906,50.61210632324219
2021-09-29,139.43240356445312,165.05599975585938,133.17262268066406,146.435302734375,336.6536560058594,273.0756530761719,20.449880599975586,260.4366760253906,368.0655517578125,50.57831954956055
2021-09-30,138.13401794433594,164.2519989013672,132.50108337402344,144.44107055664062,336.4355773925781,271.07568359375,20.648235321044922,258.49334716796875,359.17669677734375,49.682979583740234
2021-10-01,139.25669860839844,164.16299438476562,135.34288024902344,147.47659301757812,340.02410888671875,277.9794616699219,20.674150466918945,258.40667724609375,360.7301025390625,51.4652099609375
2021-10-04,135.8302001953125,159.48899841308594,132.48472595214844,147.3177490234375,323.39019775390625,272.2198486328125,19.667451858520508,260.510009765625,355.7479248046875,52.13249588012695
2021-10-05,137.75331115722656,161.0500030517578,134.82745361328125,149.72348022460938,330.0615234375,277.652587890625,20.384098052978516,260.1966552734375,361.6494140625,52.04802703857422
2021-10-06,138.6221466064453,163.10049438476562,136.3559112548828,150.0430450439453,330.7355651855469,281.83526611328125,20.632287979125977,260.9166564941406,362.40313720703125,51.093563079833984
2021-10-07,139.88143920898438,165.1215057373047,138.00131225585938,150.992919921875,326.35406494140625,283.50830078125,21.00606346130371,264.53668212890625,372.00897216796875,51.237144470214844
2021-10-08,139.50071716308594,164.43099975585938,138.556884765625,151.10833740234375,327.1769104003906,283.50830078125,20.76285743713379,261.8299865722656,375.46533203125,52.52104187011719
2021-10-11,139.41287231445312,162.31500244140625,137.69305419921875,147.93026733398438,322.616943359375,282.91217041015625,20.62730598449707,263.9800109863281,372.2756042480469,51.997344970703125
2021-10-12,138.143798828125,162.3665008544922,135.24974060058594,146.79397583007812,320.9515380859375,281.6141357421875,20.603382110595703,268.5733337402344,370.6668701171875,51.72705078125
2021-10-13,137.55809020996094,164.21400451660156,136.37277221679688,142.92352294921875,321.7148132324219,284.9121398925781,20.870506286621094,270.3599853515625,370.9519348144531,51.583465576171875
2021-10-14,140.34030151367188,164.9929962158203,139.91038513183594,145.11619567871094,325.67010498046875,291.1044616699219,21.67486000061035,272.7733459472656,386.4039306640625,52.36899185180664
2021-10-15,141.39462280273438,170.4510040283203,140.12548828125,147.9036407470703,321.9329833984375,292.5082702636719,21.790481567382812,281.010009765625,393.4913024902344,52.86735153198242
2021-10-18,143.0639190673828,172.33700561523438,141.5230712890625,147.8503875732422,332.42083740234375,295.4697265625,22.149307250976562,290.03668212890625,390.31988525390625,52.842010498046875
2021-10-19,145.22132873535156,172.20750427246094,141.97802734375,149.6436004638672,337.03033447265625,296.3736877441406,22.217086791992188,288.0899963378906,390.09930419921875,53.63599395751953
2021-10-20,145.70945739746094,170.7530059814453,140.52294921875,151.65872192382812,337.8134460449219,295.5851135253906,22.030696868896484,288.6000061035156,399.94415283203125,53.931617736816406
2021-10-21,145.92422485351562,171.75050354003906,140.638916015625,150.4691619873047,338.9039001464844,298.80633544921875,22.617767333984375,298.0,406.5533447265625,52.95181655883789
2021-10-22,145.15301513671875,166.77749633789062,136.3573760986328,152.49317932128906,321.7842102050781,297.267822265625,22.651660919189453,303.2266540527344,412.8775634765625,53.31502151489258
2021-10-25,145.10418701171875,166.01849365234375,136.23895263671875,151.7474822998047,325.8287048339844,296.2774353027344,23.090219497680664,341.6199951171875,413.180908203125,54.35395050048828
2021-10-26,145.76805114746094,168.80349731445312,138.08407592773438,152.1558380126953,313.0608215332031,298.1813049316406,24.63614273071289,339.4766540527344,417.9149169921875,55.61249923706055
2021-10-27,145.30923461914062,169.62449645996094,144.93234252929688,148.9866485595703,309.5020751953125,310.73895263671875,24.371015548706055,345.9533386230469,416.84869384765625,54.168128967285156
2021-10-28,148.94073486328125,172.32850646972656,144.56707763671875,151.23260498046875,314.1611633300781,311.87353515625,24.859413146972656,359.0133361816406,418.65032958984375,54.320159912109375
2021-10-29,146.23663330078125,168.6215057373047,146.74478149414062,150.81539916992188,320.7532958984375,318.8638610839844,25.48336410522461,371.3333435058594,423.2740173339844,54.4553108215332
2021-11-01,145.4165802001953,165.90550231933594,142.23574829101562,150.73548889160156,327.10748291015625,316.7004699707031,25.742511749267578,402.86334228515625,417.4277648925781,55.435115814208984
2021-11-02,146.45138549804688,165.6374969482422,144.1542510986328,151.3302459716797,325.2239990234375,320.3157958984375,26.314634323120117,390.6666564941406,415.52496337890625,54.750946044921875
2021-11-03,147.88641357421875,169.1999969482422,145.30950927734375,151.38352966308594,328.73321533203125,321.1524353027344,26.510990142822266,404.6199951171875,420.3876647949219,53.99919128417969
2021-11-04,147.36900329589844,173.85000610351562,146.96432495117188,149.39500427246094,332.9263916015625,323.49847412109375,29.70351791381836,409.9700012207031,419.8636779785156,54.404640197753906
2021-11-05,147.89691162109375,175.94949340820312,147.54373168945312,149.18199157714844,338.160400390625,323.1330261230469,29.65467071533203,407.36334228515625,418.990478515625,54.919883728027344
2021-11-08,147.07571411132812,174.44900512695312,147.72113037109375,150.0785369873047,335.6722412109375,324.0273132324219,30.703237533569336,387.64666748046875,425.2503662109375,55.511138916015625
2021-11-09,147.43743896484375,178.81149291992188,147.609619140625,148.94229125976562,332.4505310058594,323.0273742675781,30.556713104248047,341.1666564941406,426.840576171875,56.051727294921875
2021-11-10,144.612060546875,174.1024932861328,144.61119079589844,148.80023193359375,324.787841796875,318.075439453125,29.362634658813477,355.98333740234375,422.7500915527344,54.94746780395508
2021-11-11,144.5631866455078,173.625,144.48529052734375,148.79136657714844,324.8869934082031,319.6427001953125,30.29058837890625,354.5033264160156,420.44281005859375,55.05018615722656
2021-11-12,146.6357879638672,176.25750732421875,147.37124633789062,148.12554931640625,337.9225769042969,323.7676696777344,30.29058837890625,344.47332763671875,421.91351318359375,54.630741119384766
2021-11-15,146.64559936523438,177.28399658203125,147.147216796875,147.85923767089844,344.53448486328125,323.14276123046875,29.926780700683594,337.7966613769531,414.3851013183594,55.10155487060547
2021-11-16,147.62322998046875,177.03500366210938,146.5762939453125,146.79397583007812,339.9744567871094,326.4504089355469,30.104196548461914,351.57666015625,413.3004455566406,55.657955169677734
2021-11-17,150.05751037597656,177.4499969482422,146.7457733154297,146.00390625,337.8035583496094,326.6719665527344,29.165281295776367,363.0033264160156,412.6845397949219,55.05018615722656
2021-11-18,154.33956909179688,184.80299377441406,148.5215301513672,144.74334716796875,335.7416687011719,328.7430114746094,31.571386337280273,365.4599914550781,413.1625671386719,54.45097732543945
2021-11-19,156.9596710205078,183.82850646972656,147.61753845214844,142.85247802734375,342.2940979003906,330.5155029296875,32.87710189819336,379.0199890136719,404.45758056640625,51.934295654296875
2021-11-22,157.41909790039062,178.6284942626953,145.01609802246094,145.89736938476562,338.0414733886719,327.3559265136719,31.851463317871094,385.6233215332031,402.1962585449219,52.653343200683594
2021-11-23,157.80038452148438,179.0019989013672,144.50067138671875,149.38613891601562,334.314208984375,325.2848205566406,31.642152786254883,369.6766662597656,411.0116271972656,54.04010009765625
2021-11-24,158.3185577392578,179.02049255371094,144.83570861816406,148.21434020996094,338.0910339355469,325.50628662109375,32.567115783691406,372.0,413.7968444824219,54.339698791503906
2021-11-26,153.3032684326172,175.22799682617188,140.9333038330078,143.74911499023438,330.22015380859375,317.5784912109375,31.399944305419922,360.6400146484375,404.3747863769531,52.430789947509766
2021-11-29,156.65658569335938,178.07850646972656,144.2513885498047,143.127685546875,335.08740234375,324.2733154296875,33.26681900024414,378.9966735839844,415.48822021484375,52.721839904785156
2021-11-30,161.6034393310547,175.35350036621094,140.6503448486328,140.99716186523438,321.6355285644531,318.45501708984375,32.5691032409668,381.586669921875,408.3366394042969,51.22380065917969
2021-12-01,161.0852508544922,172.18600463867188,139.81175231933594,140.16268920898438,307.8962097167969,317.9638366699219,31.33600616455078,365.0,408.4469909667969,51.18101501464844
2021-12-02,160.09780883789062,171.8679962158203,141.70944213867188,143.10997009277344,307.68798828125,317.3954772949219,32.02482986450195,361.5333251953125,409.9912414550781,52.45647048950195
2021-12-03,158.22076416015625,169.489501953125,140.75341796875,140.51776123046875,304.16888427734375,311.1532897949219,30.596343994140625,338.3233337402344,414.37176513671875,52.122623443603516
2021-12-06,161.62298583984375,171.36849975585938,141.8967742919922,142.17782592773438,315.1029052734375,314.2165222167969,29.94240951538086,336.336669921875,424.3225402832031,52.71327590942383
2021-12-07,167.35191345214844,176.1645050048828,145.97509765625,144.31719970703125,319.9998779296875,322.6261291503906,32.32487869262695,350.5833435058594,428.583251953125,53.303924560546875
2021-12-08,171.16468811035156,176.1580047607422,146.88404846191406,142.6660614013672,327.6824035644531,322.6742858886719,31.72576904296875,356.32000732421875,432.3919677734375,53.4580078125
2021-12-09,170.6563262939453,174.17100524902344,146.34085083007812,142.44415283203125,326.9489440917969,320.8729553222656,30.393978118896484,334.6000061035156,436.5050354003906,53.5949592590332
2021-12-10,175.43698120117188,172.21200561523438,146.70065307617188,141.8759765625,326.8794860839844,329.9664611816406,30.1028995513916,339.010009765625,441.03314208984375,53.937374114990234
2021-12-13,171.8099365234375,169.5675048828125,144.5447998046875,140.18934631347656,331.5782470703125,326.94171142578125,28.07231330871582,322.13665771484375,440.9501647949219,52.75607681274414
2021-12-14,170.43150329589844,169.0915069580078,142.64215087890625,141.2634735107422,330.834716796875,316.2876281738281,28.247760772705078,319.5033264160156,442.1675109863281,52.67902755737305
2021-12-15,175.2903289794922,173.31500244140625,145.1538848876953,140.2070770263672,338.6858215332031,322.36602783203125,30.36307716369629,325.3299865722656,455.9270324707031,52.447906494140625
2021-12-16,168.40774536132812,168.87100219726562,143.1754150390625,142.3997802734375,331.98468017578125,312.9739074707031,28.297609329223633,308.97332763671875,454.5252685546875,52.533512115478516
2021-12-17,167.3128204345703,170.0175018310547,140.47935485839844,139.1595458984375,330.8843078613281,311.9142761230469,27.713451385498047,310.8566589355469,449.2316589355469,51.386451721191406
2021-12-20,165.9539031982422,167.07899475097656,140.3623809814453,136.6562042236328,322.616943359375,308.1671142578125,27.631711959838867,299.9800109863281,446.1053771972656,50.6417236328125
2021-12-21,169.12142944335938,170.41700744628906,142.21148681640625,138.56475830078125,331.2907409667969,315.2762451171875,28.983440399169922,312.84332275390625,449.3146057128906,51.788780212402344
2021-12-22,171.71218872070312,171.03700256347656,145.12811279296875,139.10629272460938,327.57342529296875,320.96923828125,29.307416915893555,336.2900085449219,455.6965026855469,52.208229064941406
2021-12-23,172.3378448486328,171.06849670410156,145.6251983642578,139.60342407226562,332.3216857910156,322.4045715332031,29.54665756225586,355.6666564941406,456.8492736816406,52.23390579223633
2021-12-27,176.29727172851562,169.66949462890625,146.60650634765625,140.4023895263672,343.16644287109375,329.87969970703125,30.847545623779297,364.64666748046875,460.6487121582031,52.978641510009766
2021-12-28,175.28054809570312,170.66099548339844,145.39772033691406,140.82847595214844,343.2060852050781,328.7237854003906,30.226511001586914,362.8233337402344,463.8211364746094,52.807430267333984
2021-12-29,175.36854553222656,169.2010040283203,145.3660125732422,140.7574920654297,339.9546813964844,329.3981628417969,29.906518936157227,362.0633239746094,466.2558288574219,52.345191955566406
2021-12-30,174.21490478515625,168.64450073242188,144.91549682617188,140.68643188476562,341.36224365234375,326.8645935058594,29.492828369140625,356.7799987792969,465.1952819824219,52.037025451660156
2021-12-31,173.5990447998047,166.7169952392578,143.578857421875,140.57106018066406,333.42205810546875,323.97479248046875,29.31838035583496,352.260009765625,463.08343505859375,52.379417419433594
2022-01-03,177.93972778320312,170.4044952392578,143.7171173095703,143.54489135742188,335.59295654296875,322.4624328613281,30.026138305664062,399.9266662597656,463.21258544921875,54.39105987548828
2022-01-04,175.68138122558594,167.52200317382812,143.13035583496094,148.9866485595703,333.6004943847656,316.9330749511719,29.19776153564453,383.1966552734375,452.7176818847656,56.43693542480469
2022-01-05,171.00827026367188,164.35699462890625,136.5640411376953,146.2628936767578,321.3480224609375,304.7667541503906,27.517070770263672,362.7066650390625,451.6017761230469,57.138858795166016
2022-01-06,168.15354919433594,163.25399780273438,136.5367889404297,147.81678771972656,329.5658874511719,302.3584899902344,28.08926010131836,354.8999938964844,433.1205139160156,58.4827995300293
2022-01-07,168.3197479248047,162.5540008544922,135.81271362304688,149.28140258789062,328.90167236328125,302.5126037597656,27.161195755004883,342.32000732421875,422.92999267578125,58.96215057373047
2022-01-10,168.33932495117188,161.48599243164062,137.45069885253906,149.4242706298828,325.2140808105469,302.734130859375,27.313711166381836,352.7066650390625,428.8321838378906,58.61121368408203
2022-01-11,171.16468811035156,165.36199951171875,138.50779724121094,149.57606506347656,331.459228515625,303.41802978515625,27.729398727416992,354.79998779296875,432.5210876464844,61.0765266418457
2022-01-12,171.60464477539062,165.20700073242188,140.18740844726562,150.4245147705078,330.35894775390625,306.5872497558594,27.910825729370117,368.739990234375,436.8739929199219,60.896759033203125
2022-01-13,168.33932495117188,161.21400451660156,137.368896484375,150.23692321777344,323.6379089355469,293.6117248535156,26.49130630493164,343.85333251953125,431.0732421875,60.460201263427734
2022-01-14,169.19964599609375,162.13800048828125,138.2545623779297,141.0028533935547,329.01080322265625,298.8135070800781,26.857154846191406,349.8699951171875,432.23516845703125,61.521663665771484
2022-01-18,166.00277709960938,158.91749572753906,134.8026580810547,135.0908966064453,315.38043212890625,291.5406799316406,25.821426391601562,343.5033264160156,425.1340637207031,62.55741882324219
2022-01-19,162.51260375976562,156.2989959716797,133.92892456054688,133.00115966796875,316.8079528808594,292.1956481933594,24.988061904907227,331.8833312988281,426.5450439453125,62.583099365234375
2022-01-20,160.83106994628906,151.66749572753906,132.13583374023438,131.86700439453125,313.8043212890625,290.5291442871094,24.073945999145508,332.0899963378906,426.9877624511719,62.72004318237305
2022-01-21,158.77804565429688,142.64300537109375,129.205810546875,129.5629425048828,300.5308532714844,285.1636657714844,23.30039405822754,314.6333312988281,425.3001403808594,61.778465270996094
2022-01-24,158.0056915283203,144.54400634765625,129.65432739257812,129.44686889648438,306.0226135253906,285.4911193847656,23.298398971557617,310.0,426.3145446777344,62.30918884277344
2022-01-25,156.2068634033203,139.98599243164062,125.81932067871094,130.85787963867188,297.53717041015625,277.90045166015625,22.25369644165039,306.1333312988281,421.306884765625,64.14104461669922
2022-01-26,156.11888122558594,138.87249755859375,128.09715270996094,132.09918212890625,292.06524658203125,285.8186950683594,22.700284957885742,312.4700012207031,422.77313232421875,63.490474700927734
2022-01-27,155.6593475341797,139.6374969482422,127.87115478515625,129.76834106445312,292.0751647949219,288.83380126953125,21.874893188476562,276.3666687011719,425.6966552734375,64.30368041992188
2022-01-28,166.5209197998047,143.97799682617188,132.17893981933594,130.9292755126953,299.08355712890625,296.9447326660156,22.768070220947266,282.1166687011719,429.8096923828125,64.4406509399414
2022-01-31,170.87139892578125,149.57350158691406,134.1143035888672,132.7064666748047,310.5330505371094,299.56494140625,24.40888786315918,312.239990234375,435.8133850097656,65.02274322509766
2022-02-01,170.70523071289062,151.19349670410156,136.43418884277344,134.98374938964844,316.2230529785156,297.4263916015625,24.560407638549805,310.4166564941406,431.97698974609375,69.19152069091797
2022-02-02,171.90773010253906,150.6125030517578,146.69918823242188,133.90318298339844,320.1883239746094,301.953857421875,25.162504196166992,301.88665771484375,442.4626770019531,69.01175689697266
2022-02-03,169.03346252441406,138.8455047607422,141.83233642578125,132.7957763671875,235.69027709960938,290.1920471191406,23.872583389282227,297.0466613769531,450.75335693359375,68.20710754394531
2022-02-04,168.7495574951172,157.63949584960938,142.03355407714844,136.242919921875,235.02609252929688,294.70989990234375,24.242416381835938,307.7733459472656,445.5888977050781,69.68801879882812
2022-02-07,168.03501892089844,157.9355010986328,137.97750854492188,136.69837951660156,222.9521484375,289.903076171875,24.650127410888672,302.4466552734375,446.07769775390625,70.52690887451172
2022-02-08,171.1380615234375,161.4134979248047,138.1737823486328,139.27032470703125,218.26329040527344,293.3805236816406,25.028932571411133,307.3333435058594,455.0325012207031,68.70359802246094
2022-02-09,172.5574188232422,161.1894989013672,140.34750366210938,139.85081481933594,229.9803924560547,299.786376953125,26.620899200439453,310.6666564941406,459.357666015625,68.37470245361328
2022-02-10,168.48526000976562,159.0034942626953,137.40162658691406,139.27032470703125,226.0846405029297,291.28057861328125,25.742671966552734,301.51666259765625,448.8628234863281,67.7169189453125
2022-02-11,165.0787811279297,153.2935028076172,133.10226440429688,137.4574737548828,217.63880920410156,284.2099914550781,23.873580932617188,286.6666564941406,440.94091796875,69.42195892333984
2022-02-14,165.313720703125,155.16700744628906,134.33482360839844,136.180419921875,215.80490112304688,284.1714782714844,24.19057846069336,291.9200134277344,437.5010070800781,68.35739135742188
2022-02-15,169.14109802246094,156.510498046875,135.40782165527344,138.171875,219.076171875,289.440673828125,26.411558151245117,307.4766540527344,441.03314208984375,67.50054168701172
2022-02-16,168.90623474121094,158.10049438476562,136.52737426757812,138.4219207763672,214.65499877929688,289.1028137207031,26.42751121520996,307.7966613769531,442.711669921875,67.8121337890625
2022-02-17,165.313720703125,154.65249633789062,131.3740692138672,135.23374938964844,205.90187072753906,280.6372375488281,24.42982292175293,292.1166687011719,433.7568664550781,67.7082748413086
2022-02-18,163.76708984375,152.60150146484375,129.25685119628906,135.8678436279297,204.36534118652344,277.93450927734375,23.567546844482422,285.6600036621094,431.4236145019531,66.95528411865234
2022-02-22,160.85000610351562,150.19749450683594,128.67254638671875,135.62672424316406,200.32086181640625,277.7317810058594,23.31633758544922,273.84332275390625,426.535888671875,66.17634582519531
2022-02-23,156.6897735595703,144.82699584960938,126.46659088134766,132.786865234375,196.72247314453125,270.5404357910156,22.316497802734375,254.67999267578125,423.8706359863281,66.44461822509766
2022-02-24,159.3033905029297,151.35800170898438,131.52471923828125,129.08963012695312,205.7928009033203,284.36328125,23.673208236694336,266.92333984375,420.4307861328125,65.60509490966797
2022-02-25,161.36880493164062,153.7884979248047,133.2777099609375,132.14385986328125,208.64773559570312,286.9888000488281,24.080923080444336,269.9566650390625,438.74603271484375,67.37071228027344
2022-02-28,161.63311767578125,153.56300354003906,133.86993408203125,126.6337890625,209.19296264648438,288.4174499511719,24.308204650878906,290.1433410644531,438.8567199707031,67.87271118164062
2022-03-01,159.75363159179688,151.14199829101562,132.8831787109375,121.85595703125,201.7185821533203,284.7107849121094,23.403066635131836,288.1233215332031,439.2071533203125,68.52184295654297
2022-03-02,163.04266357421875,152.05250549316406,133.38870239257812,124.38330841064453,206.29835510253906,289.7688293457031,24.14784049987793,293.2966613769531,447.6270751953125,69.69892883300781
2022-03-03,162.7196502685547,147.89849853515625,132.7226104736328,123.49917602539062,201.20310974121094,285.64715576171875,23.643348693847656,279.7633361816406,448.74298095703125,70.14031982421875
2022-03-04,159.72425842285156,145.64100646972656,130.74713134765625,120.02519989013672,198.31845092773438,279.7975158691406,22.867666244506836,279.42999267578125,459.86492919921875,72.78012084960938
2022-03-07,155.9359893798828,137.4530029296875,125.2677230834961,115.39033508300781,185.83804321289062,269.22760009765625,21.28838348388672,268.1933288574219,449.00115966796875,75.40257263183594
2022-03-08,154.1152801513672,136.01449584960938,125.98734283447266,114.5776596069336,188.63351440429688,266.2738952636719,21.44990348815918,274.79998779296875,436.63421630859375,75.97383117675781
2022-03-09,159.50894165039062,139.2790069580078,132.24732971191406,119.16790771484375,196.77203369140625,278.4847412109375,22.945430755615234,286.3233337402344,447.80230712890625,71.65496826171875
2022-03-10,155.17247009277344,146.8175048828125,131.2655487060547,117.75689697265625,193.51068115234375,275.67572021484375,22.590496063232422,279.4333190917969,453.2156066894531,73.87931060791016
2022-03-11,151.4625244140625,145.52450561523438,128.72903442382812,115.10455322265625,185.9768524169922,270.3472595214844,22.034156799316406,265.1166687011719,446.6299743652344,73.49848937988281
2022-03-14,147.43930053710938,141.85299682617188,124.84396362304688,116.24764251708984,185.00534057617188,266.84344482421875,21.266447067260742,255.4566650390625,451.301025390625,70.86736297607422
2022-03-15,151.81492614746094,147.3665008544922,128.0624237060547,118.31057739257812,190.35836791992188,277.1816101074219,22.90455436706543,267.2966613769531,460.541259765625,66.8341064453125
2022-03-16,156.21986389160156,153.10400390625,132.10906982421875,123.59738159179688,201.8573760986328,284.1702575683594,24.423017501831055,280.07666015625,460.864990234375,66.5831069946289
2022-03-17,157.22811889648438,157.23899841308594,132.66265869140625,125.16024017333984,206.03073120117188,284.9714660644531,24.692211151123047,290.5333251953125,468.9674987792969,68.35739135742188
2022-03-18,160.5171661376953,161.25050354003906,134.92906188964844,125.1155776977539,214.6054229736328,290.0004577636719,26.374191284179688,301.7966613769531,468.1351318359375,68.08910369873047
2022-03-21,161.88763427734375,161.4915008544922,134.90528869628906,124.71369934082031,209.64892578125,288.7746887207031,26.65435028076172,307.0533447265625,469.5595397949219,71.14430236816406
2022-03-22,165.2549591064453,164.88900756835938,138.63864135742188,127.36603546142578,214.7640380859375,293.5045166015625,26.444978713989258,331.32666015625,467.39520263671875,70.8327407836914
2022-03-23,166.61561584472656,163.4080047607422,137.0601806640625,124.8298110961914,211.601806640625,289.09320068359375,25.557628631591797,333.03668212890625,465.46197509765625,71.94922637939453
2022-03-24,170.3940887451172,163.64950561523438,140.32769775390625,125.64248657226562,217.6586151123047,293.54315185546875,28.066131591796875,337.97332763671875,474.9242858886719,72.16559600830078
2022-03-25,171.03036499023438,164.77349853515625,140.42779541015625,126.74089050292969,219.88902282714844,293.1376953125,27.609498977661133,336.8800048828125,474.5265197753906,73.7408218383789
2022-03-28,171.89181518554688,168.99049377441406,140.2122039794922,125.80319213867188,221.6436004638672,299.91400146484375,28.134923934936523,363.9466552734375,474.6837463378906,71.6722640991211
2022-03-29,175.18084716796875,169.31500244140625,141.2529754638672,126.08007049560547,227.85906982421875,304.46051025390625,28.57062339782715,366.5233459472656,472.39910888671875,71.29145812988281
2022-03-30,174.01597595214844,166.30099487304688,140.6909637451172,125.5085220336914,225.8665313720703,302.9643249511719,27.607501983642578,364.663330078125,481.7319030761719,72.51178741455078
2022-03-31,170.92271423339844,162.99749755859375,137.84518432617188,121.73987579345703,220.42433166503906,297.60693359375,27.204702377319336,359.20001220703125,471.6961975097656,71.48184204101562
2022-04-01,170.62905883789062,163.55999755859375,138.91867065429688,120.837890625,222.8926544189453,298.67840576171875,26.632415771484375,361.5299987792969,474.1195373535156,71.94056701660156
2022-04-04,174.67181396484375,168.34649658203125,141.71487426757812,121.37373352050781,231.8539581298828,304.0357971191406,27.27849006652832,381.8166809082031,471.74237060546875,71.97518920898438
2022-04-05,171.36318969726562,164.05499267578125,139.35531616210938,119.96125793457031,229.82180786132812,300.0877990722656,25.853742599487305,363.7533264160156,478.9015808105469,71.60302734375
2022-04-06,168.201416015625,158.75599670410156,135.34783935546875,118.296875,221.3561553955078,289.1028137207031,24.334280014038086,348.586669921875,491.841552734375,72.3992919921875
2022-04-07,168.5048828125,157.7845001220703,134.69415283203125,117.9369888305664,221.00917053222656,290.90789794921875,24.13587760925293,352.4200134277344,496.6512451171875,73.61099243164062
2022-04-08,166.4981689453125,154.4604949951172,132.11599731445312,120.0962142944336,220.3945770263672,286.66064453125,23.05011749267578,341.8299865722656,504.9850158691406,75.16023254394531
2022-04-11,162.24981689453125,151.1219940185547,127.69120025634766,119.65534973144531,214.57569885253906,275.3572082519531,21.851701736450195,325.30999755859375,497.1044921875,72.57239532470703
2022-04-12,164.1194610595703,150.78750610351562,126.59197998046875,118.34184265136719,212.2759246826172,272.2682189941406,21.439931869506836,328.98333740234375,493.6544189453125,74.0870132446289
2022-04-13,166.80157470703125,155.54100036621094,128.75230407714844,114.52727508544922,213.11851501464844,277.63525390625,22.13684844970703,340.7900085449219,496.6974182128906,75.13427734375
2022-04-14,161.7995147705078,151.7064971923828,125.61613464355469,113.46568298339844,208.35035705566406,270.11572265625,21.194664001464844,328.3333435058594,494.68109130859375,76.01709747314453
2022-04-18,161.58416748046875,152.78500366210938,126.55431365966797,115.57090759277344,208.93521118164062,270.7817077636719,21.71810531616211,334.7633361816406,493.9967956542969,76.6402587890625
2022-04-19,163.86495971679688,158.11549377441406,128.86631774902344,117.96399688720703,215.41830444335938,275.3957824707031,22.13186264038086,342.7166748046875,497.34503173828125,75.95651245117188
2022-04-20,163.69857788085938,153.9980010986328,126.91460418701172,118.37784576416016,198.67532348632812,276.41900634765625,21.417997360229492,325.73333740234375,505.0313415527344,76.1296157836914
2022-04-21,162.90565490722656,148.29600524902344,123.71746063232422,117.46018981933594,186.43283081054688,271.0616760253906,20.12286949157715,336.260009765625,497.1044921875,75.32469940185547
2022-04-22,158.37344360351562,144.35000610351562,118.583984375,114.08642578125,182.50729370117188,264.5170593261719,19.456859588623047,335.01666259765625,481.8428649902344,73.68022918701172
2022-04-25,159.44039916992188,146.07400512695312,121.99225616455078,114.05046844482422,185.36224365234375,270.9747619628906,19.84270477294922,332.67333984375,484.92291259765625,71.19624328613281
2022-04-26,153.48878479003906,139.39100646972656,117.60716247558594,110.67671203613281,179.37481689453125,260.8393249511719,18.732025146484375,292.1400146484375,475.2202453613281,71.22220611572266
2022-04-27,153.263671875,138.16700744628906,113.28992462158203,109.23724365234375,173.4270477294922,273.38800048828125,18.360137939453125,293.836669921875,475.2478942871094,73.25613403320312
2022-04-28,160.18438720703125,144.59649658203125,117.48078155517578,110.9646224975586,203.9390869140625,279.5754089355469,19.723064422607422,292.5033264160156,485.06158447265625,75.4718246459961
2022-04-29,154.32081604003906,124.28150177001953,113.10655212402344,107.38396453857422,198.72488403320312,267.8859558105469,18.49174690246582,290.2533264160156,470.3826599121094,73.78409576416016
2022-05-02,154.6243133544922,124.5,115.55831146240234,108.36458587646484,209.29208374023438,274.59466552734375,19.474807739257812,300.9800109863281,463.5381164550781,74.78809356689453
2022-05-03,156.1122283935547,124.25350189208984,116.30271911621094,110.68571472167969,210.1842803955078,271.99798583984375,19.543598175048828,303.0833435058594,462.1229248046875,76.32866668701172
2022-05-04,162.5140838623047,125.92849731445312,121.18641662597656,114.34735107421875,221.46519470214844,279.913330078125,20.273418426513672,317.5400085449219,469.52252197265625,79.3665771484375
2022-05-05,153.45944213867188,116.40699768066406,115.48150634765625,111.48640441894531,206.46690368652344,267.7217712402344,18.787857055664062,291.09332275390625,457.5906677246094,78.16353607177734
2022-05-06,154.1848907470703,114.77249908447266,114.72917175292969,111.30647277832031,201.9961700439453,265.1927185058594,18.619359970092773,288.54998779296875,462.1229248046875,79.35795593261719
2022-05-09,149.06759643554688,108.78900146484375,111.5221176147461,109.6330795288086,194.50198364257812,255.39511108398438,16.899494171142578,262.3699951171875,449.91363525390625,73.100341796875
2022-05-10,151.46939086914062,108.85900115966797,113.38954162597656,106.96110534667969,195.92941284179688,260.144287109375,17.542579650878906,266.67999267578125,451.38427734375,73.58502197265625
2022-05-11,143.6169891357422,105.37200164794922,112.60401916503906,106.28636169433594,187.09698486328125,251.50498962402344,16.580453872680664,244.6666717529297,449.66387939453125,75.11695861816406
2022-05-12,139.7545928955078,106.93049621582031,111.85218048095703,106.1963882446289,189.57522583007812,246.48550415039062,16.126806259155273,242.6666717529297,442.86553955078125,75.4579849243164
2022-05-13,144.21499633789062,113.05500030517578,115.0304946899414,107.14102172851562,196.89100646972656,252.05516052246094,17.653249740600586,256.5299987792969,448.9701232910156,77.69635009765625
2022-05-16,142.6759033203125,110.81050109863281,113.43911743164062,106.39431762695312,198.29861450195312,252.42202758789062,17.21256446838379,241.4566650390625,452.5035095214844,79.52379608154297
2022-05-17,146.30311584472656,115.36849975585938,115.44928741455078,109.9209976196289,200.85617065429688,257.5573425292969,18.122844696044922,253.8699951171875,455.56500244140625,80.53805541992188
2022-05-18,138.04879760742188,107.11250305175781,110.91597747802734,108.04069519042969,190.5665283203125,245.83084106445312,16.887535095214844,236.60333251953125,436.00244140625,79.26146697998047
2022-05-19,134.6470489501953,107.31900024414062,109.41380310058594,106.43928527832031,189.6248016357422,244.92132568359375,17.072978973388672,236.47332763671875,442.6342468261719,79.6899185180664
2022-05-20,134.88235473632812,107.59100341796875,107.95077514648438,105.5666275024414,191.85519409179688,244.36016845703125,16.644258499145508,221.3000030517578,449.275390625,80.31944274902344
2022-05-23,140.29371643066406,107.55699920654297,110.50811004638672,112.09818267822266,194.52178955078125,252.18756103515625,16.84765625,224.96665954589844,455.1487731933594,82.09443664550781
2022-05-24,137.5978546142578,104.0999984741211,105.0385971069336,113.68159484863281,179.70193481445312,251.1909637451172,16.10586929321289,209.3866729736328,460.2174987792969,82.54036712646484
2022-05-25,137.7547149658203,106.7750015258789,104.87504577636719,114.47330474853516,182.22975158691406,253.996826171875,16.92442512512207,219.60000610351562,460.707763671875,84.20166015625
2022-05-26,140.9505157470703,111.07749938964844,106.8450927734375,116.45256805419922,189.96185302734375,257.26708984375,17.797819137573242,235.91000366210938,464.53704833984375,84.49896240234375
2022-05-27,146.69517517089844,115.14649963378906,111.32931518554688,118.09893035888672,193.4313507080078,264.36871337890625,18.754953384399414,253.2100067138672,469.0506896972656,85.32959747314453
2022-05-31,145.91094970703125,120.20950317382812,112.76211547851562,118.9626235961914,191.954345703125,263.0432434082031,18.616365432739258,252.75332641601562,459.4960632324219,83.93934631347656
2022-06-01,145.7835235595703,121.68399810791016,112.89096069335938,116.87539672851562,186.99786376953125,263.5754089355469,18.26541519165039,246.7899932861328,455.5835876464844,85.54818725585938
2022-06-02,148.23431396484375,125.51100158691406,116.58868408203125,118.75569152832031,197.12887573242188,265.665283203125,19.53362464904785,258.3333435058594,455.3153076171875,85.3995361328125
2022-06-03,142.51904296875,122.3499984741211,113.53426361083984,117.10033416748047,189.11923217773438,261.2532653808594,18.664230346679688,234.51666259765625,449.1643981933594,86.6411361694336
2022-06-06,143.2640838623047,124.79000091552734,115.79373168945312,116.71345520019531,192.5590362548828,260.0245361328125,18.730026245117188,238.27999877929688,453.39141845703125,86.42253875732422
2022-06-07,145.7835235595703,123.0,116.11983489990234,117.01936340332031,193.94683837890625,263.65277099609375,18.869617462158203,238.8866729736328,459.79205322265625,90.38345336914062
2022-06-08,145.04827880859375,121.18000030517578,116.1639404296875,115.15704345703125,194.92822265625,261.6305847167969,18.596370697021484,241.86666870117188,456.489990234375,91.45016479492188
2022-06-09,139.83297729492188,116.1500015258789,113.826171875,112.73694610595703,182.39825439453125,256.19317626953125,17.998031616210938,239.7066650390625,452.69769287109375,89.47409057617188
2022-06-10,134.4314422607422,109.6500015258789,110.18446350097656,107.55489349365234,174.04165649414062,244.7761993408203,16.9270076751709,232.22999572753906,448.2579345703125,87.83902740478516
2022-06-13,129.28472900390625,103.66999816894531,105.45738220214844,104.35206604003906,162.83009338378906,234.39459228515625,15.603680610656738,215.73666381835938,434.4483947753906,83.80818939208984
2022-06-14,130.14736938476562,102.30999755859375,105.77754974365234,102.61569213867188,162.30471801757812,236.5521697998047,15.792156219482422,220.88999938964844,427.0950622558594,84.02678680419922
2022-06-15,132.7648468017578,107.66999816894531,108.79975891113281,103.83026885986328,167.8757781982422,243.58615112304688,16.481243133544922,233.0,429.48150634765625,82.96879577636719
2022-06-16,127.50054931640625,103.66000366210938,105.10154724121094,102.0489273071289,159.4696044921875,237.01661682128906,15.557806968688965,213.10000610351562,423.3643493652344,79.90850830078125
2022-06-17,128.97103881835938,106.22000122070312,106.20177459716797,101.6890640258789,162.3146209716797,239.6095733642578,15.836034774780273,216.75999450683594,419.6235046386719,75.30059814453125
2022-06-21,133.19619750976562,108.68000030517578,110.56361389160156,104.20812225341797,155.68287658691406,245.5018768310547,16.520137786865234,237.0366668701172,445.85577392578125,79.98722076416016
2022-06-22,132.68643188476562,108.94999694824219,110.50761413574219,103.62335205078125,154.49330139160156,244.9116668701172,16.31471061706543,236.086669921875,454.544189453125,76.82197570800781
2022-06-23,135.5489959716797,112.44000244140625,111.2554702758789,102.48977661132812,157.3680419921875,250.45562744140625,16.18008041381836,235.07000732421875,463.947265625,74.50491333007812
2022-06-24,138.87225341796875,116.45999908447266,116.9380874633789,105.54862213134766,168.67872619628906,259.00860595703125,17.078584671020508,245.7066650390625,460.0765380859375,75.98258972167969
2022-06-27,138.87225341796875,113.22000122070312,114.81541442871094,104.70294189453125,168.01458740234375,256.2898864746094,16.822296142578125,244.9199981689453,469.3775939941406,77.8449935913086
2022-06-28,134.73532104492188,107.4000015258789,111.02302551269531,104.19912719726562,159.28126525878906,248.15293884277344,15.937752723693848,232.663330078125,471.9580993652344,80.00468444824219
2022-06-29,136.4900665283203,108.91999816894531,110.71971893310547,103.73129272460938,162.5128936767578,251.8101806640625,15.498970031738281,228.49000549316406,478.7064208984375,77.04933166503906
2022-06-30,134.02947998046875,106.20999908447266,108.00528717041016,101.31120300292969,159.84629821777344,248.49154663085938,15.117027282714844,224.47332763671875,476.77569580078125,74.88089752197266
2022-07-01,136.19598388671875,109.55999755859375,107.78176879882812,102.60671997070312,158.63690185546875,251.15223693847656,14.482789993286133,227.26333618164062,480.27520751953125,76.55094146728516
2022-07-05,138.77423095703125,113.5,112.26750183105469,102.21643829345703,166.7259063720703,254.3160858154297,14.92257022857666,233.06666564941406,468.98773193359375,74.1551742553711
2022-07-06,140.10745239257812,114.33000183105469,113.56499481201172,101.55387115478516,168.29212951660156,257.5669860839844,15.08811092376709,231.73333740234375,478.31658935546875,72.8173828125
2022-07-07,143.46998596191406,116.33000183105469,117.73898315429688,104.12245178222656,170.6910858154297,259.6859130859375,15.814094543457031,244.5433349609375,477.4718933105469,75.1432113647461
2022-07-08,144.14637756347656,115.54000091552734,118.30447387695312,103.79571533203125,169.39247131347656,258.969970703125,15.79415225982666,250.76333618164062,481.41693115234375,75.26561737060547
2022-07-11,142.01907348632812,111.75,114.6597900390625,102.43425750732422,161.4620819091797,255.9221954345703,15.110051155090332,234.3433380126953,479.8575134277344,74.88089752197266
2022-07-12,142.9896240234375,109.22000122070312,113.01834106445312,102.53411865234375,161.84873962402344,245.4341583251953,15.040244102478027,233.07000732421875,477.50897216796875,73.88410949707031
2022-07-13,142.6269073486328,110.4000015258789,110.3747787475586,101.57205200195312,162.06680297851562,244.51498413085938,15.122017860412598,237.0399932861328,465.27471923828125,74.18138885498047
2022-07-14,145.54823303222656,110.62999725341797,109.39745330810547,98.02323150634766,156.6741180419922,245.83084106445312,15.329442024230957,238.31333923339844,466.37939453125,72.69497680664062
2022-07-15,147.2147979736328,113.55000305175781,110.79505157470703,102.51595306396484,163.2662811279297,248.38511657714844,15.718361854553223,240.06666564941406,491.739013671875,73.9190902709961
2022-07-18,144.17578125,113.76000213623047,108.07169342041016,101.46312713623047,165.7742462158203,245.99530029296875,16.056425094604492,240.54666137695312,482.103759765625,75.28308868408203
2022-07-19,148.02847290039062,118.20999908447266,112.80968475341797,103.97723388671875,174.2498016357422,251.10386657714844,16.944955825805664,245.52999877929688,495.1735534667969,77.18047332763672
2022-07-20,150.02828979492188,122.7699966430664,112.89891052246094,103.95909118652344,181.49615478515625,253.7549285888672,17.75769805908203,247.5,482.196533203125,78.02861022949219
2022-07-21,152.29286193847656,124.62999725341797,113.33503723144531,104.66704559326172,181.57546997070312,256.2414855957031,18.000028610229492,271.7066650390625,484.97216796875,76.72582244873047
2022-07-22,151.0576629638672,122.41999816894531,106.9516372680664,104.15873718261719,167.79647827148438,251.90687561035156,17.27105140686035,272.24334716796875,483.9973449707031,76.13999938964844
2022-07-25,149.94009399414062,121.13999938964844,106.5650634765625,104.5762710571289,165.1992950439453,250.42662048339844,16.97686767578125,268.4333190917969,491.47906494140625,78.67564392089844
2022-07-26,148.6166229248047,114.80999755859375,104.09693145751953,102.94253540039062,157.76455688476562,243.7216033935547,16.487226486206055,258.8599853515625,493.44708251953125,78.36962127685547
2022-07-27,153.70452880859375,120.97000122070312,112.06627655029297,104.59442138671875,168.10379028320312,260.0148010253906,17.740747451782227,274.82000732421875,496.2503356933594,80.06588745117188
2022-07-28,154.25347900390625,122.27999877929688,113.2160873413086,104.20413970947266,159.32090759277344,267.4358215332031,17.934207916259766,280.8999938964844,502.6366882324219,81.00148010253906
2022-07-29,159.31195068359375,134.9499969482422,115.29763793945312,104.70332336425781,157.71502685546875,271.6252136230469,18.112716674804688,297.1499938964844,503.42572021484375,84.75252532958984
2022-08-01,158.33160400390625,135.38999938964844,113.85047149658203,103.6595687866211,158.5377655029297,268.98388671875,18.38994789123535,297.27667236328125,496.9650573730469,82.61030578613281
2022-08-02,156.86111450195312,134.16000366210938,114.11808013916016,102.04399871826172,158.79551696777344,265.8974609375,18.474706649780273,300.586669921875,497.039306640625,82.2518310546875
2022-08-03,162.8607177734375,139.52000427246094,117.04216003417969,103.11498260498047,167.33056640625,273.2991027832031,18.84069061279297,307.39666748046875,501.8570251464844,79.58497619628906
2022-08-04,162.5469970703125,142.57000732421875,117.15119934082031,101.98045349121094,169.0851593017578,274.4407653808594,19.161800384521484,308.6333312988281,495.4519958496094,76.23616027832031
2022-08-05,162.32122802734375,140.8000030517578,116.43753051757812,105.06637573242188,165.65528869628906,273.72479248046875,18.936429977416992,288.1700134277344,496.6679382324219,77.3378677368164
2022-08-08,161.85000610351562,139.41000366210938,116.2690200805664,103.78662872314453,168.7679443359375,271.2188720703125,17.743738174438477,290.42333984375,498.09747314453125,77.77503204345703
2022-08-09,161.8990936279297,137.8300018310547,115.60490417480469,104.72148132324219,167.06292724609375,273.1346130371094,17.03868865966797,283.3333435058594,498.7101135253906,79.20901489257812
2022-08-10,166.1400146484375,142.69000244140625,118.64791870117188,107.45343017578125,176.78753662109375,279.7718505859375,18.04689598083496,294.3566589355469,499.1371765136719,79.9609603881836
2022-08-11,165.4037322998047,140.63999938964844,117.79547882080078,109.0417709350586,175.9449462890625,277.70135498046875,17.8923282623291,286.6300048828125,494.6260070800781,82.27407836914062
2022-08-12,168.9475860595703,143.5500030517578,120.61051940917969,110.84794616699219,178.9287109375,282.4326477050781,18.65719985961914,300.0299987792969,504.68798828125,82.98919677734375
2022-08-15,170.01760864257812,143.17999267578125,121.00699615478516,111.14745330810547,179.3153076171875,283.9419860839844,18.979310989379883,309.32000732421875,505.5605773925781,81.5059814453125
2022-08-16,169.8605499267578,144.77999877929688,120.6303482055664,112.2093734741211,177.90769958496094,283.20660400390625,18.826732635498047,306.5633239746094,506.9344177246094,80.74671173095703
2022-08-17,171.35269165039062,142.10000610351562,118.4992446899414,111.26542663574219,173.32791137695312,282.4600524902344,18.284236907958984,303.9966735839844,505.8946533203125,81.40003204345703
2022-08-18,170.95999145507812,142.3000030517578,119.11378479003906,110.40320587158203,173.13958740234375,281.34503173828125,18.721025466918945,302.8699951171875,506.0990295410156,83.32466888427734
2022-08-19,168.3782196044922,138.22999572753906,116.1798095703125,107.67125701904297,166.4978790283203,277.44732666015625,17.799583435058594,296.6666564941406,508.9765930175781,83.05982208251953
2022-08-22,164.50054931640625,133.22000122070312,113.23591613769531,105.89232635498047,161.63063049316406,269.302734375,16.986841201782227,289.913330078125,505.4956970214844,82.99803161621094
2022-08-23,164.1667938232422,133.6199951171875,112.8592529296875,104.84854888916016,159.70751953125,268.0325927734375,17.13343620300293,296.4533386230469,497.3548278808594,86.52064514160156
2022-08-24,164.46127319335938,133.8000030517578,112.69075012207031,105.10269165039062,161.83877563476562,267.4023742675781,17.174318313598633,297.0966796875,497.9676513671875,87.03270721435547
2022-08-25,166.91546630859375,137.27999877929688,115.62472534179688,107.59864807128906,167.3107452392578,270.3692626953125,17.8634033203125,296.07000732421875,502.7110290527344,87.48295593261719
2022-08-26,160.62294006347656,130.75,109.37017822265625,104.07707214355469,160.37168884277344,259.9365234375,16.214982986450195,288.0899963378906,491.2749328613281,86.40587615966797
2022-08-29,158.4239501953125,129.7899932861328,108.4582748413086,103.82293701171875,157.78439331054688,257.16357421875,15.757253646850586,284.82000732421875,491.7575988769531,88.392333984375
2022-08-30,155.99916076660156,128.72999572753906,107.98251342773438,103.84110260009766,155.7919158935547,254.97222900390625,15.425176620483398,277.70001220703125,485.3248596191406,85.02861022949219
2022-08-31,154.3401336669922,126.7699966430664,107.26882934570312,103.22390747070312,161.51168823242188,253.5178985595703,15.052210807800293,275.6099853515625,482.06671142578125,84.3929443359375
2022-09-01,155.0666046142578,127.81999969482422,108.77546691894531,103.93183898925781,163.92051696777344,252.48045349121094,13.898415565490723,277.1600036621094,486.401611328125,82.8744125366211
2022-09-02,152.9559326171875,127.51000213623047,106.90208435058594,103.20575714111328,158.9243927001953,248.2724151611328,13.609216690063477,270.2099914550781,479.3004455566406,84.3929443359375
2022-09-06,151.69943237304688,126.11000061035156,105.8712158203125,103.23298645019531,157.15988159179688,245.54788208007812,13.427722930908203,274.4200134277344,480.5350646972656,83.82791137695312
2022-09-07,153.1032257080078,129.47999572753906,108.48800659179688,105.19344329833984,158.9937744140625,250.2406768798828,13.680095672607422,283.70001220703125,484.2480773925781,83.11280059814453
2022-09-08,151.6306610107422,129.82000732421875,107.42742156982422,107.64402770996094,160.64926147460938,250.65760803222656,13.955412864685059,289.260009765625,489.6597900390625,83.7926025390625
2022-09-09,154.48741149902344,133.27000427246094,109.67747497558594,108.16136932373047,167.67752075195312,256.4169616699219,14.35142993927002,299.67999267578125,488.24444580078125,85.19635009765625
2022-09-12,160.43637084960938,136.4499969482422,109.88561248779297,109.44113159179688,167.4892120361328,258.5403137207031,14.469141006469727,304.4200134277344,494.67864990234375,86.17632293701172
2022-09-13,151.02203369140625,126.81999969482422,103.40310668945312,105.63819122314453,151.79698181152344,244.3262176513672,13.098536491394043,292.1300048828125,478.5789489746094,84.16339874267578
2022-09-14,152.46510314941406,128.5500030517578,104.07713317871094,105.39311981201172,150.15142822265625,244.5491943359375,13.09554386138916,302.6099853515625,474.67742919921875,86.22929382324219
2022-09-15,149.57894897460938,126.27999877929688,102.00550079345703,106.9814682006836,148.24813842773438,237.917236328125,12.897035598754883,303.75,486.9128723144531,83.72196197509766
2022-09-16,147.9395751953125,123.52999877929688,101.89646911621094,106.26443481445312,145.01651000976562,237.2966766357422,13.16537094116211,303.3500061035156,485.1529541015625,82.29173278808594
2022-09-19,151.6503143310547,124.66000366210938,102.1640853881836,107.24468994140625,146.73147583007812,237.08338928222656,13.348916053771973,309.07000732421875,487.5087890625,82.28289794921875
2022-09-20,154.0260009765625,122.19000244140625,100.25104522705078,105.12992858886719,144.81825256347656,235.0763397216797,13.143425941467285,308.7300109863281,486.8103942871094,81.61194610595703
2022-09-21,150.90426635742188,118.54000091552734,98.40739440917969,102.09847259521484,140.88282775878906,231.68275451660156,13.228215217590332,300.79998779296875,476.8283996582031,80.29646301269531
2022-09-22,149.9422149658203,117.30999755859375,99.25984191894531,100.93670654296875,141.5767364501953,233.65103149414062,12.529945373535156,288.5899963378906,481.8381042480469,79.9609603881836
2022-09-23,147.67453002929688,113.77999877929688,97.87213897705078,99.05792236328125,139.187744140625,230.68411254882812,12.485055923461914,275.3299865722656,478.25299072265625,75.70556640625
2022-09-26,148.00830078125,115.1500015258789,97.30715942382812,96.92501068115234,135.182861328125,230.2283935546875,12.197768211364746,276.010009765625,473.36444091796875,74.14289855957031
2022-09-27,148.9801788330078,114.41000366210938,96.64303588867188,96.07183837890625,133.23004150390625,229.2200469970703,12.382308959960938,282.94000244140625,473.373779296875,75.69673919677734
2022-09-28,147.09532165527344,118.01000213623047,99.17064666748047,98.0141372680664,140.3772735595703,233.73831176757812,12.704513549804688,287.80999755859375,478.5603332519531,78.45127868652344
2022-09-29,139.8701171875,114.80000305175781,96.56375122070312,96.35321044921875,135.2225341796875,230.2769012451172,12.189790725708008,268.2099914550781,473.8020935058594,78.29237365722656
2022-09-30,135.6685333251953,113.0,94.80929565429688,94.84657287597656,134.49888610839844,225.8167724609375,12.108989715576172,265.25,470.27301025390625,77.08283233642578
2022-10-03,139.84068298339844,115.87999725341797,97.77301788330078,97.7781753540039,137.40338134765625,233.41835021972656,12.48106861114502,242.39999389648438,480.02227783203125,81.15283203125
2022-10-04,143.42384338378906,121.08999633789062,100.74664306640625,102.35256958007812,139.058837890625,241.31077575683594,13.134448051452637,249.44000244140625,487.15496826171875,84.11042785644531
2022-10-05,143.7183380126953,120.94999694824219,100.53849792480469,101.0888671875,137.77017211914062,241.6210174560547,13.176342964172363,240.80999755859375,490.7864685058594,87.50945281982422
2022-10-06,142.7660675048828,120.30000305175781,100.5285873413086,99.02843475341797,137.85940551757812,239.28433227539062,13.097538948059082,238.1300048828125,483.39306640625,90.10506439208984
2022-10-07,137.52394104003906,114.55999755859375,97.81267547607422,97.05044555664062,132.2882843017578,227.1160430908203,12.046143531799316,223.07000732421875,470.0960388183594,89.19573211669922
2022-10-10,137.84786987304688,113.66999816894531,96.99988555908203,96.14385223388672,132.6253204345703,222.27777099609375,11.641148567199707,222.9600067138672,464.51849365234375,87.26224517822266
2022-10-11,136.4342803955078,112.20999908447266,96.32585144042969,93.36915588378906,127.42102813720703,218.55458068847656,11.557355880737305,216.5,465.4030456542969,86.52064514160156
2022-10-12,135.80596923828125,112.9000015258789,96.70252227783203,94.88011932373047,126.39008331298828,218.88426208496094,11.471569061279297,217.24000549316406,465.5427551269531,86.9002685546875
2022-10-13,140.3708038330078,112.52999877929688,98.18932342529297,100.15481567382812,129.15579223632812,227.1160430908203,11.930432319641113,221.72000122070312,474.8077087402344,89.93733978271484
2022-10-14,135.84523010253906,106.9000015258789,95.7113037109375,101.82144927978516,125.65653228759766,221.6087646484375,11.199246406555176,204.99000549316406,477.80615234375,87.5712661743164
2022-10-17,139.8014373779297,113.79000091552734,99.0913314819336,106.09796905517578,132.87315368652344,230.30596923828125,11.85860824584961,219.35000610351562,485.9537353515625,88.83374786376953
2022-10-18,141.11683654785156,116.36000061035156,99.8843002319336,108.8268814086914,131.64395141601562,231.24649047851562,11.937414169311523,220.19000244140625,486.2610168457031,88.99267578125
2022-10-19,141.22483825683594,115.06999969482422,98.75433349609375,106.6932144165039,132.0701904296875,229.28790283203125,12.021207809448242,222.0399932861328,484.50115966796875,91.6324234008789
2022-10-20,140.76345825195312,115.25,99.0913314819336,106.34523010253906,130.385009765625,228.9679412841797,12.163851737976074,207.27999877929688,485.0225830078125,91.75602722167969
2022-10-21,144.5723876953125,119.31999969482422,100.24113464355469,111.93128204345703,128.87823486328125,234.75634765625,12.4351806640625,214.44000244140625,496.988037109375,93.45994567871094
2022-10-24,146.7124786376953,119.81999969482422,101.61893463134766,112.06861114501953,128.59078979492188,239.73033142089844,12.567852973937988,211.25,504.3162841796875,94.11328125
2022-10-25,149.54954528808594,120.5999984741211,103.56169128417969,112.36164855957031,136.3129425048828,243.03662109375,13.228215217590332,222.4199981689453,503.0311584472656,93.47761535644531
2022-10-26,146.61431884765625,115.66000366210938,94.09562683105469,113.65286254882812,128.68992614746094,224.2847900390625,12.864117622375488,224.63999938964844,505.778076171875,94.59003448486328
2022-10-27,142.1476287841797,110.95999908447266,91.40945434570312,114.10157012939453,97.0874252319336,219.85382080078125,13.143425941467285,225.08999633789062,504.50250244140625,94.95199584960938
2022-10-28,152.8872528076172,103.41000366210938,95.44367218017578,115.45686340332031,98.3364486694336,228.69644165039062,13.799798011779785,228.52000427246094,513.2926025390625,97.73301696777344
2022-10-31,150.53118896484375,102.44000244140625,93.6793212890625,115.27371978759766,92.34904479980469,225.0701904296875,13.463630676269531,227.5399932861328,516.9334716796875,97.83012390136719
2022-11-01,147.8905029296875,96.79000091552734,89.6748275756836,117.35245513916016,94.37126159667969,221.2306365966797,13.50951862335205,227.82000732421875,509.6331787109375,98.80128479003906
2022-11-02,142.3734130859375,92.12000274658203,86.20559692382812,116.27188110351562,89.75183868408203,213.40609741210938,13.186320304870605,214.97999572753906,506.0202941894531,96.77070617675781
2022-11-03,136.3361053466797,89.30000305175781,82.69670104980469,116.48249816894531,88.13603973388672,207.73397827148438,13.38782024383545,215.30999755859375,506.18792724609375,98.08617401123047
2022-11-04,136.07057189941406,90.9800033569336,85.81902313232422,119.66928100585938,89.99967193603516,214.65684509277344,14.121004104614258,207.47000122070312,501.1223449707031,99.15442657470703
2022-11-07,136.60154724121094,90.52999877929688,87.71223449707031,120.30115509033203,95.8780517578125,220.93978881835938,14.265645027160645,197.0800018310547,507.5007629394531,100.32864379882812
2022-11-08,137.17189025878906,89.9800033569336,88.11863708496094,120.37440490722656,95.6302261352539,221.90931701660156,14.565900802612305,191.3000030517578,514.9779663085938,100.6464614868164
2022-11-09,132.61915588378906,86.13999938964844,86.5525131225586,118.8084945678711,100.5866928100586,217.68194580078125,13.741942405700684,177.58999633789062,503.4407958984375,96.14386749267578
2022-11-10,144.41888427734375,96.62999725341797,93.11433410644531,123.69855499267578,110.89615631103516,235.59019470214844,15.711061477661133,190.72000122070312,506.7093505859375,97.55644226074219
2022-11-11,147.20166015625,100.79000091552734,95.56262969970703,123.89999389648438,112.03614044189453,239.5946044921875,16.286638259887695,195.97000122070312,486.1401062011719,100.6023178100586
2022-11-14,145.80538940429688,98.48999786376953,94.85884857177734,122.62715148925781,113.22569274902344,234.20372009277344,16.25471305847168,190.9499969482422,478.3835144042969,100.8960189819336
2022-11-15,147.53598022460938,98.94000244140625,97.57478332519531,121.7388687133789,116.06080627441406,234.61090087890625,16.62479591369629,194.4199981689453,468.38275146484375,101.5723876953125
2022-11-16,146.30685424804688,97.12000274658203,97.98119354248047,121.90371704101562,112.24432373046875,235.0387420654297,15.870664596557617,186.9199981689453,476.3069152832031,100.48662567138672
2022-11-17,148.2046356201172,94.8499984741211,97.4954833984375,121.37256622314453,110.47981262207031,234.9901123046875,15.638243675231934,183.1699981689453,479.83599853515625,100.62012481689453
2022-11-18,148.76512145996094,94.13999938964844,96.57365417480469,122.56304168701172,111.07459259033203,234.54287719726562,15.370905876159668,180.19000244140625,493.5147399902344,99.74795532226562
2022-11-21,145.53988647460938,92.45999908447266,94.7597427368164,121.83961486816406,108.90365600585938,235.3498992919922,15.279133796691895,167.8699951171875,481.58660888671875,98.76010131835938
2022-11-22,147.67364501953125,93.19999694824219,96.19700622558594,123.66191101074219,110.46990966796875,238.2473907470703,15.998350143432617,169.91000366210938,487.08050537109375,101.61688232421875
2022-11-23,148.548828125,94.12999725341797,97.5946044921875,124.98059844970703,111.26294708251953,240.72683715820312,16.478160858154297,183.1999969482422,493.2447509765625,101.10960388183594
2022-11-25,145.6382293701172,93.41000366210938,96.60340118408203,125.21870422363281,110.44015502929688,240.63929748535156,16.22977638244629,182.86000061035156,500.6101379394531,100.75362396240234
2022-11-28,141.81314086914062,93.94999694824219,95.2057876586914,123.03006744384766,107.83305358886719,235.06793212890625,15.787871360778809,182.9199981689453,495.62847900390625,97.72770690917969
2022-11-29,138.8140411376953,92.41999816894531,94.35335540771484,125.05387878417969,108.50714111328125,233.67750549316406,15.600337982177734,180.8300018310547,491.6524658203125,98.37739562988281
2022-11-30,145.55953979492188,96.54000091552734,100.10237884521484,126.53736877441406,117.07192993164062,248.07754516601562,16.885482788085938,194.6999969482422,510.0520935058594,99.08936309814453
2022-12-01,145.8348388671875,95.5,100.10237884521484,124.76083374023438,119.39154815673828,247.6400146484375,17.09701156616211,194.6999969482422,499.9489440917969,98.6087875366211
2022-12-02,145.3432159423828,94.12999725341797,99.55718994140625,123.77182006835938,122.41500091552734,247.9608612060547,16.83858299255371,194.86000061035156,500.7897033691406,97.772216796875
2022-12-05,144.18289184570312,91.01000213623047,98.60562896728516,120.30115509033203,121.36422729492188,243.2742919921875,16.57317352294922,182.4499969482422,499.74371337890625,95.09339904785156
2022-12-06,140.52500915527344,88.25,96.12761688232422,120.50260925292969,113.12657165527344,238.3349151611328,15.951557159423828,179.82000732421875,503.7413024902344,92.45018005371094
2022-12-07,138.58790588378906,88.45999908447266,94.10555267333984,120.42020416259766,112.93822479248047,237.6056365966797,16.08426284790039,174.0399932861328,507.0943908691406,92.24549865722656
2022-12-08,140.26931762695312,90.3499984741211,92.88636016845703,121.6839370727539,114.3260269165039,240.55181884765625,17.130935668945312,173.44000244140625,511.7738342285156,92.9307861328125
2022-12-09,139.78750610351562,89.08999633789062,92.01409149169922,121.02459716796875,114.89107513427734,238.6265869140625,16.963308334350586,179.0500030517578,503.629150390625,92.14759826660156
2022-12-12,142.07861328125,90.55000305175781,92.4898681640625,122.90187072753906,113.71141815185547,245.52035522460938,17.496126174926758,167.82000732421875,509.849853515625,94.41703033447266
2022-12-13,143.04225158691406,92.48999786376953,94.78947448730469,122.78282165527344,119.10408782958984,249.8083038330078,18.03193473815918,160.9499969482422,502.7137756347656,95.44938659667969
2022-12-14,140.81996154785156,91.58000183105469,94.23440551757812,122.16928100585938,120.53153228759766,250.0999755859375,17.63481903076172,156.8000030517578,502.844482421875,94.74630737304688
2022-12-15,134.22193908691406,88.44999694824219,90.06141662597656,119.13816833496094,115.13890075683594,242.11721801757812,16.914413452148438,157.6699981689453,492.86907958984375,93.83855438232422
2022-12-16,132.2651824951172,87.86000061035156,89.46668243408203,118.39642333984375,118.39036560058594,237.9168243408203,16.534259796142578,150.22999572753906,489.1517028808594,93.17998504638672
2022-12-19,130.160888671875,84.91999816894531,87.66266632080078,119.10152435302734,113.48344421386719,233.79417419433594,16.217966079711914,149.8699951171875,489.0583190917969,93.59825897216797
2022-12-20,130.092041015625,85.19000244140625,88.23757934570312,119.6784439086914,116.07072448730469,235.1068115234375,16.049339294433594,137.8000030517578,485.8919372558594,94.95101165771484
2022-12-21,133.18948364257812,86.7699966430664,88.79264831542969,121.02459716796875,118.71747589111328,237.66397094726562,16.464412689208984,137.57000732421875,492.7383728027344,96.1702651977539
2022-12-22,130.02320861816406,83.79000091552734,86.9886474609375,119.65098571777344,116.10044860839844,231.59674072265625,15.30499267578125,125.3499984741211,492.3181457519531,94.23014068603516
2022-12-23,129.6593780517578,85.25,88.44573211669922,120.21875762939453,117.01243591308594,232.12179565429688,15.17228889465332,123.1500015258789,496.2596740722656,96.72206115722656
2022-12-27,127.85992431640625,83.04000091552734,86.62189483642578,120.63997650146484,115.86254119873047,230.4007568359375,14.089693069458008,109.0999984741211,496.8948059082031,98.06591033935547
2022-12-28,123.93653869628906,81.81999969482422,85.26395416259766,121.2993392944336,114.61353302001953,228.03802490234375,14.0048828125,112.70999908447266,493.5882873535156,96.45504760742188
2022-12-29,127.44695281982422,84.18000030517578,87.67257690429688,121.99527740478516,119.21312713623047,234.3386688232422,14.570626258850098,121.81999969482422,494.9240417480469,97.1848373413086
2022-12-30,127.7615966796875,84.0,87.45453643798828,122.80113983154297,119.29242706298828,233.18161010742188,14.5816011428833,123.18000030517578,495.2042236328125,98.16380310058594
2023-01-03,122.98271942138672,85.81999969482422,88.33670043945312,123.7352066040039,123.65412139892578,232.94827270507812,14.283262252807617,108.0999984741211,484.4255065917969,94.79082489013672
2023-01-04,124.25118255615234,85.13999938964844,87.30583953857422,124.88904571533203,126.26122283935547,222.7583770751953,14.716300010681152,113.63999938964844,471.21832275390625,95.06670379638672
2023-01-05,122.93354797363281,83.12000274658203,85.44237518310547,124.86136627197266,125.8349609375,216.1562957763672,14.233373641967773,110.33999633789062,457.6375427246094,97.19373321533203
2023-01-06,127.456787109375,86.08000183105469,86.57234191894531,127.25064086914062,128.88815307617188,218.70375061035156,14.826058387756348,113.05999755859375,457.6748962402344,98.36849975585938
2023-01-09,127.97792053222656,87.36000061035156,87.2463607788086,126.72480773925781,128.34295654296875,220.83319091796875,15.593352317810059,119.7699966430664,457.7309875488281,96.53517150878906
2023-01-10,128.5482635498047,89.87000274658203,87.64285278320312,127.8595199584961,131.83230590820312,222.51528930664062,15.873727798461914,118.8499984741211,453.93878173828125,97.97689819335938
2023-01-11,131.26219177246094,95.08999633789062,90.7155990600586,128.80967712402344,131.733154296875,229.24371337890625,15.965521812438965,123.22000122070312,460.8506164550781,99.11607360839844
2023-01-12,131.18353271484375,95.2699966430664,90.32903289794922,128.6805419921875,135.51992797851562,231.90789794921875,16.474397659301758,123.55999755859375,462.97088623046875,100.76252746582031
2023-01-13,132.510986328125,98.12000274658203,91.31034088134766,131.92774963378906,135.7875518798828,232.60794067382812,16.861536026000977,122.4000015258789,457.2733154296875,100.7002182006836
2023-01-17,133.67129516601562,96.05000305175781,90.48761749267578,129.88900756835938,134.1816864013672,233.6969451904297,17.662752151489258,131.49000549316406,453.0794372558594,100.50442504882812
2023-01-18,132.95350646972656,95.45999908447266,90.3191146850586,125.98682403564453,131.86204528808594,229.28260803222656,17.33847427368164,128.77999877929688,444.8226013183594,98.439697265625
2023-01-19,133.01246643066406,93.68000030517578,92.2321548461914,124.30782318115234,134.9647979736328,225.51002502441406,16.727832794189453,127.16999816894531,452.4069519042969,99.07157135009766
2023-01-20,135.56910705566406,97.25,97.15847778320312,124.6122817993164,138.15676879882812,233.57054138183594,17.79945182800293,133.4199981689453,454.6112976074219,100.87820434570312
2023-01-23,138.75502014160156,97.5199966430664,98.91292572021484,126.6325454711914,142.02281188964844,235.86520385742188,19.150449752807617,143.75,453.76129150390625,100.35313415527344
2023-01-24,140.15133666992188,96.31999969482422,96.84129333496094,127.72110748291016,141.89393615722656,235.34014892578125,19.222288131713867,143.88999938964844,459.16937255859375,101.28761291503906
2023-01-25,139.4925079345703,97.18000030517578,94.38309478759766,128.3391876220703,140.2682342529297,233.94972229003906,19.280160903930664,144.42999267578125,460.0099792480469,100.75362396240234
2023-01-26,141.5574493408203,99.22000122070312,96.66287231445312,129.132568359375,146.0177764892578,241.1352081298828,19.75809669494629,160.27000427246094,459.99127197265625,104.80299377441406
2023-01-27,143.4945526123047,102.23999786376953,98.49661254882812,129.44619750976562,150.4190673828125,241.29075622558594,20.31985092163086,177.89999389648438,453.9854736328125,102.8895492553711
2023-01-30,140.61349487304688,100.55000305175781,96.08796691894531,128.3484344482422,145.77978515625,235.9915771484375,19.119518280029297,166.66000366210938,453.7425842285156,101.06510162353516
2023-01-31,141.88194274902344,103.12999725341797,97.97126007080078,129.11412048339844,147.67320251464844,240.95040893554688,19.493690490722656,173.22000122070312,466.25860595703125,103.24553680419922
2023-02-01,143.00291442871094,105.1500015258789,99.54728698730469,128.77276611328125,151.7870635986328,245.75372314453125,20.896570205688477,181.41000366210938,464.2131042480469,102.11526489257812
2023-02-02,148.30296325683594,112.91000366210938,106.79304504394531,128.1731414794922,187.12673950195312,257.27569580078125,21.66086769104004,188.27000427246094,439.7695007324219,98.92029571533203
2023-02-03,151.92152404785156,103.38999938964844,103.85905456542969,130.1565704345703,184.90621948242188,251.1986846923828,21.05321502685547,189.97999572753906,440.8810119628906,99.60556030273438
2023-02-06,149.19776916503906,102.18000030517578,101.99559020996094,130.92221069335938,184.44033813476562,249.6624298095703,21.042247772216797,194.75999450683594,443.88861083984375,99.43645477294922
2023-02-07,152.06907653808594,102.11000061035156,106.69392395019531,132.51815795898438,189.951904296875,260.1537170410156,22.123844146728516,196.80999755859375,445.4203796386719,102.27547454833984
2023-02-08,149.3845977783203,100.05000305175781,98.49661254882812,131.58644104003906,181.8332061767578,259.3467102050781,22.155771255493164,201.2899932861328,451.3421630859375,101.38548278808594
2023-02-09,148.35211181640625,98.23999786376953,94.1749267578125,129.53846740722656,176.3711700439453,256.32275390625,22.287479400634766,207.32000732421875,453.68658447265625,101.7681884765625
2023-02-10,148.7165069580078,97.61000061035156,93.7387924194336,130.1104278564453,172.6339874267578,255.81723022460938,21.21785545349121,196.88999938964844,461.6445007324219,106.05785369873047
2023-02-13,151.51339721679688,99.54000091552734,93.77845001220703,131.52183532714844,177.8680419921875,263.8096618652344,21.739694595336914,194.63999938964844,462.6719970703125,105.64530944824219
2023-02-14,150.87327575683594,99.69999694824219,93.84783935546875,132.10302734375,177.91758728027344,264.6361999511719,22.920076370239258,209.25,460.3182373046875,104.4076919555664
2023-02-15,152.97091674804688,101.16000366210938,96.08796691894531,132.6565399169922,175.61781311035156,262.52093505859375,22.713529586791992,214.24000549316406,458.8424377441406,104.09380340576172
2023-02-16,151.37551879882812,98.1500015258789,94.6705322265625,130.83001708984375,170.93890380859375,255.53199768066406,21.953222274780273,202.0399932861328,455.1997375488281,103.78887939453125
2023-02-17,150.233154296875,97.19999694824219,93.5207290649414,131.21742248535156,171.37506103515625,251.54519653320312,21.340585708618164,208.30999755859375,466.1559143066406,99.79804992675781
2023-02-21,146.2249298095703,94.58000183105469,90.98323059082031,128.80967712402344,170.58203125,246.29124450683594,20.609207153320312,197.3699951171875,458.8984375,99.69939422607422
2023-02-22,146.64842224121094,95.79000091552734,90.84446716308594,127.82260131835938,169.63037109375,245.16055297851562,20.70798683166504,200.86000061035156,456.6380920410156,98.4079818725586
2023-02-23,147.13096618652344,95.81999969482422,90.09113311767578,128.84652709960938,170.5423583984375,248.33827209472656,23.61153793334961,202.07000732421875,459.2533874511719,99.31376647949219
2023-02-24,144.4818115234375,93.5,88.34661865234375,130.00894165039062,168.90672302246094,242.92837524414062,23.234371185302734,196.8800048828125,452.3788757324219,99.3227310180664
2023-02-27,145.67344665527344,93.76000213623047,89.08010864257812,131.1436309814453,168.0641326904297,243.84466552734375,23.448894500732422,207.6300048828125,451.4355163574219,99.14337158203125
2023-02-28,145.1712188720703,94.2300033569336,89.26844024658203,132.24139404296875,173.4171142578125,243.12330627441406,23.164525985717773,205.7100067138672,444.5423889160156,98.56939697265625
2023-03-01,143.10305786132812,92.16999816894531,89.5657958984375,131.50343322753906,171.91033935546875,240.0528106689453,22.64767837524414,202.77000427246094,443.8699035644531,99.44828796386719
2023-03-02,143.6940155029297,92.12999725341797,91.19140625,130.13809204101562,173.0106964111328,244.77064514160156,23.262311935424805,190.89999389648438,446.186279296875,99.90568542480469
2023-03-03,148.73619079589844,94.9000015258789,92.82688903808594,132.5273895263672,183.6373748779297,248.84512329101562,23.837032318115234,197.7899932861328,446.98956298828125,101.17017364501953
2023-03-06,151.4936981201172,93.75,94.29387664794922,131.75250244140625,183.2904052734375,250.38522338867188,23.501785278320312,193.80999755859375,449.0631408691406,102.0669937133789
2023-03-07,149.2975311279297,93.55000305175781,93.0350341796875,127.87796020507812,182.90382385253906,247.73387145996094,23.240314483642578,187.7100067138672,442.6183776855469,100.09398651123047
2023-03-08,150.5482940673828,93.91999816894531,93.42161560058594,127.12149047851562,183.3598175048828,247.29522705078125,24.131486892700195,182.0,439.5547790527344,98.63218688964844
2023-03-09,148.30291748046875,92.25,91.50856018066406,120.23959350585938,180.10838317871094,245.9501190185547,23.38801383972168,172.9199981689453,434.2400817871094,97.86988830566406
2023-03-10,146.24465942382812,90.7300033569336,89.83341979980469,123.2930908203125,177.9473419189453,242.3142547607422,22.91797637939453,173.44000244140625,431.4935607910156,96.65917205810547
2023-03-13,148.18470764160156,92.43000030517578,90.30919647216797,121.07906341552734,179.3252716064453,247.50970458984375,22.918973922729492,174.47999572753906,434.6337890625,95.54712677001953
2023-03-14,150.27252197265625,94.87999725341797,93.14408111572266,124.18792724609375,192.33102416992188,254.20628356933594,24.01372718811035,183.25999450683594,435.4774169921875,95.9058609008789
2023-03-15,150.66644287109375,96.19999694824219,95.2652587890625,118.32077026367188,196.02854919433594,258.73895263671875,24.178394317626953,180.4499969482422,436.274169921875,91.13477325439453
2023-03-16,153.4830322265625,100.04000091552734,99.4382553100586,120.61781311035156,203.14605712890625,269.22723388671875,25.48870277404785,184.1300048828125,442.45135498046875,90.60565185546875
2023-03-17,152.64593505859375,98.94999694824219,100.72683715820312,116.0606460571289,193.90716552734375,272.37567138671875,25.672325134277344,180.1300048828125,440.0891418457031,89.5384292602539
2023-03-20,155.00946044921875,97.70999908447266,100.3303451538086,117.28755950927734,196.08804321289062,265.3574523925781,25.846969604492188,183.25,447.0818786621094,91.87911987304688
2023-03-21,156.8609161376953,100.61000061035156,103.9978256225586,120.43334197998047,200.40017700195312,266.8683166503906,26.145355224609375,197.5800018310547,450.0251770019531,95.99553680419922
2023-03-22,155.43296813964844,98.69999694824219,102.4614486694336,117.324462890625,198.07061767578125,265.41595458984375,26.41380500793457,191.14999389648438,445.7321472167969,93.7983169555664
2023-03-23,156.5162353515625,98.70999908447266,104.67185974121094,117.01081848144531,202.50169372558594,270.650390625,27.13532257080078,192.22000122070312,440.4735107421875,92.74007415771484
2023-03-24,157.8162078857422,98.12999725341797,104.51325225830078,115.23037719726562,204.21665954589844,273.4869079589844,26.724164962768555,190.41000366210938,446.1726379394531,92.84770202636719
2023-03-27,155.8761444091797,98.04000091552734,101.5594482421875,118.532958984375,201.07424926757812,269.4027404785156,26.47667694091797,191.80999755859375,451.71246337890625,94.88346862792969
2023-03-28,155.2556610107422,97.23999786376953,100.14201354980469,118.89273071289062,198.93309020996094,268.2817687988281,26.355920791625977,189.19000244140625,442.9762268066406,96.0672836303711
2023-03-29,158.32830810546875,100.25,100.49885559082031,119.13256072998047,203.5624237060547,273.428466796875,26.928747177124023,193.8800048828125,437.36151123046875,97.7174301147461
2023-03-30,159.89418029785156,102.0,100.00324249267578,118.77281188964844,206.03073120117188,276.87908935546875,27.32693099975586,195.27999877929688,440.61407470703125,98.19274139404297
2023-03-31,162.39556884765625,103.29000091552734,102.81829833984375,120.21192169189453,210.09503173828125,281.021728515625,27.720125198364258,207.4600067138672,442.9855651855469,98.34520721435547
2023-04-03,163.6463165283203,102.41000366210938,103.4427490234375,120.07356262207031,211.21519470214844,279.97882080078125,27.90774154663086,194.77000427246094,463.23248291015625,104.14762878417969
2023-04-04,163.114501953125,103.94999694824219,103.7995834350586,118.4683837890625,212.85081481933594,279.9300231933594,27.396787643432617,192.5800018310547,462.3514404296875,103.15214538574219
2023-04-05,161.27284240722656,101.0999984741211,103.55178833007812,118.64501953125,209.63906860351562,277.1617431640625,26.825958251953125,185.52000427246094,477.33038330078125,104.91888427734375
2023-04-06,162.15921020507812,102.05999755859375,107.46705627441406,118.51487731933594,214.2188262939453,284.2384338378906,26.98164176940918,185.05999755859375,480.68609619140625,103.1790771484375
2023-04-10,159.56918334960938,102.16999816894531,105.50446319580078,118.90535736083984,212.88058471679688,282.08428955078125,27.522531509399414,184.50999450683594,482.9076232910156,102.7216796875
2023-04-11,158.3578338623047,99.91999816894531,104.4240493774414,119.4911117553711,211.98841857910156,275.6898498535156,27.11336898803711,186.7899932861328,488.3349304199219,103.44810485839844
2023-04-12,157.66848754882812,97.83000183105469,103.72028350830078,119.47248840332031,212.13710021972656,276.3332214355469,26.440744400024414,180.5399932861328,488.5411682128906,103.34046936035156
2023-04-13,163.04551696777344,102.4000015258789,106.48574829101562,119.9280776977539,218.4318389892578,282.5228576660156,26.408815383911133,185.89999389648438,493.2654724121094,103.82476043701172
2023-04-14,162.70086669921875,102.51000213623047,107.91312408447266,128.9838104248047,219.56190490722656,278.916259765625,26.703210830688477,185.0,479.72998046875,104.07587432861328
2023-04-17,162.72055053710938,102.73999786376953,105.0385971069336,130.0065460205078,216.95477294921875,281.5091247558594,26.946712493896484,187.0399932861328,473.6934814453125,102.86516571044922
2023-04-18,163.94171142578125,102.30000305175781,103.58151245117188,131.4662322998047,215.9932403564453,281.0899353027344,27.610353469848633,184.30999755859375,472.8779602050781,104.8740463256836
2023-04-19,165.0841064453125,104.30000305175781,103.26433563232422,131.2989044189453,213.82229614257812,281.1679992675781,27.873809814453125,180.58999633789062,455.7430419921875,104.54222869873047
2023-04-20,164.11900329589844,103.80999755859375,104.36457061767578,130.9176788330078,211.21519470214844,278.8870544433594,27.048500061035156,162.99000549316406,456.9241027832031,103.70818328857422
2023-04-21,162.51373291015625,106.95999908447266,104.4835205078125,130.6666717529297,211.03677368164062,278.5458679199219,27.063474655151367,165.0800018310547,453.51220703125,104.03999328613281
2023-04-24,162.81903076171875,106.20999908447266,105.0385971069336,130.84329223632812,210.9376220703125,274.65655517578125,26.98663330078125,162.5500030517578,458.3114013671875,106.0040283203125
2023-04-25,161.28271484375,102.56999969482422,102.93724060058594,127.99829864501953,205.74325561523438,268.4669494628906,26.18726921081543,160.6699981689453,461.104736328125,104.49738311767578
2023-04-26,161.27284240722656,104.9800033569336,102.79845428466797,125.72969818115234,207.5771484375,287.9132995605469,26.900802612304688,153.75,452.6966552734375,103.53777313232422
2023-04-27,165.85227966308594,109.81999969482422,106.64434814453125,127.42183685302734,236.48329162597656,297.1344909667969,27.170251846313477,160.19000244140625,459.7455749511719,104.775390625
2023-04-28,167.1029510498047,105.44999694824219,106.39654541015625,128.52822875976562,238.2279815673828,299.503173828125,27.692182540893555,164.30999755859375,461.26409912109375,106.12957000732422
2023-05-01,167.0143280029297,102.05000305175781,106.25778198242188,131.28028869628906,241.0630645751953,297.8460693359375,28.850805282592773,161.8300018310547,464.64794921875,102.8382568359375
2023-05-02,165.98028564453125,103.62999725341797,104.39431762695312,129.1604766845703,237.15740966796875,297.6998596191406,28.152233123779297,160.30999755859375,462.48260498046875,98.73979949951172
2023-05-03,164.9068145751953,103.6500015258789,104.4835205078125,126.42699432373047,234.9666290283203,296.7153625488281,27.745073318481445,160.61000061035156,458.7801208496094,96.79370880126953
2023-05-04,163.27206420898438,104.0,103.76985168457031,124.69768524169922,231.4871826171875,297.6998596191406,27.505565643310547,161.1999969482422,456.7554016113281,95.09871673583984
2023-05-05,170.9338836669922,105.66000366210938,104.6421127319336,127.13363647460938,230.7536163330078,302.8074951171875,28.621274948120117,170.05999755859375,463.3168640136719,97.46632385253906
2023-05-08,170.86497497558594,105.83000183105469,106.82276153564453,127.44043731689453,231.23939514160156,300.8580627441406,29.09130859375,171.7899932861328,461.7608642578125,97.8519515991211
2023-05-09,169.1612548828125,106.62000274658203,106.40645599365234,126.8267822265625,231.3385009765625,299.2497253417969,28.512496948242188,169.14999389648438,459.6612243652344,97.87886047363281
2023-05-10,170.92405700683594,110.19000244140625,110.76779174804688,126.89188385009766,231.051025390625,304.42559814453125,28.825855255126953,168.5399932861328,459.37066650390625,96.62330627441406
2023-05-11,171.11117553710938,112.18000030517578,115.54544067382812,126.49209594726562,233.7373809814453,302.2811279296875,28.519481658935547,172.0800018310547,458.1427307128906,94.87450408935547
2023-05-12,170.1841583251953,110.26000213623047,116.47718048095703,124.6791000366211,231.77464294433594,301.169921875,28.28196907043457,167.97999572753906,460.45794677734375,94.86554718017578
2023-05-15,169.6910858154297,111.19999694824219,115.4859619140625,125.72969818115234,236.78073120117188,301.6475524902344,28.893714904785156,166.35000610351562,456.3617248535156,95.04646301269531
2023-05-16,169.6910858154297,113.4000015258789,118.4595947265625,124.8836441040039,236.74105834960938,303.8699951171875,29.153182983398438,166.52000427246094,449.6689758300781,92.7397232055664
2023-05-17,170.302490234375,115.5,119.77790069580078,128.72348022460938,240.3791046142578,306.7420654296875,30.116207122802734,173.86000061035156,454.4401550292969,94.82029724121094
2023-05-18,172.6298370361328,118.1500015258789,121.75041961669922,129.69972229003906,244.701171875,311.1575622558594,31.61313819885254,176.88999938964844,449.2096862792969,95.67967224121094
2023-05-19,172.73834228515625,116.25,121.68102264404297,129.4021759033203,243.50167846679688,310.98175048828125,31.19998550415039,180.13999938964844,448.8254089355469,96.12293243408203
2023-05-22,171.79161071777344,115.01000213623047,123.95089721679688,128.33299255371094,246.1583709716797,313.756103515625,31.112167358398438,188.8699951171875,450.5125732421875,94.95600128173828
2023-05-23,169.1881103515625,114.98999786376953,121.48278045654297,126.99414825439453,244.5920867919922,307.9729919433594,30.625160217285156,185.77000427246094,449.406494140625,96.24959564208984
2023-05-24,169.46424865722656,116.75,119.8373794555664,125.83194732666016,247.0406036376953,306.5954895019531,30.475473403930664,182.89999389648438,450.70947265625,97.32605743408203
2023-05-25,170.5983428955078,115.0,122.39469909667969,126.1387939453125,250.49029541015625,318.3865051269531,37.9022331237793,184.47000122070312,447.7754821777344,95.58018493652344
2023-05-26,173.00460815429688,120.11000061035156,123.5147705078125,127.31954956054688,259.75897216796875,325.1954650878906,38.86626052856445,193.1699981689453,451.3561706542969,94.95600128173828
2023-05-30,174.84878540039062,121.66000366210938,122.5830307006836,127.80303192138672,260.23468017578125,323.55426025390625,40.028873443603516,201.16000366210938,449.7908020019531,94.11473083496094
2023-05-31,174.79945373535156,120.58000183105469,121.7900619506836,126.17596435546875,262.4156188964844,320.7995300292969,37.756526947021484,203.92999267578125,456.71783447265625,92.43215942382812
2023-06-01,177.6001739501953,122.7699966430664,122.6325912475586,127.91461181640625,270.2369079589844,324.8925476074219,39.688568115234375,207.52000427246094,462.7076110839844,93.49959564208984
2023-06-02,178.44830322265625,124.25,123.57424926757812,130.6015625,270.2369079589844,327.6474609375,39.2464714050293,213.97000122070312,468.2848815917969,95.6706314086914
2023-06-05,177.0972137451172,125.30000305175781,124.90245819091797,129.3185272216797,269.0274963378906,328.1749572753906,39.09079360961914,217.61000061035156,466.98199462890625,95.24547576904297
2023-06-06,176.73236083984375,126.61000061035156,126.19102478027344,129.5509490966797,268.7598571777344,325.9671936035156,38.574851989746094,221.30999755859375,457.0272216796875,96.0234375
2023-06-07,175.361572265625,121.2300033569336,121.42330169677734,130.80612182617188,261.305419921875,315.9052429199219,37.40213394165039,224.57000732421875,451.9280090332031,98.17638397216797
2023-06-08,178.07354736328125,124.25,121.06646728515625,130.84329223632812,262.2768249511719,317.7417907714844,38.435123443603516,234.86000061035156,459.52056884765625,97.86882019042969
2023-06-09,178.45819091796875,123.43000030517578,121.15568542480469,131.10360717773438,262.6435546875,319.23638916015625,38.694618225097656,244.39999389648438,462.6982727050781,97.14513397216797
2023-06-12,181.2490234375,126.56999969482422,122.55329132080078,131.0943603515625,268.6904602050781,324.1794738769531,39.40523147583008,249.8300018310547,461.7327880859375,96.26766967773438
2023-06-13,180.7756805419922,126.66000366210938,122.74163055419922,132.04270935058594,268.95819091796875,326.5630798339844,40.942237854003906,258.7099914550781,460.5329284667969,96.28577423095703
2023-06-14,181.40682983398438,126.41999816894531,122.5830307006836,131.5499267578125,270.9704284667969,329.5425720214844,42.91340255737305,256.7900085449219,431.05303955078125,95.12788391113281
2023-06-15,183.43832397460938,127.11000061035156,123.99054718017578,133.03749084472656,279.3766174316406,340.0538635253906,42.570072174072266,255.89999389648438,438.49798583984375,95.78824615478516
2023-06-16,182.36341857910156,125.48999786376953,122.44425964355469,133.195556640625,278.5538330078125,334.4172058105469,42.60898971557617,260.5400085449219,431.5330810546875,95.1007308959961
2023-06-20,182.45216369628906,125.77999877929688,122.01802825927734,132.51686096191406,281.8548583984375,330.23614501953125,43.72282409667969,274.45001220703125,441.7922058105469,92.92063903808594
2023-06-21,181.4166717529297,124.83000183105469,119.4904556274414,132.3216094970703,279.18829345703125,325.8499450683594,42.9613037109375,259.4599914550781,448.719482421875,93.9609375
2023-06-22,184.41464233398438,130.14999389648438,122.06759643554688,129.77410888671875,282.4000549316406,331.8577880859375,42.94134521484375,264.6099853515625,450.88427734375,93.44530487060547
2023-06-23,184.0990447998047,129.3300018310547,121.26470947265625,129.0953826904297,286.2165832519531,327.27618408203125,42.12693405151367,256.6000061035156,448.9547424316406,92.63117218017578
2023-06-26,182.70858764648438,127.33000183105469,117.29987335205078,129.41146850585938,276.0458679199219,321.00457763671875,40.55299758911133,241.0500030517578,450.8936462402344,94.34087371826172
2023-06-27,185.45999145507812,129.17999267578125,117.28996276855469,129.42079162597656,284.5511779785156,326.8366394042969,41.794578552246094,250.2100067138672,454.1878662109375,94.57605743408203
2023-06-28,186.63352966308594,129.0399932861328,119.12371826171875,128.8536376953125,282.8065185546875,328.0870361328125,41.03705596923828,256.239990234375,446.55474853515625,95.344970703125
2023-06-29,186.96884155273438,127.9000015258789,118.0531997680664,133.3536376953125,279.0792236328125,327.3055725097656,40.74263000488281,257.5,448.4277038574219,96.52095794677734
2023-06-30,191.2882843017578,130.36000061035156,118.64791870117188,135.222412109375,284.4818115234375,332.66864013671875,42.21975326538086,261.7699890136719,452.3808288574219,97.01847839355469
2023-07-03,189.7991485595703,130.22000122070312,118.84617614746094,136.31021118164062,283.5301513671875,330.1775207519531,42.330528259277344,279.82000732421875,449.7830810546875,97.20845794677734
2023-07-05,188.68479919433594,130.3800048828125,120.67989349365234,135.4021759033203,291.8074951171875,330.3338928222656,42.23472595214844,282.4800109863281,443.5146484375,96.71090698242188
2023-07-06,189.1581573486328,128.36000061035156,119.0543212890625,134.06350708007812,289.44818115234375,333.3817138671875,42.021141052246094,276.5400085449219,441.76397705078125,93.1015625
2023-07-07,188.04379272460938,129.77999877929688,118.42986297607422,135.121337890625,288.0009460449219,329.4253845214844,42.42035675048828,274.42999267578125,434.44140625,93.31866455078125
2023-07-10,186.00238037109375,127.12999725341797,115.4264907836914,135.8795928955078,291.53985595703125,324.1599426269531,42.09798812866211,269.6099853515625,435.8249816894531,94.70271301269531
2023-07-11,185.479736328125,128.77999877929688,116.11042022705078,138.00462341308594,295.6933898925781,324.7851867675781,42.32254409790039,269.7900085449219,435.67437744140625,95.86060333251953
2023-07-12,187.14634704589844,130.8000030517578,117.88469696044922,138.68798828125,306.64715576171875,329.40582275390625,43.81663513183594,271.989990234375,425.142333984375,96.33100128173828
2023-07-13,187.9056854248047,134.3000030517578,123.44538879394531,139.3619842529297,310.6817321777344,334.7396545410156,45.887611389160156,277.8999938964844,421.4245300292969,94.56700897216797
2023-07-14,188.05361938476562,134.67999267578125,124.31765747070312,140.20452880859375,306.18121337890625,337.260009765625,45.38059616088867,281.3800048828125,451.9384460449219,91.31045532226562
2023-07-17,191.3080291748047,133.55999755859375,123.5544204711914,143.583984375,307.916015625,337.7386169433594,46.37065887451172,290.3800048828125,455.6185607910156,91.70848083496094
2023-07-18,191.0515899658203,132.8300018310547,122.6722412109375,143.84608459472656,309.3335876464844,351.1805725097656,47.40165710449219,293.3399963378906,470.6025085449219,91.2923583984375
2023-07-19,192.4026641845703,135.36000061035156,120.95744323730469,144.39842224121094,313.2591552734375,346.87255859375,46.98546600341797,291.260009765625,474.0849914550781,91.92559051513672
2023-07-20,190.4599151611328,129.9600067138672,118.15231323242188,146.1770477294922,299.886474609375,338.8522644042969,45.43149185180664,262.8999938964844,474.5931091308594,93.54483032226562
2023-07-21,189.28636169433594,130.0,118.96510314941406,145.05369567871094,291.6983947753906,335.8239440917969,44.222843170166016,260.0199890136719,476.7485656738281,93.9790267944336
2023-07-24,190.08518981933594,128.8000030517578,120.46183776855469,147.9088897705078,289.07147216796875,337.1329650878906,44.5252571105957,269.05999755859375,478.7721862792969,95.45350646972656
2023-07-25,190.943115234375,129.1300048828125,121.13585662841797,146.80426025390625,291.9066162109375,342.8673400878906,45.59018325805664,265.2799987792969,480.8898620605469,95.5982666015625
2023-07-26,191.8109588623047,128.14999389648438,128.13381958007812,147.68423461914062,295.97088623046875,329.9626159667969,45.363624572753906,264.3500061035156,478.13214111328125,95.06454467773438
2023-07-27,190.54864501953125,128.25,128.2626495361328,146.05535888671875,308.99652099609375,323.07562255859375,45.810760498046875,255.7100067138672,475.5250244140625,95.36308288574219
2023-07-28,193.12257385253906,132.2100067138672,131.41473388671875,146.88853454589844,322.6466979980469,330.5487976074219,46.65910339355469,266.44000244140625,473.3414306640625,94.22328186035156
2023-07-31,193.7340087890625,133.67999267578125,131.55349731445312,147.8714599609375,315.82659912109375,328.1553955078125,46.63813781738281,267.42999267578125,476.597900390625,97.00944519042969
2023-08-01,192.90562438964844,131.69000244140625,130.39378356933594,147.14125061035156,319.9007568359375,328.5657043457031,46.41656494140625,261.07000732421875,475.0638427734375,96.44857788085938
2023-08-02,189.91751098632812,128.2100067138672,127.25164794921875,145.47494506835938,311.5738220214844,319.9300537109375,44.18292999267578,254.11000061035156,475.1202392578125,95.24547576904297
2023-08-03,188.52700805664062,128.91000366210938,127.32100677490234,146.3643035888672,310.463623046875,319.1094665527344,44.428443908691406,259.32000732421875,475.1767272949219,96.90088653564453
2023-08-04,179.4739227294922,139.57000732421875,126.98400115966797,146.05535888671875,308.0250549316406,320.20355224609375,44.59313201904297,253.86000061035156,473.1719665527344,97.17227172851562
2023-08-07,176.3773193359375,142.22000122070312,130.37393188476562,146.7480926513672,313.8043212890625,322.4797058105469,45.32870101928711,251.4499969482422,480.71099853515625,96.9732666015625
2023-08-08,177.314208984375,139.94000244140625,130.2450714111328,145.92431640625,309.9184265136719,318.5135498046875,44.5771598815918,249.6999969482422,476.117919921875,97.45269012451172
2023-08-09,175.7264404296875,137.85000610351562,128.52041625976562,143.9677734375,302.5531005859375,314.7818603515625,42.47126388549805,242.19000244140625,472.5884094238281,99.10811614990234
2023-08-10,175.509521484375,138.55999755859375,128.5500946044922,143.75245666503906,303.0784912109375,315.4656677246094,42.30558395385742,245.33999633789062,473.87786865234375,99.61469268798828
2023-08-11,175.56874084472656,138.41000366210938,128.4212646484375,144.58560180664062,299.0141906738281,313.59002685546875,40.77556228637695,242.64999389648438,478.1415710449219,101.16156005859375
2023-08-14,177.2178955078125,140.57000732421875,130.17568969726562,144.8852081298828,303.5245361328125,316.54998779296875,43.667930603027344,239.75999450683594,480.8898620605469,101.24298095703125
2023-08-15,175.2329864501953,137.6699981689453,128.63934326171875,141.1968536376953,299.321533203125,314.42041015625,43.85457229614258,232.9600067138672,476.8991394042969,98.64373016357422
2023-08-16,174.364013671875,135.07000732421875,127.5688247680664,140.5977020263672,291.7281494140625,313.6567687988281,43.40143966674805,225.60000610351562,473.9532165527344,96.98383331298828
2023-08-17,171.82606506347656,133.97999572753906,128.77809143066406,139.1373291015625,282.6083068847656,310.2109680175781,43.259727478027344,219.22000122070312,464.9176025390625,98.86261749267578
2023-08-18,172.3100128173828,133.22000122070312,126.3397216796875,139.45562744140625,280.7842712402344,309.8193359375,43.214813232421875,215.49000549316406,469.13421630859375,100.35832214355469
2023-08-21,173.6431121826172,134.67999267578125,127.24171447753906,139.9330291748047,287.3763122558594,315.105712890625,46.875675201416016,231.27999877929688,468.4189147949219,99.14533233642578
2023-08-22,175.01576232910156,134.25,127.94547271728516,137.03102111816406,285.096435546875,315.6734924316406,45.579200744628906,233.19000244140625,463.3928527832031,98.58900451660156
2023-08-23,178.85716247558594,135.52000427246094,131.20655822753906,137.9578094482422,291.6786193847656,320.1178894042969,47.02439498901367,236.86000061035156,460.66339111328125,97.72257995605469
2023-08-24,174.1763916015625,131.83999633789062,128.63934326171875,137.8267364501953,284.25384521484375,313.2358093261719,47.0713005065918,230.0399932861328,459.40216064453125,96.99296569824219
2023-08-25,176.3784942626953,133.25999450683594,128.7384490966797,137.65823364257812,283.01470947265625,316.1825256347656,45.92852783203125,238.58999633789062,460.3621826171875,98.72581481933594
2023-08-28,177.9387969970703,133.13999938964844,129.85850524902344,138.13568115234375,287.7332763671875,316.8873291015625,46.743934631347656,238.82000732421875,462.3951721191406,99.55574798583984
2023-08-29,181.81967163085938,134.91000366210938,133.38720703125,139.25901794433594,295.3959655761719,321.49822998046875,48.689144134521484,257.17999267578125,463.85406494140625,100.1485595703125
2023-08-30,185.30555725097656,135.07000732421875,134.6857147216797,138.69735717773438,292.5311279296875,321.8702087402344,49.168216705322266,256.8999938964844,462.6305236816406,101.1244125366211
2023-08-31,185.5228271484375,138.00999450683594,134.97315979003906,136.98422241210938,293.3142395019531,320.8619384765625,49.2590446472168,258.0799865722656,448.5594787597656,101.40715026855469
2023-09-01,187.0929412841797,138.1199951171875,134.46768188476562,137.44296264648438,293.79998779296875,321.7430114746094,48.414676666259766,245.00999450683594,448.2394104003906,103.53213500976562
2023-09-05,187.3299560546875,137.27000427246094,134.57669067382812,135.92640686035156,297.53717041015625,326.530029296875,48.453609466552734,256.489990234375,452.540771484375,103.541259765625
2023-09-06,180.62478637695312,135.36000061035156,133.27821350097656,135.70175170898438,296.56561279296875,325.87420654296875,46.97336196899414,251.9199981689453,448.8983459472656,104.43502807617188
2023-09-07,175.34165954589844,137.85000610351562,134.07113647460938,134.54090881347656,296.070068359375,322.9666748046875,46.15489196777344,251.49000549316406,456.30560302734375,103.9242935180664
2023-09-08,175.95387268066406,138.22999572753906,135.18133544921875,134.6439208984375,295.2968444824219,327.2348937988281,45.48713684082031,248.5,454.2646484375,105.43824768066406
2023-09-11,177.11911010742188,143.10000610351562,135.716552734375,135.23367309570312,304.8826599121094,330.82763671875,45.0938720703125,273.5799865722656,452.9513244628906,104.11582946777344
2023-09-12,174.09739685058594,141.22999572753906,134.15045166015625,136.99363708496094,299.03399658203125,324.7875061035156,44.78644561767578,267.4800109863281,453.4426574707031,107.15283966064453
2023-09-13,172.03347778320312,144.85000610351562,135.5084228515625,137.05914306640625,302.4044494628906,328.98724365234375,45.40030288696289,271.29998779296875,453.3859558105469,106.19522857666016
2023-09-14,173.54434204101562,144.72000122070312,136.88619995117188,139.71775817871094,309.0064697265625,331.5716552734375,45.49612045288086,276.0400085449219,456.9386901855469,108.09221649169922
2023-09-15,172.82347106933594,140.38999938964844,136.19235229492188,139.30581665039062,297.6957702636719,323.2701721191406,43.8182487487793,274.3900146484375,459.86773681640625,106.43234252929688
2023-09-18,175.74652099609375,139.97999572753906,136.99525451660156,139.59603881835938,299.916259765625,322.13458251953125,43.884124755859375,265.2799987792969,459.2630615234375,107.28964233398438
2023-09-19,176.83274841308594,137.6300048828125,136.82672119140625,139.41815185546875,302.4143371582031,321.7331237792969,43.438961029052734,266.5,454.1607666015625,107.00692749023438
2023-09-20,173.29747009277344,135.2899932861328,132.5645294189453,138.82843017578125,297.0613098144531,314.0190124511719,42.16034698486328,262.5899963378906,464.9983825683594,106.15876007080078
2023-09-21,171.75694274902344,129.3300018310547,129.29351806640625,137.7425079345703,293.1556091308594,312.80511474609375,40.94062042236328,255.6999969482422,473.51165771484375,104.66302490234375
2023-09-22,172.60621643066406,129.1199951171875,129.10519409179688,136.42254638671875,296.4764709472656,310.3381652832031,41.53252029418945,244.8800048828125,478.1982116699219,104.82720947265625
2023-09-25,173.8800811767578,131.27000427246094,129.9576416015625,137.0965576171875,298.21124267578125,310.8570556640625,42.14337921142578,246.99000549316406,482.1477355957031,106.00370788574219
2023-09-26,169.81158447265625,125.9800033569336,127.43995666503906,135.6736297607422,296.3575134277344,305.5706787109375,41.832950592041016,244.1199951171875,477.5840759277344,106.16786193847656
2023-09-27,168.3007049560547,125.9800033569336,129.39266967773438,136.46934509277344,295.14813232421875,306.2070007324219,42.388919830322266,240.5,475.95892333984375,109.62440490722656
2023-09-28,168.5574493408203,125.9800033569336,131.14707946777344,138.1637420654297,301.31396484375,307.0390625,43.008766174316406,246.3800048828125,481.9777526855469,108.95863342285156
2023-09-29,169.0709686279297,127.12000274658203,129.7098388671875,135.7578887939453,297.5965881347656,309.1046447753906,43.41800308227539,250.22000122070312,476.3935241699219,107.23492431640625
2023-10-02,171.57923889160156,129.4600067138672,132.99073791503906,134.5877227783203,304.1491394042969,315.02734375,44.6986083984375,251.60000610351562,486.2012939453125,105.45648956298828
2023-10-03,170.24607849121094,124.72000122070312,131.2660369873047,133.59544372558594,298.3203125,306.7943420410156,43.43596267700195,246.52999877929688,481.3824157714844,105.6388931274414
2023-10-04,171.4903564453125,127.0,134.0513458251953,134.19454956054688,302.919921875,312.24713134765625,43.958984375,261.1600036621094,482.4689636230469,101.68986511230469
2023-10-05,172.72474670410156,125.95999908447266,133.88284301757812,134.76040649414062,302.13677978515625,312.638671875,44.60478210449219,260.04998779296875,487.7696838378906,99.40068054199219
2023-10-06,175.2725067138672,127.95999908447266,136.37078857421875,136.83506774902344,312.68414306640625,320.3724365234375,45.67678451538086,260.5299987792969,495.8767395019531,97.74082946777344
2023-10-09,176.7537841796875,128.25999450683594,137.203369140625,136.52386474609375,315.5886535644531,322.8785705566406,45.188697814941406,259.6700134277344,497.4830017089844,101.160888671875
2023-10-10,176.16123962402344,129.47999572753906,136.84657287597656,137.35372924804688,319.038330078125,321.47869873046875,45.71271896362305,263.6199951171875,495.3381042480469,100.73223876953125
2023-10-11,177.5536346435547,131.8300018310547,139.31466674804688,137.8252716064453,324.96630859375,325.423828125,46.718841552734375,262.989990234375,495.2342224121094,97.12065124511719
2023-10-12,178.4522705078125,132.3300018310547,137.74856567382812,137.50460815429688,321.3381652832031,324.1903381347656,46.857582092285156,258.8699951171875,496.5664367675781,97.1024169921875
2023-10-13,176.6155242919922,129.7899932861328,136.15269470214844,139.56988525390625,311.9505920410156,320.8326416015625,45.37635040283203,251.1199951171875,509.6623840332031,100.20328521728516
2023-10-16,176.48712158203125,132.5500030517578,137.87742614746094,139.42845153808594,318.3543395996094,325.63922119140625,46.0091667175293,253.9199981689453,508.367919921875,100.27622985839844
2023-10-17,174.93673706054688,131.47000122070312,138.49195861816406,139.1266632080078,321.1795959472656,325.0714111328125,43.8561897277832,254.85000610351562,507.0639343261719,101.58954620361328
2023-10-18,173.6431121826172,128.1300048828125,136.74742126464844,137.5989532470703,314.2107238769531,323.1624450683594,42.1174201965332,242.67999267578125,506.5065002441406,103.01229095458984
2023-10-19,173.26785278320312,128.39999389648438,136.53927612304688,137.0142364501953,310.0870056152344,324.34698486328125,42.02260971069336,220.11000061035156,502.3207702636719,103.07613372802734
2023-10-20,170.72010803222656,125.16999816894531,134.4081573486328,134.8075408935547,305.9631652832031,319.7948303222656,41.3099365234375,211.99000549316406,497.9743347167969,101.30681610107422
2023-10-23,170.83859252929688,126.55999755859375,135.30027770996094,132.9686279296875,311.2765197753906,322.3890686035156,42.89497375488281,212.0800018310547,492.8153076171875,99.82022857666016
2023-10-24,171.27308654785156,128.55999755859375,137.58998107910156,133.12893676757812,309.8291931152344,323.5736389160156,43.581695556640625,216.52000427246094,496.05621337890625,98.8534927368164
2023-10-25,168.9623260498047,121.38999938964844,124.50596618652344,132.40277099609375,296.92254638671875,333.5002136230469,41.70119857788086,212.4199981689453,500.97906494140625,99.035888671875
2023-10-26,164.80496215820312,119.56999969482422,121.20524597167969,132.74227905273438,285.8398742675781,320.9891662597656,40.25090789794922,205.75999450683594,499.2309875488281,98.13299560546875
2023-10-27,166.11830139160156,127.73999786376953,121.0962142944336,127.96109008789062,294.14691162109375,322.8687438964844,40.424591064453125,207.3000030517578,495.7350158691406,96.26336669921875
2023-10-30,168.16244506835938,132.7100067138672,123.3660888671875,129.592529296875,300.0253601074219,330.21087646484375,41.084354400634766,197.36000061035156,500.77117919921875,96.56431579589844
2023-10-31,168.636474609375,133.08999633789062,122.98943328857422,131.13909912109375,298.6474304199219,330.9940490722656,40.704063415527344,200.83999633789062,506.0340270996094,96.5369644165039
2023-11-01,171.7964630126953,137.0,125.33859252929688,131.02597045898438,309.1353759765625,338.7865295410156,42.246192932128906,205.66000366210938,502.2923889160156,96.345458984375
2023-11-02,175.3515167236328,138.07000732421875,126.36945343017578,133.36468505859375,308.1637878417969,340.98919677734375,43.424991607666016,218.50999450683594,506.5726318359375,99.51014709472656
2023-11-03,174.4429931640625,138.60000610351562,127.96532440185547,134.85470581054688,311.86138916015625,345.3748779296875,44.921199798583984,219.9600067138672,501.6309509277344,98.29716491699219
2023-11-06,176.99073791503906,139.74000549316406,129.10519409179688,135.87319946289062,313.0509033203125,349.0263977050781,45.66580581665039,219.27000427246094,504.0498046875,96.55521392822266
2023-11-07,179.54840087890625,142.7100067138672,129.81886291503906,135.80714416503906,316.04461669921875,352.9422302246094,45.86943054199219,222.17999267578125,508.17901611328125,95.04126739501953
2023-11-08,180.6050262451172,142.0800018310547,130.68121337890625,136.47671508789062,316.9963073730469,355.5560302734375,46.487274169921875,222.11000061035156,507.1395263671875,93.8738784790039
2023-11-09,180.1310272216797,140.60000610351562,129.0952911376953,136.0712127685547,317.759521484375,353.0988464355469,46.86257553100586,209.97999572753906,509.2845153808594,93.9012451171875
2023-11-10,184.3136749267578,143.55999755859375,131.4246368408203,138.0893096923828,325.9079895019531,361.88983154296875,48.244991302490234,214.64999389648438,511.37261962890625,94.62173461914062
2023-11-13,182.73158264160156,142.58999633789062,130.92898559570312,137.47633361816406,326.3243408203125,358.9627685546875,48.52946472167969,223.7100067138672,512.6575317382812,95.6158218383789
2023-11-14,185.34205627441406,145.8000030517578,132.44557189941406,139.98480224609375,333.3824157714844,362.4772644042969,49.56352996826172,237.41000366210938,510.66400146484375,95.98397827148438
2023-11-15,185.90565490722656,143.1999969482422,133.436767578125,141.2107696533203,329.813720703125,362.6243591308594,48.79697036743164,242.83999633789062,508.72698974609375,95.40415954589844
2023-11-16,187.58663940429688,142.8300018310547,135.72650146484375,142.82337951660156,331.28082275390625,369.0005187988281,49.38786697387695,233.58999633789062,510.05926513671875,94.29972839355469
2023-11-17,187.5668487548828,145.17999267578125,134.1207275390625,144.11534118652344,332.12347412109375,362.80096435546875,49.206207275390625,234.3000030517578,506.7238464355469,96.60061645507812
2023-11-20,189.30715942382812,146.1300048828125,135.05247497558594,144.55856323242188,337.01055908203125,370.2463073730469,50.315128326416016,235.60000610351562,505.59942626953125,96.17725372314453
2023-11-21,188.5062255859375,143.89999389648438,135.7661590576172,144.25677490234375,334.04656982421875,365.9595642089844,49.85099792480469,241.1999969482422,509.8419494628906,96.14043426513672
2023-11-22,189.16871643066406,146.7100067138672,137.2727813720703,144.5963134765625,338.51727294921875,370.64849853515625,48.62528610229492,234.2100067138672,513.781982421875,95.72627258300781
2023-11-24,187.84371948242188,146.74000549316406,135.48861694335938,144.79434204101562,335.28564453125,370.2364807128906,47.687034606933594,235.4499969482422,516.9378051757812,96.24166870117188
2023-11-27,187.66574096679688,147.72999572753906,135.21107482910156,144.46424865722656,331.78643798828125,371.39398193359375,48.15217590332031,236.0800018310547,513.6213989257812,95.68025970458984
2023-11-28,188.26890563964844,147.02999877929688,135.9940948486328,144.79434204101562,336.03900146484375,375.4060974121094,47.731956481933594,246.72000122070312,510.72998046875,95.62504577636719
2023-11-29,187.25042724609375,146.32000732421875,133.80352783203125,145.5299072265625,329.3081359863281,371.62945556640625,48.05036163330078,244.13999938964844,505.4860534667969,94.18927764892578
2023-11-30,187.82394409179688,146.08999633789062,131.36514282226562,147.1896514892578,324.3020935058594,371.6883239746094,46.682918548583984,240.0800018310547,522.4841918945312,94.55743408203125
2023-12-01,189.0994873046875,147.02999877929688,130.7010498046875,147.9063720703125,321.992431640625,367.37213134765625,46.67792892456055,238.8300018310547,518.7582397460938,94.7874984741211
2023-12-04,187.30975341796875,144.83999633789062,128.13381958007812,148.99085998535156,317.23419189453125,362.1044616699219,45.425254821777344,235.5800018310547,519.8201293945312,94.2721176147461
2023-12-05,191.2550811767578,146.8800048828125,129.83871459960938,148.97198486328125,315.519287109375,365.4200439453125,46.483375549316406,238.72000122070312,521.6973266601562,92.44061279296875
2023-12-06,190.1674346923828,144.52000427246094,128.87721252441406,147.40655517578125,314.6866149902344,361.7709655761719,45.42226028442383,239.3699951171875,521.0051879882812,91.2165298461914
2023-12-07,192.09559631347656,146.8800048828125,135.72650146484375,147.85923767089844,323.7469482421875,363.8800048828125,46.51332092285156,242.63999938964844,519.8107299804688,90.58147430419922
2023-12-08,193.51947021484375,147.4199981689453,133.80352783203125,149.49069213867188,329.85333251953125,367.09747314453125,47.42170715332031,243.83999633789062,521.2327880859375,91.62149810791016
2023-12-11,191.01780700683594,145.88999938964844,132.1184539794922,150.0376434326172,322.4483642578125,364.2232666015625,46.54426956176758,239.74000549316406,515.4588623046875,91.68592071533203
2023-12-12,192.53067016601562,147.47999572753906,131.35525512695312,151.37677001953125,331.3105773925781,367.24456787109375,47.57244873046875,237.00999450683594,517.3930053710938,90.24095916748047
2023-12-13,195.7443084716797,148.83999633789062,131.40480041503906,151.885986328125,331.8260192871094,367.23480224609375,48.00267791748047,239.2899932861328,520.5122680664062,91.04166412353516
2023-12-14,195.89263916015625,147.4199981689453,130.78033447265625,154.6491241455078,330.2697448730469,358.9556884765625,48.26420974731445,251.0500030517578,506.50885009765625,93.48981475830078
2023-12-15,195.35867309570312,149.97000122070312,131.43453979492188,155.8184814453125,332.0044250488281,363.6642150878906,48.803253173828125,253.5,503.5509338378906,92.86395263671875
2023-12-18,193.69747924804688,154.07000732421875,134.60643005371094,156.761474609375,341.6199951171875,365.5475769042969,49.98814010620117,252.0800018310547,499.21807861328125,93.55424499511719
2023-12-19,194.73570251464844,153.7899932861328,135.44895935058594,158.8550567626953,347.31011962890625,366.1459045410156,49.515987396240234,257.2200012207031,496.83831787109375,94.7874984741211
2023-12-20,192.64935302734375,152.1199951171875,137.12408447265625,157.0632781982422,346.239501953125,363.5562438964844,48.025638580322266,247.13999938964844,489.1492919921875,93.20450592041016
2023-12-21,192.5010223388672,153.83999633789062,139.18580627441406,157.9591827392578,351.00762939453125,366.4206237792969,48.903076171875,254.5,492.8943176269531,93.62786865234375
2023-12-22,191.43309020996094,153.4199981689453,140.24639892578125,157.86485290527344,350.3137512207031,367.4407958984375,48.74335479736328,252.5399932861328,493.3019104003906,93.79353332519531
2023-12-26,190.88925170898438,153.41000366210938,140.2761688232422,158.79849243164062,351.7410888671875,367.519287109375,49.19156265258789,256.6099853515625,493.03656005859375,94.00520324707031
2023-12-27,190.98814392089844,153.33999633789062,139.13626098632812,159.75094604492188,354.71502685546875,366.9405517578125,49.32931900024414,261.44000244140625,495.6531982421875,93.56343078613281
2023-12-28,191.413330078125,153.3800048828125,138.99746704101562,160.59967041015625,355.20074462890625,368.12744140625,49.43413543701172,253.17999267578125,497.65374755859375,92.21053314208984
2023-12-29,190.37506103515625,151.94000244140625,138.4622039794922,160.4110565185547,350.87872314453125,368.8729248046875,49.43413543701172,248.47999572753906,499.1422424316406,92.0172348022461
2024-01-02,183.5621795654297,149.92999267578125,136.95559692382812,162.27830505371094,343.2755432128906,363.80145263671875,48.08252716064453,248.4199981689453,511.3441467285156,94.20769500732422
2024-01-03,182.18775939941406,148.47000122070312,137.69895935058594,161.57101440429688,341.4713134765625,363.5366516113281,47.484596252441406,238.4499969482422,513.8944702148438,94.99919128417969
2024-01-04,179.87393188476562,144.57000732421875,135.1912078857422,162.64320373535156,344.0982666015625,360.9273376464844,47.91283416748047,237.92999267578125,517.108642578125,94.17086791992188
2024-01-05,179.15208435058594,145.24000549316406,134.53704833984375,163.45921325683594,348.8862609863281,360.7409362792969,49.0098876953125,237.49000549316406,509.4859924316406,94.45619201660156
2024-01-08,183.48306274414062,149.10000610351562,137.6196746826172,163.22201538085938,355.537841796875,367.5486755371094,52.16029357910156,240.4499969482422,508.6705322265625,92.88237762451172
2024-01-09,183.06777954101562,151.3699951171875,139.7111358642578,161.93157958984375,354.3185119628906,368.62774658203125,53.04571533203125,234.9600067138672,510.4244384765625,91.73192596435547
2024-01-10,184.1060333251953,153.72999572753906,141.0294647216797,162.2731475830078,367.24505615234375,375.47467041015625,54.25356674194336,233.94000244140625,509.7323913574219,90.82998657226562
2024-01-11,183.5127410888672,155.17999267578125,140.8312225341797,161.5900115966797,366.4519958496094,377.29925537109375,54.72472381591797,227.22000122070312,511.66650390625,90.81156921386719
2024-01-12,183.83905029296875,154.6199951171875,141.39620971679688,160.4038848876953,371.2300109863281,381.0660705566406,54.61293029785156,218.88999938964844,494.43963623046875,91.98963165283203
2024-01-16,181.57470703125,153.16000366210938,141.23760986328125,159.39816284179688,364.26116943359375,382.83172607421875,56.281959533691406,219.91000366210938,492.20220947265625,89.90962219238281
2024-01-17,180.63531494140625,151.7100067138672,140.22657775878906,158.54415893554688,365.163330078125,382.0470275878906,55.953548431396484,215.5500030517578,497.6916198730469,89.25617218017578
2024-01-18,186.51873779296875,153.5,142.21890258789062,158.8572998046875,372.855712890625,386.3631286621094,57.00567626953125,211.8800048828125,489.5380554199219,89.09051513671875
2024-01-19,189.4159393310547,155.33999633789062,145.09341430664062,161.59947204589844,380.1120300292969,391.0716857910156,59.385440826416016,212.19000244140625,477.4214172363281,89.22856140136719
2024-01-22,191.71983337402344,154.77999877929688,144.70687866210938,161.40969848632812,378.45654296875,388.952880859375,59.548152923583984,208.8000030517578,486.3619079589844,89.10892486572266
2024-01-23,192.9954071044922,156.02000427246094,145.74761962890625,160.3470001220703,381.8468017578125,391.2972717285156,59.76676940917969,209.13999938964844,488.7606506347656,90.11211395263672
2024-01-24,192.32302856445312,156.8699951171875,147.3930206298828,161.77975463867188,387.29888916015625,394.8875427246094,61.253116607666016,207.8300018310547,486.5894470214844,91.66749572753906
2024-01-25,191.9967041015625,157.75,150.53515625,164.09495544433594,389.75732421875,397.15350341796875,61.50767135620117,182.6300048828125,467.7888488769531,93.9959945678711
2024-01-26,190.26629638671875,159.1199951171875,150.8523712158203,163.46873474121094,390.70892333984375,396.2314147949219,60.922706604003906,183.25,477.0801086425781,94.79672241210938
2024-01-29,189.58401489257812,161.25999450683594,152.1607666015625,163.89569091796875,397.529052734375,401.9110412597656,62.35417175292969,190.92999267578125,478.3505859375,94.9163589477539
2024-01-30,185.935302734375,159.0,150.1287841796875,167.25466918945312,396.5774230957031,400.8026123046875,62.66261672973633,191.58999633789062,477.46881103515625,96.49938201904297
2024-01-31,182.3360595703125,155.1999969482422,138.86863708496094,165.4423370361328,386.74383544921875,390.0024108886719,61.41782760620117,187.2899932861328,485.1767578125,94.62184143066406
2024-02-01,184.7685089111328,159.27999877929688,139.91932678222656,164.84454345703125,391.3433837890625,396.0843200683594,62.9151725769043,188.86000061035156,480.8155822753906,94.23529052734375
2024-02-02,183.76983642578125,171.80999755859375,141.1285858154297,165.7934112548828,470.85516357421875,403.3824768066406,66.04261016845703,187.91000366210938,483.74517822265625,93.8487548828125
2024-02-05,185.579345703125,170.30999755859375,142.4171600341797,165.57518005371094,455.4107360839844,397.9185485839844,69.208984375,181.05999755859375,476.8525085449219,93.46221160888672
2024-02-06,187.18121337890625,169.14999389648438,142.83346557617188,166.14450073242188,450.7616271972656,397.76171875,68.10194396972656,185.10000610351562,484.1623840332031,94.1064682006836
2024-02-07,187.2899932861328,170.52999877929688,144.2607879638672,166.4575958251953,465.50213623046875,406.1585388183594,69.97461700439453,187.5800018310547,492.42974853515625,94.07884216308594
2024-02-08,186.21218872070312,169.83999633789062,144.6275634765625,165.85983276367188,465.9085998535156,406.2173767089844,69.51742553710938,189.55999755859375,493.0934753417969,95.689453125
2024-02-09,186.97454833984375,174.4499969482422,147.69039916992188,166.05908203125,464.0350341796875,412.5346374511719,72.00502014160156,193.57000732421875,491.3204650878906,93.6646728515625
2024-02-12,185.2914276123047,172.33999633789062,146.2333221435547,166.7991943359375,464.8181457519531,407.3454895019531,72.11981201171875,188.1300048828125,490.77056884765625,94.95317077636719
2024-02-13,183.20236206054688,168.63999938964844,143.86431884765625,165.3474578857422,456.1145935058594,398.5758972167969,72.00003051757812,184.02000427246094,490.0216369628906,94.13572692871094
2024-02-14,182.3212127685547,170.97999572753906,144.6573028564453,167.02691650390625,469.1600646972656,402.42822265625,73.76889038085938,188.7100067138672,490.1069030761719,93.67127990722656
2024-02-15,182.03408813476562,169.8000030517578,141.51516723632812,170.6705322265625,479.8164978027344,399.5487976074219,72.52908325195312,200.4499969482422,493.8424072265625,96.35581970214844
2024-02-16,180.49949645996094,169.50999450683594,139.28492736816406,169.8734893798828,469.1997375488281,397.0918884277344,72.48416137695312,199.9499969482422,494.4776916503906,96.35581970214844
2024-02-20,179.75692749023438,167.0800018310547,139.87965393066406,170.53768920898438,467.6433410644531,395.84375,69.32877349853516,193.75999450683594,494.0129699707031,95.44550323486328
2024-02-21,180.5093994140625,168.58999633789062,141.29708862304688,171.64784240722656,464.447998046875,395.2443542480469,67.35227966308594,194.77000427246094,494.875732421875,97.39620971679688
2024-02-22,182.53903198242188,174.5800018310547,142.82354736328125,173.70689392089844,482.4094543457031,404.5509948730469,78.3986587524414,197.41000366210938,499.170654296875,97.31260681152344
2024-02-23,180.70741271972656,174.99000549316406,142.69468688964844,174.57980346679688,480.32562255859375,403.2635803222656,78.67715454101562,191.97000122070312,499.8722229003906,96.45800018310547
2024-02-26,179.36090087890625,174.72999572753906,136.36087036132812,173.9820556640625,478.05303955078125,400.51190185546875,78.95167541503906,199.39999389648438,498.05194091796875,96.8388671875
2024-02-27,180.81629943847656,173.5399932861328,137.6593475341797,174.0674285888672,483.3223571777344,400.4529113769531,78.56136322021484,199.72999572753906,486.7695617675781,96.63449096679688
2024-02-28,179.6183319091797,173.16000366210938,135.18133544921875,174.9498748779297,480.31561279296875,400.6887512207031,77.52519226074219,202.0399932861328,472.41546630859375,96.90390014648438
2024-02-29,178.9549560546875,176.75999450683594,137.24302673339844,176.54393005371094,486.3788757324219,406.5066833496094,78.97163391113281,201.8800048828125,467.9784240722656,97.08965301513672
2024-03-01,177.8758087158203,178.22000122070312,135.93463134765625,175.81332397460938,498.45574951171875,408.3346252441406,82.13301086425781,202.63999938964844,464.11968994140625,98.31583404541016
2024-03-04,173.36111450195312,177.5800018310547,132.17796325683594,177.13221740722656,494.3771667480469,407.7646789550781,85.08575439453125,188.13999938964844,456.8572692871094,96.94104766845703
2024-03-05,168.43055725097656,174.1199951171875,131.50393676757812,178.9066162109375,486.4681701660156,395.7062072753906,85.81549835205078,180.74000549316406,448.5899353027344,98.13005065917969
2024-03-06,167.4404754638672,173.50999450683594,130.2450714111328,179.83645629882812,492.2932434082031,395.15582275390625,88.5467758178711,176.5399932861328,448.0684814453125,99.17972564697266
2024-03-07,167.32167053222656,176.82000732421875,133.19888305664062,178.26136779785156,508.27001953125,402.0842590332031,92.5089111328125,178.64999389648438,453.92767333984375,99.737060546875
2024-03-08,169.03448486328125,175.35000610351562,134.21983337402344,178.59347534179688,502.07781982421875,399.21466064453125,87.37678527832031,175.33999633789062,453.6135559082031,100.67526245117188
2024-03-11,171.034423828125,171.9600067138672,136.4599609375,178.65989685058594,479.8888854980469,397.5439758300781,85.62582397460938,177.77000427246094,465.587646484375,101.26976776123047
2024-03-12,171.50967407226562,175.38999938964844,137.28268432617188,180.130615234375,495.92523193359375,408.118408203125,91.75421142578125,177.5399932861328,465.77801513671875,100.61952209472656
2024-03-13,169.43052673339844,176.55999755859375,138.56134033203125,181.59185791015625,491.7772216796875,407.9414978027344,90.73098754882812,169.47999572753906,464.49298095703125,101.7435073852539
2024-03-14,171.28195190429688,178.75,141.84225463867188,178.35626220703125,488.0658264160156,417.88702392578125,87.79207611083984,162.5,465.4447937011719,103.54560089111328
2024-03-15,170.9057159423828,174.4199981689453,139.93911743164062,180.5670928955078,480.3950500488281,409.2388000488281,87.68526458740234,163.57000732421875,467.1771545410156,103.35981750488281
2024-03-18,171.99481201171875,174.47999572753906,146.3820037841797,182.80638122558594,493.17645263671875,410.12322998046875,88.30220031738281,173.8000030517578,463.5887451171875,104.31659698486328
2024-03-19,174.3313751220703,175.89999389648438,145.7377166748047,183.87857055664062,492.4421081542969,414.1427001953125,89.24356842041016,171.32000732421875,469.5567321777344,105.05043029785156
2024-03-20,176.89564514160156,178.14999389648438,147.43267822265625,186.28866577148438,501.6510314941406,417.8968200683594,90.21588134765625,175.66000366210938,470.4228820800781,104.9575424194336
2024-03-21,169.66810607910156,178.14999389648438,146.30271911621094,188.8790740966797,503.8739318847656,421.9654235839844,91.27703094482422,172.82000732421875,468.0052490234375,105.42198944091797
2024-03-22,170.56912231445312,178.8699951171875,149.4448699951172,186.5638427734375,505.6799621582031,421.34625244140625,94.12611389160156,170.8300018310547,466.46331787109375,105.42198944091797
2024-03-25,169.15328979492188,179.7100067138672,148.75099182128906,184.8559112548828,499.1701965332031,415.5676574707031,94.83787536621094,172.6300048828125,462.47509765625,106.49951934814453
2024-03-26,168.02464294433594,178.3000030517578,149.345703125,185.7193603515625,492.0947570800781,414.3785095214844,92.40109252929688,177.6699981689453,468.59539794921875,105.70066833496094
2024-03-27,171.58888244628906,179.8300018310547,149.54396057128906,189.31552124023438,490.080322265625,414.1623229980469,90.0940933227539,179.8300018310547,469.3473205566406,106.7967758178711
2024-03-28,169.7770233154297,180.3800048828125,149.60342407226562,190.05564880371094,481.8636779785156,413.464599609375,90.19991302490234,175.7899932861328,470.8702697753906,107.97649383544922
2024-04-01,168.34144592285156,180.97000122070312,154.12335205078125,188.7652130126953,487.5895080566406,417.2481689453125,90.20690155029297,175.22000122070312,466.1111145019531,108.67317199707031
2024-04-02,167.1632537841797,180.69000244140625,153.20150756835938,188.68927001953125,493.56341552734375,414.17218017578125,89.29747009277344,166.6300048828125,436.0714111328125,110.80038452148438
2024-04-03,167.9652099609375,182.41000366210938,153.55833435058594,188.15792846679688,502.86175537109375,413.1992492675781,88.81031799316406,168.3800048828125,437.59423828125,110.81896209716797
2024-04-04,167.1434783935547,180.0,149.2069549560547,186.72633361816406,507.0097961425781,410.6736145019531,85.756591796875,171.11000061035156,433.4443359375,111.2091064453125
2024-04-05,167.89590454101562,185.07000732421875,151.15963745117188,188.44422912597656,523.3040161132812,418.1817932128906,87.8559799194336,164.89999389648438,433.7870178222656,112.74180603027344
2024-04-08,166.77713012695312,185.19000244140625,153.48898315429688,189.42726135253906,515.2760009765625,417.2678527832031,86.98246765136719,172.97999572753906,434.034423828125,111.9801025390625
2024-04-09,167.98500061035156,185.6699981689453,155.22360229492188,188.1579132080078,512.9440307617188,418.9286804199219,85.20654296875,176.8800048828125,437.57525634765625,112.5653076171875
2024-04-10,166.11380004882812,185.9499969482422,154.7676239013672,186.55455017089844,515.8515625,415.9608154296875,86.88864135742188,171.75999450683594,428.3710021972656,113.5127944946289
2024-04-11,173.30166625976562,189.0500030517578,158.0089111328125,186.51637268066406,519.1560668945312,420.55029296875,90.4594497680664,174.60000610351562,420.4422912597656,113.13195037841797
2024-04-12,174.7966766357422,186.1300048828125,156.34364318847656,174.452880859375,507.98223876953125,414.6242370605469,88.03366088867188,171.0500030517578,418.0436706542969,111.81290435791016
2024-04-15,170.9750518798828,183.6199951171875,153.4989013671875,174.54832458496094,496.401611328125,406.5066833496094,85.85244750976562,161.47999572753906,424.16400146484375,111.17194366455078
2024-04-16,167.69789123535156,183.32000732421875,153.0429229736328,172.55364990234375,495.9351806640625,407.4305419921875,87.26398468017578,157.11000061035156,446.3034973144531,110.25232696533203
2024-04-17,166.3316192626953,181.27999877929688,154.10353088378906,171.86648559570312,490.3879699707031,404.73773193359375,83.88983154296875,155.4499969482422,455.9169616699219,110.19658660888672
2024-04-18,165.38111877441406,179.22000122070312,154.63877868652344,172.98312377929688,497.9595642089844,397.2982482910156,84.52472686767578,149.92999267578125,469.4234313964844,110.09440612792969
2024-04-19,163.3613739013672,174.6300048828125,152.7356414794922,177.32562255859375,477.3882141113281,392.2370910644531,76.06836700439453,147.0500030517578,476.99053955078125,111.35771179199219
2024-04-22,164.19305419921875,177.22999572753906,154.90640258789062,180.77093505859375,478.0431213378906,394.04534912109375,79.38063049316406,142.0500030517578,467.5674133300781,111.98938751220703
2024-04-23,165.24252319335938,179.5399932861328,156.86898803710938,183.3764190673828,492.3031921386719,400.5413513183594,82.2806167602539,144.67999267578125,462.7607116699219,112.42597961425781
2024-04-24,167.34146118164062,176.58999633789062,157.73138427734375,184.2735595703125,489.7230529785156,402.0056457519531,79.53936767578125,162.1300048828125,463.8266906738281,112.44454956054688
2024-04-25,168.2028350830078,173.6699981689453,154.6288604736328,184.55032348632812,438.0019836425781,392.1584167480469,82.4892578125,170.17999267578125,470.0707092285156,112.70464324951172
2024-04-26,167.61868286132812,179.6199951171875,170.43869018554688,184.6648712158203,439.89739990234375,399.3129577636719,87.58344268798828,168.2899932861328,471.4889831542969,109.57422637939453
2024-04-29,171.77699279785156,180.9600067138672,164.68963623046875,184.4644317626953,429.30902099609375,395.31317138671875,87.60541534423828,194.0500030517578,465.4734191894531,111.1347885131836
2024-04-30,168.6384735107422,175.0,161.34927368164062,182.99465942382812,426.8777770996094,382.61590576171875,86.25275421142578,183.27999877929688,460.40008544921875,109.86217498779297
2024-05-01,167.61868286132812,179.0,162.41976928710938,183.1092071533203,435.8287658691406,388.129150390625,82.89752960205078,179.99000549316406,460.7904052734375,107.78141784667969
2024-05-02,171.3116455078125,184.72000122070312,165.155517578125,182.91835021972656,438.29962158203125,390.9791259765625,85.66875457763672,180.00999450683594,469.22357177734375,107.97649383544922
2024-05-03,181.5588836669922,186.2100067138672,165.7700958251953,181.82077026367188,448.50103759765625,399.6470642089844,88.6356201171875,181.19000244140625,468.7286071777344,107.75357055664062
2024-05-06,179.9054412841797,188.6999969482422,166.6225128173828,183.24281311035156,462.11602783203125,406.40838623046875,91.98082733154297,184.75999450683594,470.5656433105469,108.45024108886719
2024-05-07,180.5885772705078,188.75999450683594,169.7448272705078,183.0041961669922,464.6564025878906,402.28082275390625,90.39757537841797,177.80999755859375,476.8287048339844,107.91148376464844
2024-05-08,180.92523193359375,188.0,167.89126586914062,186.72633361816406,468.9830017089844,403.4601745605469,90.25582122802734,174.72000122070312,478.9703674316406,107.89290618896484
2024-05-09,182.737060546875,189.5,168.46617126464844,188.49195861816406,471.7814636230469,405.2095031738281,88.59368896484375,171.97000122070312,482.60626220703125,110.02008056640625
2024-05-10,181.47796630859375,187.47999572753906,167.16769409179688,189.70404052734375,472.55548095703125,407.587646484375,89.72274780273438,168.47000122070312,488.10791015625,109.57422637939453
2024-05-13,184.68020629882812,186.57000732421875,167.6533660888672,189.66586303710938,464.42816162109375,406.5853271484375,90.24283599853516,171.88999938964844,487.0893859863281,109.52777862548828
2024-05-14,185.82032775878906,187.07000732421875,168.8428192138672,192.31906127929688,468.23876953125,409.3763122558594,91.19818115234375,177.5500030517578,489.1263732910156,110.19265747070312
2024-05-15,188.09068298339844,185.99000549316406,170.99375915527344,192.89170837402344,477.8546142578125,416.5338439941406,94.46653747558594,173.99000549316406,492.6195068359375,111.04483032226562
2024-05-16,188.20962524414062,183.6300048828125,172.64907836914062,193.23529052734375,469.60821533203125,414.4761657714844,94.19599914550781,174.83999633789062,496.160400390625,110.37995147705078
2024-05-17,188.2393798828125,184.6999969482422,174.51255798339844,195.449462890625,468.29833984375,413.7082214355469,92.3192367553711,177.4600067138672,499.35858154296875,112.03746795654297
2024-05-20,189.39932250976562,183.5399932861328,175.364990234375,186.6595458984375,465.2518310546875,418.7589111328125,94.61626434326172,174.9499969482422,492.31500244140625,111.12911224365234
2024-05-21,190.69805908203125,183.14999389648438,176.28683471679688,190.41981506347656,461.0740051269531,422.4016418457031,95.22122955322266,186.60000610351562,498.3305358886719,110.36121368408203
2024-05-22,189.26052856445312,183.1300048828125,174.8297576904297,189.26502990722656,464.1999206542969,423.85870361328125,94.78597259521484,180.11000061035156,496.2364807128906,108.1418228149414
2024-05-23,185.27505493164062,181.0500030517578,172.02464294433594,187.93841552734375,462.2152099609375,420.3931884765625,103.61969757080078,173.74000549316406,491.93426513671875,106.29701232910156
2024-05-24,188.34844970703125,180.75,173.4519805908203,191.55552673339844,474.56005859375,423.5043029785156,106.28507232666016,179.24000549316406,483.69140625,106.21272277832031
2024-05-28,188.35836791992188,182.14999389648438,174.8495635986328,190.40074157714844,476.2470397949219,423.6618347167969,113.7042236328125,176.75,479.4176940917969,107.56121063232422
2024-05-29,188.65579223632812,182.02000427246094,174.35397338867188,189.07412719726562,470.7295227050781,422.5296630859375,114.62663269042969,176.19000244140625,461.37103271484375,106.40937042236328
2024-05-30,189.6471710205078,179.32000732421875,170.5972900390625,190.23851013183594,463.4754943847656,408.2539978027344,110.3091049194336,178.7899932861328,458.4488830566406,106.74650573730469
2024-05-31,190.59898376464844,176.44000244140625,170.98385620117188,193.3879852294922,463.2571716308594,408.70684814453125,109.443603515625,178.0800018310547,471.5079650878906,109.8087158203125
2024-06-03,192.3636474609375,178.33999633789062,171.64796447753906,192.6149444580078,473.8356018066406,407.1217346191406,114.80133819580078,176.2899932861328,473.478271484375,107.17726135253906
2024-06-04,192.68089294433594,179.33999633789062,172.2624969482422,190.07623291015625,473.3393859863281,409.63226318359375,116.23584747314453,174.77000427246094,481.1404724121094,105.51038360595703
2024-06-05,194.1878662109375,181.27999877929688,173.86830139160156,188.26290893554688,491.2711181640625,417.4494934082031,122.22850036621094,175.0,478.8846740722656,105.93179321289062
2024-06-06,192.80978393554688,185.0,175.17666625976562,187.9288787841797,489.9811096191406,417.9515380859375,120.78898620605469,177.94000244140625,477.742431640625,106.72777557373047
2024-06-07,195.19912719726562,184.3000030517578,172.9266357421875,190.83023071289062,489.187255859375,417.2919616699219,120.6791763305664,177.47999572753906,467.05340576171875,105.5853042602539
2024-06-10,191.46145629882812,187.05999755859375,173.67086791992188,190.5057373046875,498.75341796875,421.2497253417969,121.57959747314453,173.7899932861328,471.15582275390625,105.89431762695312
2024-06-11,205.37098693847656,187.22999572753906,175.2685546875,185.49517822265625,503.58612060546875,425.9853210449219,120.71105194091797,170.66000366210938,472.3170166015625,105.04216003417969
2024-06-12,211.24014282226562,186.88999938964844,176.4296112060547,182.7942657470703,504.9457092285156,434.23565673828125,124.99397277832031,177.2899932861328,469.31878662109375,103.8809585571289
2024-06-13,212.40008544921875,183.8300018310547,173.8197479248047,184.82711791992188,500.241943359375,434.74761962890625,129.39671325683594,182.47000122070312,473.344970703125,103.0475082397461
2024-06-14,210.66513061523438,183.66000366210938,175.437255859375,184.941650390625,500.7982177734375,435.7222900390625,131.66299438476562,178.00999450683594,473.1736755371094,102.17660522460938
2024-06-17,214.80921936035156,184.05999755859375,175.88380432128906,186.08689880371094,503.2518005371094,441.4325866699219,130.76446533203125,187.44000244140625,467.6391906738281,101.47425842285156
2024-06-18,212.44964599609375,182.80999755859375,173.75025939941406,188.0147705078125,496.15936279296875,439.4339599609375,135.3568878173828,184.86000061035156,459.8201904296875,102.429443359375
2024-06-20,207.87925720214844,186.10000610351562,174.95101928710938,189.60861206054688,498.3546447753906,438.8038635253906,130.56480407714844,181.57000732421875,463.1370849609375,104.63948059082031
2024-06-21,205.7080841064453,189.0800018310547,178.25555419921875,187.34666442871094,491.4808044433594,442.82073974609375,126.36172485351562,183.00999450683594,461.292236328125,103.72174835205078
2024-06-24,206.35247802734375,185.57000732421875,177.84866333007812,189.80902099609375,495.5832824707031,440.7433776855469,117.9156494140625,182.5800018310547,468.35614013671875,106.80269622802734
2024-06-25,207.27450561523438,186.33999633789062,182.62184143066406,189.03598022460938,507.1952819824219,443.9726257324219,125.88252258300781,187.35000610351562,463.1179504394531,107.10236358642578
2024-06-26,211.41859436035156,193.61000061035156,182.47299194335938,188.4251708984375,509.6985168457031,445.1639099121094,126.19200897216797,196.3699951171875,462.6783142089844,107.13980865478516
2024-06-27,212.2613067626953,197.85000610351562,183.99131774902344,190.08578491210938,516.0955810546875,445.8432312011719,123.78597259521484,197.4199981689453,464.97235107421875,107.59868621826172
2024-06-28,208.8111572265625,193.25,180.75624084472656,193.03485107421875,500.85784912109375,440.0345458984375,123.33672332763672,197.8800048828125,486.7852783203125,107.8047103881836
2024-07-01,214.88853454589844,197.1999969482422,181.58981323242188,196.07936096191406,501.31475830078125,449.6632080078125,124.09547424316406,209.86000061035156,472.8199768066406,107.65486145019531
2024-07-02,218.37831115722656,200.0,183.82261657714844,199.30519104003906,506.10260009765625,452.1737060546875,122.46814727783203,231.25999450683594,476.2515869140625,106.92442321777344
2024-07-03,219.64732360839844,197.58999633789062,184.39817810058594,199.17160034179688,506.5595397949219,453.6406555175781,128.06890869140625,246.38999938964844,468.27008056640625,107.46757507324219
2024-07-05,224.3961639404297,200.0,189.1416015625,196.53248596191406,536.3098754882812,460.32562255859375,125.62295532226562,251.52000427246094,466.4731140136719,106.16590118408203
2024-07-08,225.86346435546875,199.2899932861328,187.58360290527344,196.8971405029297,525.7904663085938,459.0260314941406,127.98904418945312,252.94000244140625,467.7443542480469,105.05152130126953
2024-07-09,226.716064453125,199.33999633789062,187.5339813232422,199.25796508789062,526.4658813476562,452.42974853515625,131.163818359375,262.3299865722656,470.3920593261719,103.89031982421875
2024-07-10,230.97914123535156,199.7899932861328,189.71713256835938,199.4210968017578,531.124755859375,459.0359191894531,134.68801879882812,263.260009765625,478.8228759765625,104.80803680419922
2024-07-11,225.61561584472656,195.0500030517578,184.1500701904297,199.085205078125,509.28131103515625,447.6646728515625,127.19036102294922,241.02999877929688,482.10150146484375,106.05353546142578
2024-07-12,228.56011962890625,194.49000549316406,183.65391540527344,196.67640686035156,495.54351806640625,446.5323486328125,129.02737426757812,248.22999572753906,488.955078125,106.07225799560547
2024-07-15,232.386962890625,192.72000122070312,185.1027374267578,201.58035278320312,492.8515930175781,446.93609619140625,128.22862243652344,252.63999938964844,492.6256408691406,107.88896942138672
2024-07-16,232.8033447265625,193.02000427246094,182.51272583007812,205.00643920898438,486.5240783691406,442.56475830078125,126.1520767211914,256.55999755859375,524.647216796875,108.6662368774414
2024-07-17,226.91436767578125,187.92999267578125,179.63487243652344,208.1253662109375,458.9094543457031,436.6575927734375,117.79583740234375,248.5,547.9798583984375,110.16455841064453
2024-07-18,222.25473022460938,183.75,176.33038330078125,201.51318359375,472.6770324707031,433.5563659667969,120.89073944091797,249.22999572753906,539.4345092773438,111.25084686279297
2024-07-19,222.38363647460938,183.1300048828125,176.30059814453125,201.32127380371094,473.6107482910156,430.3467712402344,117.73595428466797,239.1999969482422,540.3807983398438,108.69432830810547
2024-07-22,222.03660583496094,182.5500030517578,180.27993774414062,201.80108642578125,484.14996337890625,436.0865478515625,123.33672332763672,251.50999450683594,533.8809814453125,107.9451675415039
2024-07-23,223.07763671875,186.41000366210938,180.39898681640625,201.8490753173828,485.431396484375,437.967041015625,122.38827514648438,246.3800048828125,530.2198486328125,106.20335388183594
2024-07-24,216.6631622314453,180.8300018310547,171.30909729003906,200.17922973632812,458.1942138671875,422.2638244628906,114.06199645996094,215.99000549316406,535.0469970703125,107.7016830444336
2024-07-25,215.6221923828125,179.85000610351562,166.00001525878906,200.25601196289062,450.3866271972656,411.9263000488281,112.0952377319336,220.25,534.9800415039062,109.96791076660156
2024-07-26,216.08816528320312,182.5,165.72215270996094,203.6820831298828,462.59466552734375,418.6899719238281,112.87396240234375,219.8000030517578,544.5770263671875,109.87425994873047
2024-07-29,216.36575317382812,183.1999969482422,168.23281860351562,202.34812927246094,462.6046447753906,420.12744140625,111.4063720703125,232.10000610351562,541.7380981445312,108.72241973876953
2024-07-30,216.92092895507812,181.7100067138672,168.9869842529297,206.51312255859375,460.10137939453125,416.37628173828125,103.55931091308594,222.6199951171875,550.8953247070312,110.66089630126953
2024-07-31,220.17276000976562,186.97999572753906,170.22743225097656,204.219482421875,471.663818359375,411.8770751953125,116.82743835449219,232.07000732421875,550.7327880859375,111.05419158935547
2024-08-01,216.48472595214844,184.07000732421875,169.45339965820312,199.57464599609375,494.4210510253906,410.6562194824219,109.03028869628906,216.86000061035156,547.492431640625,109.51840209960938
2024-08-02,217.97181701660156,167.89999389648438,165.38478088378906,191.11029052734375,484.8850402832031,402.1695861816406,107.0934829711914,207.6699981689453,563.799560546875,109.45285034179688
2024-08-05,207.4727783203125,161.02000427246094,158.03147888183594,187.041259765625,472.55780029296875,389.0360107421875,100.28471374511719,198.8800048828125,544.806396484375,107.47693634033203
2024-08-06,205.45028686523438,161.92999267578125,157.0788116455078,192.26190185546875,490.79541015625,393.42694091796875,104.07846069335938,200.63999938964844,543.2675170898438,106.90570068359375
2024-08-07,208.01806640625,162.77000427246094,157.72384643554688,192.31947326660156,485.65985107421875,392.2652587890625,98.74723815917969,191.75999450683594,541.09765625,108.32911682128906
2024-08-08,211.47808837890625,165.8000030517578,160.79017639160156,195.83192443847656,506.2317810058594,396.4593505859375,104.7972640991211,198.83999633789062,541.2505493164062,110.398681640625
2024-08-09,214.3829345703125,166.94000244140625,162.41763305664062,197.50173950195312,514.3174438476562,399.7378234863281,104.57763671875,200.0,534.1006469726562,111.29766845703125
2024-08-12,215.91146850585938,166.8000030517578,161.04820251464844,197.87603759765625,512.5095825195312,400.515625,108.84060668945312,197.49000549316406,540.342529296875,111.43814849853516
2024-08-13,219.6236572265625,170.22999572753906,162.90391540527344,199.55545043945312,525.0156860351562,407.60418701171875,115.94889068603516,207.8300018310547,548.8975219726562,110.37059020996094
2024-08-14,220.07028198242188,170.10000610351562,159.1428985595703,201.76272583007812,523.2474975585938,410.41009521484375,117.88568878173828,201.3800048828125,554.0878295898438,111.39131164550781
2024-08-15,223.04795837402344,177.58999633789062,160.06578063964844,203.01988220214844,533.7470703125,415.2626647949219,122.65784454345703,214.13999938964844,554.0305786132812,112.08043670654297
2024-08-16,224.3680877685547,177.05999755859375,161.71311950683594,205.34230041503906,523.9030151367188,412.73773193359375,124.37500762939453,216.1199951171875,552.1857299804688,111.55180358886719
2024-08-19,224.20924377441406,178.22000122070312,165.3946990966797,206.76263427734375,525.750732421875,415.7558898925781,129.7860870361328,222.72000122070312,553.2372436523438,111.89163208007812
2024-08-20,224.82464599609375,178.8800048828125,165.90077209472656,205.87013244628906,523.2177124023438,418.9810485839844,127.04061889648438,221.10000610351562,555.0247192382812,108.1628646850586
2024-08-21,224.71546936035156,180.11000061035156,164.5809783935547,205.94691467285156,531.5914306640625,418.330078125,128.28854370117188,223.27000427246094,552.5585327148438,107.47374725341797
2024-08-22,222.859375,176.1300048828125,162.54666137695312,207.89505004882812,528.3831176757812,409.8577575683594,123.53638458251953,210.66000366210938,553.1798095703125,108.30445861816406
2024-08-23,225.15219116210938,177.0399932861328,164.35275268554688,209.50730895996094,524.479248046875,411.0807800292969,129.15711975097656,220.32000732421875,558.7142944335938,109.80540466308594
2024-08-26,225.48965454101562,175.5,164.8885955810547,210.3326416015625,517.6451416015625,407.8259582519531,126.25190734863281,213.2100067138672,561.2186279296875,112.15596008300781
2024-08-27,226.3333282470703,173.1199951171875,163.41990661621094,211.30191040039062,515.6384887695312,408.171142578125,128.08888244628906,209.2100067138672,561.428955078125,111.08924102783203
2024-08-28,224.80479431152344,170.8000030517578,161.60391235351562,212.36715698242188,513.3340454101562,404.9755859375,125.40331268310547,205.75,562.5664672851562,109.99420928955078
2024-08-29,228.08026123046875,172.1199951171875,160.5421142578125,213.25006103515625,514.764404296875,407.4610595703125,117.39649963378906,206.27999877929688,565.462646484375,111.51403045654297
2024-08-30,227.29612731933594,178.5,162.12986755371094,215.7356414794922,517.8339233398438,411.4259948730469,119.173583984375,214.11000061035156,564.1531372070312,111.3346939086914
2024-09-03,221.11248779296875,176.25,156.15594482421875,211.4170684814453,508.3475646972656,403.8314514160156,107.8222885131836,210.60000610351562,572.2589111328125,109.00301361083984
2024-09-04,219.20675659179688,173.3300018310547,155.25289916992188,210.48619079589844,509.3209228515625,403.29888916015625,106.03522491455078,219.41000366210938,577.5162353515625,107.67198181152344
2024-09-05,220.72537231445312,177.88999938964844,156.036865234375,208.85472106933594,513.4135131835938,402.79583740234375,107.03358459472656,230.1699981689453,569.2097778320312,106.83182525634766
2024-09-06,219.17698669433594,171.38999938964844,149.7652130126953,203.89320373535156,496.9341125488281,396.197509765625,102.66079711914062,210.72999572753906,570.5383911132812,106.33150482177734
2024-09-09,219.26632690429688,175.39999389648438,147.7679443359375,208.0677947998047,501.4239807128906,400.1624450683594,106.29480743408203,216.27000427246094,567.8810424804688,108.56877136230469
2024-09-10,218.47227478027344,179.5500030517578,147.71827697753906,197.2714385986328,501.4239807128906,408.5262756347656,107.92210388183594,226.1699981689453,572.593505859375,104.61344146728516
2024-09-11,221.00331115722656,184.52000427246094,150.20240783691406,198.8740692138672,508.4170837402344,417.24517822265625,116.7176284790039,228.1300048828125,563.7230224609375,103.57504272460938
2024-09-12,221.11248779296875,187.0,153.71005249023438,198.26950073242188,522.0953369140625,421.15087890625,118.95413208007812,229.80999755859375,562.4517822265625,105.00048065185547
2024-09-13,220.84446716308594,186.49000549316406,156.46250915527344,196.0814208984375,521.121826171875,424.69171142578125,118.91419219970703,230.2899932861328,568.0914306640625,104.92496490478516
2024-09-16,214.7104949951172,184.88999938964844,157.05868530273438,199.4786834716797,530.2294921875,425.4314880371094,116.59781646728516,226.77999877929688,565.1368408203125,106.39759826660156
2024-09-17,215.17697143554688,186.8800048828125,158.31072998046875,200.81263732910156,533.2520141601562,429.1893005371094,115.40966796875,227.8699951171875,554.4124145507812,107.7852554321289
2024-09-18,219.04795837402344,186.42999267578125,158.79762268066406,199.1619873046875,534.8727416992188,424.9087829589844,113.19313049316406,227.1999969482422,556.9927978515625,108.1628646850586
2024-09-19,227.1671142578125,189.8699951171875,161.11285400390625,201.9930419921875,555.9016723632812,432.6807861328125,117.68611907958984,243.9199981689453,553.55859375,109.50333404541016
2024-09-20,226.50209045410156,191.60000610351562,162.5536651611328,202.57843017578125,558.1387939453125,429.3076477050781,115.81903076171875,238.25,551.5729370117188,108.81421661376953
2024-09-23,224.78494262695312,193.8800048828125,160.82470703125,202.91433715820312,561.1812133789062,427.5717468261719,116.07862091064453,250.0,550.0477294921875,110.78717041015625
2024-09-24,225.67825317382812,193.9600067138672,161.2619171142578,203.0582733154297,560.1076049804688,423.2912292480469,120.68143463134766,254.27000427246094,551.7552490234375,110.4945297241211
2024-09-25,224.68569946289062,192.52999877929688,160.4669952392578,201.7147216796875,565.0589599609375,426.19091796875,123.31732177734375,257.0199890136719,552.8295288085938,108.34221649169922
2024-09-26,225.82713317871094,191.16000366210938,161.6991424560547,201.32127380371094,564.5917358398438,425.4018859863281,123.84648132324219,254.22000122070312,551.3907470703125,106.48255920410156
2024-09-27,226.09510803222656,187.97000122070312,162.911376953125,202.01222229003906,564.114501953125,422.15692138671875,121.21060180664062,260.4599914550781,558.1438598632812,109.33340454101562
2024-09-30,231.26637268066406,186.3300018310547,164.7993621826172,202.35772705078125,569.1654663085938,424.40570068359375,121.25055694580078,261.6300048828125,560.8585815429688,110.6550064086914
2024-10-01,224.52687072753906,185.1300048828125,165.93215942382812,198.6917724609375,573.1722412109375,414.9273681640625,116.81746673583984,258.0199890136719,559.5347290039062,113.21322631835938
2024-10-02,225.09262084960938,184.75999450683594,164.80929565429688,198.931640625,569.5332641601562,411.4161071777344,118.66458129882812,249.02000427246094,568.177734375,114.71417236328125
2024-10-03,223.99087524414062,181.9600067138672,164.80929565429688,196.95472717285156,579.4363403320312,410.834228515625,122.6583480834961,240.66000366210938,568.5997924804688,115.7148208618164
2024-10-04,225.11251831054688,186.50999450683594,166.00167846679688,203.9453582763672,592.5308837890625,410.36077880859375,124.7251205444336,250.0800018310547,567.113037109375,117.83879852294922
2024-10-07,220.04051208496094,180.8000030517578,161.94754028320312,203.66534423828125,581.4347534179688,403.9300842285156,127.52074432373047,240.8300018310547,559.7841796875,118.34855651855469
2024-10-08,224.0901641845703,182.72000122070312,163.33868408203125,203.49151611328125,589.4984130859375,409.0292663574219,132.6826629638672,244.5,557.8848876953125,115.20504760742188
2024-10-09,227.8321075439453,185.1699981689453,160.8346405029297,206.06959533691406,587.1319580078125,411.7415771484375,132.44305419921875,241.0500030517578,567.132080078125,115.25225067138672
2024-10-10,227.3358154296875,186.64999389648438,161.05323791503906,205.50958251953125,580.490234375,410.1438293457031,134.5996856689453,238.77000427246094,573.3480834960938,116.24344635009766
2024-10-11,225.85690307617188,188.82000732421875,162.2058868408203,214.63412475585938,586.5751953125,410.6172180175781,134.58970642089844,217.8000030517578,573.683837890625,116.68712615966797
2024-10-14,229.57901000976562,187.5399932861328,163.91500854492188,213.8520050048828,587.04248046875,413.3985900878906,137.85459899902344,219.16000366210938,580.7344360351562,117.13081359863281
2024-10-15,232.11004638671875,187.69000244140625,164.4118194580078,214.73065185546875,582.9163818359375,413.00408935546875,131.3946990966797,219.57000732421875,533.625244140625,113.60970306396484
2024-10-16,230.055419921875,186.88999938964844,164.11375427246094,215.93763732910156,573.4905395507812,410.4199523925781,135.50827026367188,221.3300018310547,548.0620727539062,113.90235900878906
2024-10-17,230.4226837158203,187.52999877929688,161.89785766601562,216.6907501220703,573.6297607421875,411.0117492675781,136.7163543701172,220.88999938964844,542.9684448242188,113.60970306396484
2024-10-18,233.25148010253906,188.99000549316406,162.38475036621094,217.60800170898438,573.1722412109375,412.4320373535156,137.7847137451172,220.6999969482422,546.4025268554688,113.28874969482422
2024-10-21,234.720458984375,189.07000732421875,163.03062438964844,215.31967163085938,571.8697509765625,413.0435485839844,143.4857940673828,218.85000610351562,548.1868286132812,113.35482788085938
2024-10-22,234.1051025390625,189.6999969482422,164.09388732910156,216.4010772705078,578.6806640625,421.6539306640625,143.36598205566406,217.97000122070312,546.6423950195312,113.94009399414062
2024-10-23,229.0430145263672,184.7100067138672,161.74880981445312,215.71554565429688,560.4654541015625,418.7837829589844,139.34226989746094,213.64999389648438,541.6350708007812,113.5341796875
2024-10-24,228.85443115234375,186.3800048828125,161.6891632080078,217.2314453125,564.531982421875,418.9120178222656,140.19094848632812,260.4800109863281,537.9610595703125,112.89226531982422
2024-10-25,229.68820190429688,187.8300018310547,164.2230224609375,214.65341186523438,569.9707641601562,422.2851867675781,141.31918334960938,269.19000244140625,541.5582275390625,112.79786682128906
2024-10-28,231.66336059570312,188.38999938964844,165.66384887695312,217.7335662841797,574.8526000976562,420.7465515136719,140.30079650878906,262.510009765625,542.2105102539062,112.24092102050781
2024-10-29,231.93136596679688,190.8300018310547,168.60507202148438,215.22308349609375,589.88623046875,426.0331726074219,141.02963256835938,259.5199890136719,539.227294921875,110.7116470336914
2024-10-30,228.38792419433594,192.72999572753906,173.3548126220703,216.6811065673828,588.4146118164062,426.6051940917969,139.12261962890625,257.54998779296875,540.0233764648438,110.1546859741211
2024-10-31,224.22914123535156,186.39999389648438,170.02603149414062,214.27684020996094,564.3331909179688,400.7837829589844,132.55287170410156,249.85000610351562,541.5008544921875,110.23963928222656
2024-11-01,221.25143432617188,197.92999267578125,170.2048797607422,215.26171875,563.9155883789062,404.7487487792969,135.1887664794922,248.97999572753906,544.43603515625,108.51213836669922
2024-11-04,220.35812377929688,195.77999877929688,168.16787719726562,212.2105255126953,557.4727172851562,402.8648681640625,135.83775329589844,242.83999633789062,535.044921875,111.96715545654297
2024-11-05,221.7874298095703,199.5,168.66473388671875,213.8616485595703,569.1554565429688,405.82379150390625,139.6917266845703,251.44000244140625,543.927734375,112.29755401611328
2024-11-06,221.06283569335938,207.08999633789062,175.39181518554688,238.55099487304688,568.7776489257812,414.4243469238281,145.38284301757812,288.5299987792969,572.3792724609375,114.22330474853516
2024-11-07,225.7874298095703,210.0500030517578,179.60498046875,228.23883056640625,588.315185546875,419.6023864746094,148.64773559570312,296.9100036621094,580.7823486328125,114.36490631103516
2024-11-08,225.51914978027344,208.17999267578125,177.22018432617188,228.8181610107422,585.9686889648438,416.7520446777344,147.39967346191406,321.2200012207031,590.72021484375,114.3271484375
2024-11-11,222.80645751953125,206.83999633789062,179.20753479003906,231.04859924316406,579.8339233398438,412.2840881347656,145.0333709716797,350.0,599.775634765625,113.72299194335938
2024-11-12,222.80645751953125,208.91000366210938,180.46946716308594,231.30929565429688,581.474609375,417.23529052734375,148.0586395263672,328.489990234375,589.6266479492188,113.60970306396484
2024-11-13,223.69082641601562,214.10000610351562,177.746826171875,232.8542022705078,576.68212890625,419.37554931640625,146.04180908203125,330.239990234375,581.1852416992188,114.66698455810547
2024-11-14,226.77114868164062,211.47999572753906,174.4677276611328,233.53973388671875,573.8583984375,421.0424499511719,146.5310516357422,311.17999267578125,568.9833984375,114.74312591552734
2024-11-15,223.5715789794922,202.61000061035156,171.39730834960938,236.8612823486328,550.910400390625,409.3153381347656,141.7584686279297,320.7200012207031,568.1008911132812,113.55343627929688
2024-11-18,226.5724334716797,201.6999969482422,174.1894989013672,236.59091186523438,551.228515625,410.06494140625,139.9313507080078,338.739990234375,565.6261596679688,114.50518798828125
2024-11-19,226.8307647705078,204.61000061035156,176.99163818359375,234.71771240234375,557.8803100585938,412.0670471191406,146.78065490722656,346.0,553.491455078125,112.9062271118164
2024-11-20,227.54620361328125,202.8800048828125,174.8651580810547,232.48727416992188,562.2850341796875,409.7985534667969,145.6623992919922,342.0299987792969,576.033935546875,114.51469421386719
2024-11-21,227.0692596435547,198.3800048828125,166.56808471679688,236.33021545410156,559.868896484375,408.0295715332031,146.44119262695312,339.6400146484375,573.1466674804688,116.0470199584961
2024-11-22,228.41067504882812,197.1199951171875,163.7162628173828,239.9897003173828,555.9414672851562,412.1111145019531,141.7285614013672,352.55999755859375,566.7962646484375,115.91377258300781
2024-11-25,231.3916473388672,201.4499969482422,166.58795166015625,241.6697540283203,561.8773193359375,413.8801574707031,135.80780029296875,338.5899963378906,581.1467895507812,114.18158721923828
2024-11-26,233.56771850585938,207.86000061035156,168.04864501953125,241.3607635498047,570.259033203125,422.9722900390625,136.7063751220703,338.2300109863281,582.0677490234375,112.27808380126953
2024-11-27,233.4385528564453,205.74000549316406,168.15794372558594,241.1869659423828,565.9439697265625,418.0309143066406,135.1288604736328,332.8900146484375,583.5929565429688,111.98303985595703
2024-11-29,235.82333374023438,207.88999938964844,167.8797149658203,241.11936950683594,571.03466796875,418.4953918457031,138.03433227539062,345.1600036621094,585.3388671875,112.2685775756836
2024-12-02,238.06893920898438,210.7100067138672,170.40362548828125,237.76890563964844,589.438720703125,425.9272766113281,138.41372680664062,357.0899963378906,583.7271728515625,112.16387176513672
2024-12-03,241.10952758789062,213.44000244140625,170.2545928955078,236.38815307617188,610.1396484375,426.14471435546875,140.0411834716797,351.4200134277344,580.5712280273438,111.99256134033203
2024-12-04,241.4672393798828,218.16000366210938,173.26536560058594,235.01702880859375,610.2689208984375,432.291748046875,144.91355895996094,357.92999267578125,585.9046630859375,108.76612854003906
2024-12-05,241.49703979492188,220.5500030517578,171.5463409423828,237.02540588378906,605.4466552734375,437.4308166503906,144.84368896484375,369.489990234375,555.3811645507812,109.24198913574219
2024-12-06,241.29832458496094,227.02999877929688,173.60324096679688,238.84066772460938,620.2017822265625,438.3696594238281,142.2275848388672,389.2200012207031,527.2269287109375,108.09038543701172
2024-12-09,245.18350219726562,226.08999633789062,174.45875549316406,235.41294860839844,610.0601806640625,440.79095458984375,138.60299682617188,389.7900085449219,539.8414916992188,107.45270538330078
2024-12-10,246.19703674316406,225.0399932861328,184.2078399658203,234.49566650390625,615.7771606445312,438.1324768066406,134.86856079101562,400.989990234375,544.2421264648438,107.23380279541016
2024-12-11,244.92515563964844,230.25999450683594,194.3846893310547,235.14256286621094,629.060791015625,443.72613525390625,139.1022491455078,424.7699890136719,513.7555541992188,106.51998901367188
2024-12-12,246.38583374023438,228.97000122070312,190.9625701904297,233.2114715576172,627.1815185546875,444.2894287109375,137.1351776123047,418.1000061035156,496.6441650390625,106.42481994628906
2024-12-13,246.5547332763672,227.4600067138672,188.83367919921875,231.67623901367188,616.8013305664062,442.0262756347656,134.04978942871094,436.2300109863281,501.1891784667969,105.4920883178711
2024-12-16,249.44625854492188,232.92999267578125,195.63812255859375,231.32861328125,621.1697387695312,446.2956237792969,131.8031463623047,463.0199890136719,480.0238952636719,103.23644256591797
2024-12-17,251.87075805664062,231.14999389648438,194.40457153320312,230.150634765625,616.393310546875,449.1319885253906,130.19554138183594,479.8599853515625,467.5249328613281,102.79864501953125
2024-12-18,246.47525024414062,220.52000427246094,187.4210662841797,222.43580627441406,594.2528076171875,432.2621154785156,128.71775817871094,440.1300048828125,481.1986083984375,101.28536224365234
2024-12-19,248.20419311523438,223.2899932861328,187.5304718017578,224.9366455078125,592.6406860351562,431.90625,130.485107421875,436.1700134277344,471.1167297363281,100.41926574707031
2024-12-20,252.8743896484375,224.9199981689453,190.41542053222656,229.4167938232422,582.3714599609375,431.4813537597656,134.49911499023438,421.05999755859375,481.59344482421875,100.76188659667969
2024-12-23,253.64944458007812,225.05999755859375,193.61871337890625,230.1796112060547,596.899658203125,430.1471862792969,139.46170043945312,430.6000061035156,487.57330322265625,101.171142578125
2024-12-24,256.560791015625,229.0500030517578,195.09100341796875,233.96458435058594,604.7608032226562,434.1793518066406,140.01089477539062,462.2799987792969,487.3421630859375,101.26631927490234
2024-12-26,257.3755798339844,227.0500030517578,194.5836639404297,234.76600646972656,600.3824462890625,432.9736633300781,139.72132873535156,454.1300048828125,492.20501708984375,101.35198974609375
2024-12-27,253.96739196777344,223.75,191.75840759277344,232.86386108398438,596.85986328125,425.48248291015625,136.8056640625,431.6600036621094,491.0879821777344,101.34246826171875
2024-12-30,250.5989227294922,221.3000030517578,190.24630737304688,231.0775604248047,588.3319091796875,419.849365234375,137.28494262695312,417.4100036621094,488.97918701171875,100.6572036743164
2024-12-31,248.83021545410156,219.38999938964844,188.31639099121094,231.4541473388672,582.6301879882812,416.55841064453125,134.08973693847656,403.8399963378906,487.11102294921875,102.37987518310547
2025-01-02,242.3019256591797,220.22000122070312,188.44569396972656,231.73416137695312,596.2926635742188,413.672607421875,138.10372924804688,379.2799987792969,485.8110656738281,102.1324234008789
2025-01-03,241.81503295898438,224.19000244140625,190.79344177246094,234.90118408203125,601.6561279296875,418.38671875,144.2545623779297,410.44000244140625,493.9864501953125,102.6558837890625
2025-01-06,243.44461059570312,227.61000061035156,195.8470458984375,233.7559356689453,627.100341796875,422.8339538574219,149.2071533203125,411.04998779296875,494.631591796875,102.54167175292969
2025-01-07,240.67233276367188,222.11000061035156,194.47421264648438,236.00759887695312,614.8509521484375,417.4181823730469,139.93101501464844,394.3599853515625,495.19012451171875,103.50293731689453
2025-01-08,241.1592254638672,222.1300048828125,192.9422149658203,235.96881103515625,607.7161865234375,419.58251953125,139.9010467529297,394.94000244140625,505.0794982910156,101.77075958251953
2025-01-10,235.3463592529297,218.94000244140625,191.04212951660156,232.8048095703125,612.8309326171875,414.0382995605469,135.7073211669922,394.739990234375,501.3913879394531,101.39956665039062
2025-01-13,232.9119110107422,218.4600067138672,190.01748657226562,237.01698303222656,605.3380126953125,412.2989501953125,133.0313262939453,403.30999755859375,521.08349609375,104.01688385009766
2025-01-14,231.7990264892578,217.75999450683594,188.6745147705078,240.1809539794922,591.3272094726562,410.7967224121094,131.56349182128906,396.3599853515625,523.5870971679688,104.42613220214844
2025-01-15,236.35987854003906,223.35000610351562,194.53392028808594,244.91722106933594,614.084716796875,421.3119812011719,136.03683471679688,428.2200012207031,523.2789306640625,106.12976837158203
2025-01-16,226.81088256835938,220.66000366210938,191.90760803222656,246.78065490722656,608.2933959960938,419.60223388671875,133.37081909179688,413.82000732421875,491.665771484375,105.94893646240234
2025-01-17,228.51998901367188,225.94000244140625,194.98158264160156,251.52662658691406,609.7561645507812,424.0001220703125,137.504638671875,426.5,490.8664855957031,106.90069580078125
2025-01-21,221.2265625,230.7100067138672,197.02093505859375,255.28260803222656,613.4280395507812,423.4763488769531,140.61997985839844,424.07000732421875,505.53204345703125,106.09170532226562
2025-01-22,222.4090118408203,235.00999450683594,197.33924865722656,255.0981903076172,620.4332885742188,440.9688415527344,146.85067749023438,415.1099853515625,500.45733642578125,104.24530792236328
2025-01-23,222.24008178710938,235.4199981689453,196.95127868652344,258.11663818359375,633.3196411132812,441.47283935546875,147.00045776367188,412.3800048828125,510.1349182128906,104.83539581298828
2025-01-24,221.3656768798828,234.85000610351562,199.16970825195312,257.0393371582031,644.305419921875,438.8538818359375,142.40731811523438,406.5799865722656,512.7733154296875,103.41728973388672
2025-01-27,228.40072631835938,235.4199981689453,190.81332397460938,258.0195617675781,656.6343994140625,429.46527099609375,118.24340057373047,397.1499938964844,523.3753051757812,104.85443115234375
2025-01-28,236.74740600585938,238.14999389648438,194.28521728515625,259.2716064453125,671.013427734375,441.95709228515625,128.79763793945312,398.0899963378906,522.373779296875,102.82719421386719
2025-01-29,237.84042358398438,237.07000732421875,194.39463806152344,258.72808837890625,673.1627197265625,437.1441650390625,123.51551818847656,389.1000061035156,518.1561279296875,103.42678833007812
2025-01-30,236.08164978027344,234.63999938964844,199.82626342773438,260.3294677734375,683.6210327148438,410.12469482421875,124.464111328125,400.2799987792969,525.3493041992188,104.28337097167969
2025-01-31,234.5017547607422,237.67999267578125,202.9599151611328,259.4268798828125,685.7903442382812,410.19390869140625,119.89093780517578,404.6000061035156,522.3834228515625,101.67557525634766
2025-02-03,226.56246948242188,237.4199981689453,200.1844024658203,258.9512939453125,694.0296630859375,406.10247802734375,116.48603057861328,383.67999267578125,527.862548828125,101.92302703857422
2025-02-04,231.32208251953125,242.05999755859375,205.30764770507812,260.0480651855469,700.7265014648438,407.535400390625,118.47305297851562,392.2099914550781,525.2337646484375,104.65455627441406
2025-02-05,230.99417114257812,236.1699981689453,190.33584594726562,262.4646911621094,701.4031372070312,408.4446716308594,124.64385223388672,378.1700134277344,519.802734375,104.57841491699219
2025-02-06,231.7394256591797,238.8300018310547,190.60443115234375,268.74407958984375,708.4880981445312,410.9449768066406,128.4881134033203,374.32000732421875,510.3948669433594,103.19837951660156
2025-02-07,226.1848907470703,229.14999389648438,184.376953125,267.676513671875,711.005615234375,404.9461364746094,129.6463623046875,361.6199951171875,507.4964904785156,103.63619232177734
2025-02-10,226.45347595214844,233.13999938964844,185.50108337402344,263.05670166015625,713.8715209960938,407.38720703125,133.37081909179688,350.7300109863281,513.6015014648438,105.61582946777344
2025-02-11,231.39732360839844,232.75999450683594,184.35707092285156,266.890380859375,716.2597045898438,406.6163635253906,132.6019744873047,328.5,514.131103515625,106.28205108642578
2025-02-12,235.62501525878906,228.92999267578125,182.6559600830078,267.3367919921875,721.8123168945312,404.24444580078125,130.94442749023438,336.510009765625,507.85272216796875,103.0843734741211
2025-02-13,240.26052856445312,230.3699951171875,185.1728057861328,268.18121337890625,724.9765625,405.72686767578125,135.08822631835938,355.94000244140625,511.49261474609375,103.8333740234375
2025-02-14,243.31439208984375,228.67999267578125,184.2675323486328,268.4432678222656,733.0466918945312,403.6416320800781,138.64292907714844,355.8399963378906,504.1069641113281,103.93900299072266
2025-02-18,243.18507385253906,226.64999389648438,182.81512451171875,271.70428466796875,712.8466186523438,404.8374328613281,139.19210815429688,354.1099853515625,482.17120361328125,105.76351165771484
2025-02-19,243.58297729492188,226.6300048828125,184.3073272705078,271.0249328613281,700.3085327148438,409.9073181152344,139.02235412597656,360.55999755859375,492.09912109375,105.91716003417969
2025-02-20,244.53793334960938,222.8800048828125,183.6009979248047,258.9415588378906,691.4225463867188,412.0760192871094,139.9010467529297,354.3999938964844,483.798583984375,107.54959869384766
2025-02-21,244.25938415527344,216.5800018310547,178.7264862060547,256.45703125,680.1879272460938,404.2331237792969,134.22950744628906,337.79998779296875,449.1328430175781,106.29165649414062
2025-02-24,245.80123901367188,212.7100067138672,178.31861877441406,253.6424102783203,664.8438720703125,400.0641174316406,130.08572387695312,330.5299987792969,444.4144592285156,106.84860229492188
2025-02-25,245.74154663085938,212.8000030517578,174.5084991455078,249.81846618652344,654.2660522460938,394.0235595703125,126.44114685058594,302.79998779296875,452.9460754394531,105.36980438232422
2025-02-26,239.09666442871094,214.35000610351562,171.83248901367188,251.1675567626953,670.386474609375,395.83575439453125,131.084228515625,290.79998779296875,446.4077453613281,105.11052703857422
2025-02-27,236.05276489257812,208.74000549316406,167.62445068359375,251.4198760986328,655.0025024414062,388.70587158203125,119.97081756591797,281.95001220703125,451.1935729980469,105.77311706542969
2025-02-28,240.56887817382812,212.27999877929688,169.3952178955078,256.8548889160156,664.9135131835938,393.1224060058594,124.73370361328125,292.9800109863281,457.3562927246094,106.9062271118164
2025-03-03,236.77891540527344,205.02000427246094,166.14219665527344,252.94366455078125,651.828125,384.7052307128906,113.88990020751953,284.6499938964844,449.7394714355469,103.47808074951172
2025-03-04,234.68994140625,203.8000030517578,170.0318603515625,242.8790740966797,636.8521728515625,384.82403564453125,115.8170166015625,272.0400085449219,457.019287109375,103.2668228149414
2025-03-05,234.50096130371094,208.36000061035156,172.12098693847656,244.12136840820312,653.2411499023438,397.1131286621094,117.12506866455078,279.1000061035156,458.3385314941406,101.25027465820312
2025-03-06,234.09310913085938,200.6999969482422,171.45445251464844,239.2783203125,624.8416137695312,393.0234069824219,110.40510559082031,263.45001220703125,469.6434326171875,103.34364318847656
2025-03-07,237.81344604492188,199.25,172.95660400390625,235.14381408691406,622.582763671875,389.4783020019531,112.5219497680664,262.6700134277344,475.18994140625,104.68800354003906
2025-03-10,226.28436279296875,194.5399932861328,165.1981658935547,225.38014221191406,595.048828125,376.4563903808594,106.8204574584961,222.14999389648438,464.3975830078125,107.35755920410156
2025-03-11,219.67926025390625,196.58999633789062,163.37557983398438,222.39083862304688,602.73095703125,376.74359130859375,108.5978012084961,230.5800018310547,470.02581787109375,104.82245635986328
2025-03-12,215.83956909179688,198.88999938964844,166.43312072753906,221.18736267089844,616.5127563476562,379.53607177734375,115.57803344726562,248.08999633789062,465.25823974609375,104.79364013671875
2025-03-13,208.57791137695312,193.88999938964844,162.10076904296875,218.5571746826172,587.7349243164062,375.0799560546875,115.41825103759766,240.67999267578125,465.65478515625,104.35191345214844
2025-03-14,212.36788940429688,197.9499969482422,164.81971740722656,225.59365844726562,605.1494750976562,384.7745361328125,121.49972534179688,249.97999572753906,472.5498046875,107.45357513427734
2025-03-17,212.87522888183594,195.74000549316406,163.62457275390625,227.03976440429688,602.46044921875,384.9132080078125,119.36272430419922,238.00999450683594,482.578125,109.23966979980469
2025-03-18,211.5720977783203,192.82000732421875,160.0192108154297,228.04913330078125,580.01123046875,379.78363037109375,115.2684555053711,225.30999755859375,487.20068359375,109.12443542480469
2025-03-19,214.1086883544922,195.5399932861328,163.22618103027344,232.0671844482422,581.7044067382812,384.0417785644531,117.35552978515625,235.86000061035156,486.62042236328125,110.82410430908203
2025-03-20,212.97470092773438,194.9499969482422,162.14060974121094,231.9701385498047,583.6365356445312,383.0712890625,118.3641128540039,236.25999450683594,494.45355224609375,111.29463958740234
2025-03-21,217.12277221679688,196.2100067138672,163.3258056640625,234.512939453125,593.8452758789062,387.44830322265625,117.5352783203125,248.7100067138672,499.82073974609375,110.9105224609375
2025-03-24,219.56985473632812,203.25999450683594,167.00082397460938,240.75357055664062,616.3540649414062,389.2505187988281,121.24009704589844,278.3900146484375,499.48223876953125,111.1986083984375
2025-03-25,222.57395935058594,205.7100067138672,169.8691864013672,243.733154296875,623.7839965820312,391.3102722167969,120.52110290527344,288.1400146484375,496.513427734375,111.95721435546875
2025-03-26,220.36563110351562,201.1300048828125,164.39144897460938,243.6361083984375,608.5158081054688,386.1708068847656,113.60079956054688,272.05999755859375,501.1262512207031,113.5704574584961
2025-03-27,222.6734619140625,201.36000061035156,161.58287048339844,240.81179809570312,600.1497192382812,386.77484130859375,111.27406311035156,273.1300048828125,498.7279357910156,113.20555877685547
2025-03-28,216.7547149658203,192.72000122070312,153.70489501953125,235.69703674316406,574.4138793945312,375.1096496582031,109.51652526855469,263.54998779296875,499.03741455078125,113.05191802978516
2025-03-31,220.96249389648438,190.25999450683594,154.01364135742188,238.07489013671875,574.0354614257812,371.7328796386719,108.22832489013672,259.1600036621094,506.49334716796875,114.2042236328125
2025-04-01,222.0169219970703,192.1699981689453,156.43382263183594,236.48318481445312,583.6365356445312,378.46661376953125,109.995849609375,268.4599914550781,505.88409423828125,114.30986785888672
2025-04-02,222.71322631835938,196.00999450683594,156.40391540527344,238.57955932617188,581.5748901367188,378.4171142578125,110.26546478271484,282.760009765625,505.96148681640625,113.95455932617188
2025-04-03,202.1220245361328,178.41000366210938,150.1095428466797,221.95413208007812,529.4759521484375,369.4750671386719,101.65753173828125,267.2799987792969,522.6334838867188,107.9625244140625
2025-04-04,187.38987731933594,171.0,145.01028442382812,205.3434295654297,502.6943664550781,356.3343505859375,94.17801666259766,239.42999267578125,507.7505798339844,100.1939697265625
2025-04-07,180.50625610351562,175.25999450683594,146.15562438964844,209.40576171875,514.1678466796875,354.3736267089844,97.50335693359375,233.2899932861328,507.4120178222656,98.849609375
2025-04-08,171.5137481689453,170.66000366210938,144.11390686035156,211.77871704101562,508.39129638671875,351.10577392578125,96.16522979736328,221.86000061035156,534.8569946289062,96.76583099365234
2025-04-09,197.8048553466797,191.10000610351562,158.06716918945312,228.83859252929688,583.407470703125,386.6857604980469,114.16999816894531,272.20001220703125,559.439453125,101.59596252441406
2025-04-10,189.4191436767578,181.22000122070312,152.20103454589844,221.7783203125,544.0867309570312,377.634765625,107.4194564819336,252.39999389648438,574.8156127929688,95.95921325683594
2025-04-11,197.10853576660156,184.8699951171875,156.50352478027344,230.65492248535156,541.3778076171875,384.6656494140625,110.7747573852539,252.30999755859375,579.718505859375,99.04165649414062
2025-04-14,201.45555114746094,182.1199951171875,158.4257354736328,229.20965576171875,529.3364868164062,384.0318603515625,110.55506134033203,252.35000610351562,567.7174072265625,99.28173065185547
2025-04-15,201.07754516601562,179.58999633789062,155.67689514160156,227.65699768066406,519.4166259765625,381.9721374511719,112.04297637939453,254.11000061035156,564.3617553710938,99.00324249267578
2025-04-16,193.24893188476562,174.3300018310547,152.70896911621094,224.21963500976562,500.2840881347656,367.9896545410156,104.3437728881836,241.5500030517578,565.7639770507812,100.04994201660156
2025-04-17,195.94467163085938,172.61000061035156,150.54774475097656,226.5144805908203,499.45745849609375,364.1969909667969,101.34796142578125,241.3699951171875,439.14788818359375,102.67144775390625
2025-04-21,192.14476013183594,167.32000732421875,147.07186889648438,223.6142120361328,482.705322265625,355.6213684082031,96.77438354492188,227.5,411.3161315917969,101.16383361816406
2025-04-22,198.690185546875,173.17999267578125,150.8564910888672,230.05926513671875,498.2622985839844,363.2463684082031,98.75160217285156,237.97000122070312,413.10516357421875,103.99662780761719
2025-04-23,203.52462768554688,180.60000610351562,154.72079467773438,235.22508239746094,518.1716918945312,370.7426452636719,102.5662612915039,250.74000549316406,413.8594665527344,103.10357666015625
2025-04-24,207.27479553222656,186.5399932861328,158.63487243652344,238.89678955078125,530.9998779296875,383.5268249511719,106.28105163574219,259.510009765625,410.2716979980469,104.31350708007812
2025-04-25,208.18002319335938,188.99000549316406,161.30401611328125,237.83238220214844,545.0628051757812,388.0325012207031,110.85465240478516,284.95001220703125,404.8465881347656,104.25588989257812
2025-04-28,209.03550720214844,187.6999969482422,159.95948791503906,237.51011657714844,547.5228271484375,387.3492431640625,108.57784271240234,285.8800048828125,406.1617126464844,104.31350708007812
2025-04-29,210.09986877441406,187.38999938964844,159.5112762451172,238.8772735595703,552.2039184570312,390.201171875,108.867431640625,292.0299987792969,395.74664306640625,104.05424499511719
2025-04-30,211.38311767578125,184.4199981689453,158.1568145751953,238.8772735595703,546.7858276367188,391.4092712402344,108.76756286621094,282.1600036621094,397.8837890625,101.4327163696289
2025-05-01,212.1988067626953,190.1999969482422,160.6466827392578,241.09397888183594,569.9022216796875,421.2556457519531,111.45380401611328,280.5199890136719,387.47833251953125,101.57675170898438
2025-05-02,204.27069091796875,189.97999572753906,163.36561584472656,246.58204650878906,594.6122436523438,431.0393981933594,114.33976745605469,287.2099914550781,386.7433776855469,101.98967742919922
2025-05-05,197.84463500976562,186.35000610351562,163.54489135742188,246.630859375,596.8531494140625,431.9207458496094,113.66072082519531,280.260009765625,391.47222900390625,99.16648864746094
2025-05-06,197.4666290283203,185.00999450683594,162.56886291503906,243.3985595703125,584.9413452148438,429.0885925292969,113.38111114501953,275.3500061035156,381.5115966796875,100.54927825927734
2025-05-07,195.21852111816406,188.7100067138672,150.76687622070312,243.53529357910156,594.4030151367188,429.1282043457031,116.89617919921875,276.2200012207031,378.17529296875,100.45325469970703
2025-05-08,196.45199584960938,192.0800018310547,153.65509033203125,247.51951599121094,595.5982055664062,433.9012451171875,117.20575714111328,284.82000732421875,372.8468017578125,101.85523223876953
2025-05-09,197.4865264892578,193.05999755859375,152.13128662109375,247.13865661621094,590.1004028320312,434.4557800292969,116.48675537109375,298.260009765625,368.0986022949219,103.04595184326172
2025-05-12,209.95704650878906,208.63999938964844,157.81820678710938,253.9449920654297,636.8510131835938,444.88323974609375,122.82787322998047,318.3800048828125,366.2708435058594,104.82245635986328
2025-05-13,212.08860778808594,211.3699951171875,158.8838348388672,256.8355407714844,653.3840942382812,444.764404296875,129.7481689453125,334.07000732421875,301.1205749511719,105.11052703857422
2025-05-14,211.490966796875,210.25,164.7001953125,259.4038391113281,656.70068359375,448.52734375,135.1505889892578,347.67999267578125,297.86163330078125,104.16947174072266
2025-05-15,210.6144256591797,205.1699981689453,163.29591369628906,261.2103576660156,641.2831420898438,449.5392761230469,134.6413116455078,342.82000732421875,265.3106689453125,105.2258071899414
2025-05-16,210.42520141601562,205.58999633789062,165.51687622070312,261.2787170410156,637.7574462890625,450.67022705078125,135.21051025390625,349.9800109863281,282.2920837402344,104.84784698486328
2025-05-19,207.9550018310547,206.16000366210938,165.86546325683594,258.6616516113281,637.8470458984375,455.2337951660156,135.38026428222656,342.0899963378906,305.48199462890625,103.18098449707031
2025-05-20,206.04258728027344,204.07000732421875,163.31582641601562,259.4428405761719,634.5304565429688,454.5393371582031,134.1919403076172,343.82000732421875,310.9844970703125,101.70793151855469
2025-05-21,201.2914276123047,201.1199951171875,167.8772735595703,254.91180419921875,632.9368896484375,448.9837341308594,131.6155548095703,334.6199951171875,292.99737548828125,100.4577865600586
2025-05-22,200.56431579589844,203.10000610351562,170.1779022216797,254.5504913330078,634.0026245117188,451.2555847167969,132.64410400390625,341.0400085449219,286.895263671875,99.78910827636719
2025-05-23,194.49838256835938,200.99000549316406,167.78762817382812,254.58950805664062,624.531005859375,446.6126708984375,131.10626220703125,339.3399963378906,285.8315124511719,99.84725189208984
2025-05-27,199.4188690185547,206.02000427246094,172.19969177246094,259.0620422363281,639.7294311523438,457.03936767578125,135.31036376953125,362.8900146484375,285.2803039550781,100.32210540771484
2025-05-28,199.62803649902344,204.72000122070312,171.66188049316406,257.3042907714844,640.984375,453.7357482910156,134.621337890625,356.8999938964844,288.2878112792969,98.9556655883789
2025-05-29,199.15989685058594,205.6999969482422,171.16390991210938,258.1636047363281,642.4483642578125,455.0452880859375,138.99520874023438,358.42999267578125,288.3458557128906,99.51776123046875
2025-05-30,200.0563507080078,205.00999450683594,171.0443878173828,257.8022766113281,644.8786010742188,456.71197509765625,134.94090270996094,346.4599914550781,291.9626159667969,99.13980102539062
2025-06-02,200.90298461914062,206.64999389648438,168.34535217285156,258.4468078613281,668.1942138671875,458.3092041015625,137.187744140625,342.69000244140625,294.67999267578125,99.86663055419922
2025-06-03,202.46678161621094,205.7100067138672,165.50689697265625,260.0189514160156,664.1605224609375,459.3013000488281,141.02235412597656,344.2699890136719,291.29534912109375,100.59346771240234
2025-06-04,202.0185546875,207.22999572753906,167.3693389892578,258.01715087890625,685.1753540039062,460.1941833496094,141.7213897705078,332.04998779296875,290.4830322265625,99.13980102539062
2025-06-05,199.83721923828125,207.91000366210938,167.5286865234375,255.8004150390625,681.8588256835938,463.9739685058594,139.79409790039062,284.70001220703125,286.09259033203125,98.68431854248047
2025-06-06,203.11419677734375,213.57000732421875,172.9765167236328,259.49169921875,694.8960571289062,466.652587890625,141.5216522216797,295.1400146484375,293.2294616699219,101.04893493652344
2025-06-09,200.6539764404297,216.97999572753906,175.58908081054688,260.4779357910156,691.2607421875,469.0038146972656,142.43040466308594,308.5799865722656,293.2004089355469,101.72732543945312
2025-06-10,201.86912536621094,217.61000061035156,178.0919647216797,262.2942810058594,699.567138671875,467.1883239746094,143.75852966308594,326.0899963378906,293.7806701660156,103.9078140258789
2025-06-11,197.99452209472656,213.1999969482422,176.8455047607422,261.8548583984375,691.3404541015625,468.8748474121094,142.6400146484375,326.42999267578125,300.32763671875,105.9332504272461
2025-06-12,198.41285705566406,213.24000549316406,175.2001953125,261.9427490234375,690.5635375976562,475.0752868652344,144.80712890625,319.1099853515625,308.0060119628906,106.34027862548828
2025-06-13,195.6737060546875,212.10000610351562,174.17312622070312,258.7300109863281,680.1158447265625,471.1962890625,141.78114318847656,325.30999755859375,303.1997375488281,108.65644836425781
2025-06-16,197.63595581054688,216.10000610351562,176.2671661376953,264.01300048828125,699.8262939453125,475.3431701660156,144.49754333496094,329.1300048828125,299.6352233886719,109.00532531738281
2025-06-17,194.86692810058594,214.82000732421875,175.44949340820312,263.19268798828125,694.9522705078125,474.25189208984375,143.92828369140625,316.3500061035156,300.81365966796875,110.47836303710938
2025-06-18,195.80319213867188,212.52000427246094,172.8269805908203,267.5284423828125,693.4970703125,476.4344482421875,145.28648376464844,322.04998779296875,299.1872253417969,109.69339752197266
2025-06-20,200.20574951171875,209.69000244140625,166.1659698486328,268.5440368652344,680.120849609375,473.616943359375,143.65866088867188,322.1600036621094,294.1325988769531,111.15674591064453
2025-06-23,200.70376586914062,208.47000122070312,164.72010803222656,271.73724365234375,696.248046875,482.1488037109375,143.97824096679688,348.67999267578125,292.8372802734375,108.2881851196289
2025-06-24,199.5084991455078,212.77000427246094,166.29559326171875,274.6571044921875,709.8733520507812,486.2261962890625,147.70326232910156,340.4700012207031,297.6484069824219,104.99320220947266
2025-06-25,200.76353454589844,211.99000549316406,170.19447326660156,277.3913269042969,706.3648681640625,488.3691101074219,154.10475158691406,327.54998779296875,294.1423034667969,105.02229309082031
2025-06-26,200.20574951171875,217.1199951171875,173.04632568359375,281.97125244140625,723.7180786132812,493.508056640625,154.8137969970703,325.7799987792969,294.7266540527344,106.59223937988281
2025-06-27,200.28543090820312,223.3000030517578,178.02215576171875,280.3697509765625,731.2333374023438,492.010009765625,157.54017639160156,323.6300048828125,301.04736328125,106.00108337402344
2025-06-30,204.35926818847656,219.38999938964844,175.72869873046875,283.1040344238281,735.6788940429688,493.4684143066406,157.7798614501953,317.6600036621094,303.8327941894531,104.46990203857422
2025-07-01,206.99879455566406,220.4600067138672,175.33981323242188,283.59228515625,716.8704223632812,488.1508483886719,153.09609985351562,300.7099914550781,317.6332092285156,105.86540985107422
2025-07-02,211.60055541992188,219.9199981689453,178.1318359375,285.14495849609375,711.2389526367188,487.1984558105469,157.04083251953125,315.6499938964844,299.5378112792969,107.61949920654297
2025-07-03,212.70616149902344,223.41000366210938,179.01931762695312,290.4435729980469,716.6611938476562,494.8870544433594,159.1280517578125,315.3500061035156,300.5019836425781,108.73397064208984
2025-07-07,209.120361328125,223.47000122070312,176.28709411621094,286.4892578125,716.0032348632812,493.77593994140625,158.02952575683594,293.94000244140625,295.7882080078125,107.67764282226562
2025-07-08,209.1801300048828,219.36000061035156,173.864013671875,277.47174072265625,718.3157348632812,492.6846618652344,159.7871856689453,297.80999755859375,299.6741943359375,110.6624984741211
2025-07-09,210.3056640625,222.5399932861328,176.11756896972656,277.8446044921875,730.3861694335938,499.52008056640625,162.66334533691406,295.8800048828125,295.00909423828125,110.28456115722656
2025-07-10,211.57064819335938,222.25999450683594,177.11471557617188,282.78021240234375,724.8642578125,497.5061340332031,163.88172912597656,309.8699951171875,291.69781494140625,111.37964630126953
2025-07-11,210.3256072998047,225.02000427246094,179.67742919921875,281.4751281738281,715.1660766601562,499.33154296875,164.7006378173828,313.510009765625,296.1680908203125,111.86419677734375
2025-07-14,207.79562377929688,225.69000244140625,181.04351806640625,283.2806396484375,718.5648803710938,499.033935546875,163.85177612304688,316.8999938964844,292.7398681640625,110.40083312988281
2025-07-15,208.28369140625,226.35000610351562,181.48226928710938,281.17095947265625,708.0692749023438,501.8117370605469,170.4729461669922,310.7799987792969,284.10125732421875,109.42205047607422
2025-07-16,209.3295440673828,223.19000244140625,182.4495086669922,280.4546813964844,700.6136474609375,501.6133117675781,171.14205932617188,321.6700134277344,284.8608703613281,108.76304626464844
2025-07-17,209.1901092529297,223.8800048828125,183.0577850341797,284.4581298828125,699.1185913085938,507.6451416015625,172.7698974609375,319.4100036621094,280.5561828613281,108.21065521240234
2025-07-18,210.34548950195312,226.1300048828125,184.53355407714844,285.8023681640625,701.979248046875,506.0082092285156,172.18069458007812,329.6499938964844,275.2775573730469,104.4408187866211
2025-07-21,211.64036560058594,229.3000030517578,189.55923461914062,285.5080261230469,710.6408081054688,506.0181579589844,171.1520538330078,328.489990234375,274.7808837890625,104.71217346191406
2025-07-22,213.5527801513672,227.47000122070312,190.7957000732422,285.9593811035156,702.5075073242188,501.26611328125,166.80784606933594,332.1099853515625,277.6929016113281,105.18704223632812
2025-07-23,213.30377197265625,228.2899932861328,189.6888427734375,291.1893615722656,711.2489013671875,501.861328125,170.55284118652344,332.55999755859375,284.88037109375,106.53409576416016
2025-07-24,212.91531372070312,232.22999572753906,191.62335205078125,290.9832458496094,712.4649047851562,506.8316650390625,173.5089111328125,305.29998779296875,271.313720703125,107.36753845214844
2025-07-25,213.03485107421875,231.44000244140625,192.63046264648438,293.0143737792969,710.351806640625,509.63922119140625,173.26922607421875,316.05999755859375,273.7290344238281,106.98957824707031
2025-07-28,213.2041778564453,232.7899932861328,192.0321807861328,292.6807861328125,715.28564453125,508.4388427734375,176.514892578125,325.5899963378906,274.7613830566406,107.99745178222656
2025-07-29,210.43516540527344,231.00999450683594,195.19314575195312,291.4640808105469,697.7132568359375,508.50823974609375,175.2765655517578,321.20001220703125,254.26043701171875,109.39295959472656
2025-07-30,208.2239227294922,230.19000244140625,195.970947265625,294.0054626464844,692.9389038085938,509.1729431152344,179.03155517578125,319.0400085449219,259.100830078125,108.44324493408203
2025-07-31,206.74977111816406,234.11000061035156,191.35411071777344,290.6790771484375,770.913330078125,529.2723999023438,177.63340759277344,308.2699890136719,243.0506591796875,108.19127655029297
2025-08-01,201.58030700683594,214.75,188.5919952392578,283.93804931640625,747.5598754882812,519.956787109375,173.4889373779297,302.6300048828125,231.56817626953125,106.25305938720703
2025-08-04,202.5464630126953,211.64999389648438,194.4851837158203,288.7362976074219,773.833740234375,531.3955078125,179.76058959960938,309.260009765625,234.6944580078125,104.05318450927734
2025-08-05,202.1181640625,213.75,194.11622619628906,285.9005126953125,760.9660034179688,523.5679321289062,178.02288818359375,308.7200012207031,244.45309448242188,103.92720031738281
2025-08-06,212.40733337402344,222.30999755859375,195.5321807861328,285.8808898925781,769.468017578125,520.7802124023438,179.1813507080078,319.9100036621094,239.36924743652344,103.21974182128906
2025-08-07,219.16055297851562,223.1300048828125,195.9609832763672,281.5536804199219,759.3412475585938,516.7127685546875,180.52955627441406,322.2699890136719,238.28819274902344,102.67703247070312
2025-08-08,228.44374084472656,222.69000244140625,200.84701538085938,283.33953857421875,766.786865234375,517.9031372070312,182.4569854736328,329.6499938964844,244.34596252441406,103.50079345703125
2025-08-11,226.5391082763672,221.3000030517578,200.42822265625,284.1244812011719,763.3680419921875,517.6353759765625,181.8178253173828,339.0299987792969,245.78733825683594,102.56075286865234
2025-08-12,229.0021209716797,221.47000122070312,202.76156616210938,287.3527526855469,787.419189453125,525.046142578125,182.9163818359375,340.8399963378906,254.7473907470703,102.85147857666016
2025-08-13,232.6717529296875,224.55999755859375,201.385498046875,285.0762634277344,777.5315551757812,516.454833984375,181.34844970703125,339.3800048828125,264.7203063964844,104.27606964111328
2025-08-14,232.12330627441406,230.97999572753906,202.36270141601562,288.6381530761719,779.5748901367188,518.3397216796875,181.7778778076172,335.5799865722656,264.40863037109375,104.0628662109375
2025-08-15,230.9366455078125,231.02999877929688,203.31996154785156,285.03704833984375,782.664794921875,516.0480346679688,180.20997619628906,330.55999755859375,296.0804138183594,104.16068267822266
2025-08-18,230.23861694335938,231.49000549316406,202.92111206054688,286.0574951171875,764.8631591796875,513.0023803710938,181.76788330078125,335.1600036621094,300.4435729980469,104.38565063476562
2025-08-19,229.90956115722656,228.00999450683594,200.99661254882812,285.203857421875,749.0249633789062,505.73040771484375,175.4063720703125,329.30999755859375,296.3044128417969,105.07034301757812
2025-08-20,225.3723907470703,223.80999755859375,198.7530059814453,286.754150390625,745.2772827148438,501.7125549316406,175.16668701171875,323.8999938964844,292.0191650390625,106.15605926513672
2025-08-21,224.26551818847656,221.9499969482422,199.18179321289062,285.9986572265625,736.6854858398438,501.0666198730469,174.7472381591797,320.1099853515625,295.4376220703125,106.84075164794922
2025-08-22,227.11746215820312,228.83999633789062,205.5037384033203,290.6790771484375,752.32421875,504.037841796875,177.75326538085938,340.010009765625,299.4014892578125,108.84590911865234
2025-08-25,226.5191650390625,227.94000244140625,207.89694213867188,289.3642578125,750.839111328125,501.0865173339844,179.57083129882812,346.6000061035156,296.90826416015625,109.29584503173828
2025-08-26,228.6630859375,228.7100067138672,206.55076599121094,292.9653625488281,751.636474609375,498.8804626464844,181.52822875976562,351.6700134277344,292.5937805175781,109.05130767822266
2025-08-27,229.8397674560547,229.1199951171875,206.88978576660156,293.6620178222656,744.9385375976562,503.5509033203125,181.3584442138672,349.6000061035156,295.9537658691406,110.28375244140625
2025-08-28,231.9039306640625,231.60000610351562,211.03794860839844,295.4184265136719,748.65625,506.4326477050781,179.93035888671875,345.9800109863281,294.4053039550781,110.8706283569336
2025-08-29,231.485107421875,229.0,212.30435180664062,295.7618408203125,736.2867431640625,503.501220703125,173.94830322265625,333.8699951171875,301.7875671386719,111.79006958007812
2025-09-02,229.0719451904297,225.33999633789062,210.74879455566406,294.07415771484375,732.70849609375,501.9410705566406,170.55284118652344,329.3599853515625,300.7454833984375,112.18132019042969
2025-09-03,237.79725646972656,225.99000549316406,230.00384521484375,293.8877258300781,734.6421508789062,502.16961669921875,170.39306640625,334.0899963378906,299.8494567871094,109.4621353149414
2025-09-04,239.1035614013672,235.67999267578125,231.63919067382812,298.1168212890625,746.2042846679688,504.7731628417969,171.4316864013672,338.5299987792969,302.2842712402344,109.94142150878906
2025-09-05,239.0137939453125,232.3300018310547,234.33151245117188,288.85400390625,749.991943359375,491.8847961425781,166.79786682128906,350.8399963378906,307.16363525390625,106.84075164794922
2025-09-08,237.2089080810547,235.83999633789062,233.5829620361328,287.41162109375,749.8423461914062,495.0646667480469,168.08612060546875,346.3999938964844,311.8968200683594,107.44718933105469
2025-09-09,233.68887329101562,238.24000549316406,239.16204833984375,292.2588806152344,763.1986083984375,495.2733154296875,170.53285217285156,346.9700012207031,338.8451232910156,108.22969055175781
2025-09-10,226.1501922607422,230.3300018310547,238.7029266357422,294.89837646484375,749.5234375,497.2209777832031,177.09413146972656,347.7900085449219,337.7348327636719,110.03922271728516
2025-09-11,229.3810577392578,229.9499969482422,239.9005889892578,299.8241271972656,748.447021484375,497.8569641113281,176.9443359375,368.80999755859375,344.38665771484375,109.68709564208984
2025-09-12,233.40968322753906,228.14999389648438,240.32977294921875,301.1488037109375,753.1216430664062,506.6910095214844,177.59349060058594,395.94000244140625,343.31536865234375,109.7066650390625
2025-09-15,236.0322265625,231.42999267578125,251.11865234375,303.1014709472656,762.2018432617188,512.1166381835938,177.52357482910156,410.0400085449219,340.9534606933594,109.89250183105469
2025-09-16,237.4781494140625,234.0500030517578,250.66952514648438,303.3860168457031,776.4551391601562,505.83642578125,174.65724182128906,421.6199951171875,333.005126953125,112.17153930664062
2025-09-17,238.3157958984375,231.6199951171875,249.04270935058594,305.89794921875,773.1858520507812,506.81024169921875,170.0730743408203,425.8599853515625,334.7986755371094,112.76819610595703
2025-09-18,237.2089080810547,231.22999572753906,251.53782653808594,307.3501892089844,777.7011108398438,505.2501220703125,176.01551818847656,416.8500061035156,328.14404296875,111.43795013427734
2025-09-19,244.8074188232422,231.47999572753906,254.2225799560547,308.8710632324219,775.837158203125,514.6704711914062,176.4449462890625,426.07000732421875,329.97674560546875,110.35222625732422
2025-09-22,255.35755920410156,227.6300048828125,252.036865234375,306.5749816894531,763.1751098632812,511.21240234375,183.37611389160156,434.2099914550781,334.49481201171875,109.56971740722656
2025-09-23,253.71221923828125,220.7100067138672,251.16856384277344,306.8693542480469,753.4404296875,506.0252380371094,178.2027130126953,425.8500061035156,340.7574157714844,111.4574966430664
2025-09-24,251.59820556640625,220.2100067138672,246.65737915039062,307.53662109375,758.686767578125,506.9394226074219,176.74456787109375,442.7900085449219,344.7952880859375,112.05416107177734
2025-09-25,256.14532470703125,218.14999389648438,245.30999755859375,307.5660705566406,746.9672241210938,503.8390808105469,177.4636688232422,423.3900146484375,338.6698913574219,113.0616226196289
2025-09-26,254.73931884765625,219.77999877929688,246.0585479736328,310.12701416015625,741.8206787109375,508.2411804199219,177.96302795410156,440.3999938964844,337.2193603515625,114.65599060058594
2025-09-29,253.71221923828125,222.1699981689453,243.57342529296875,309.76397705078125,741.4715576171875,511.3614196777344,181.61837768554688,443.2099914550781,338.2974548339844,111.72160339355469
2025-09-30,253.9116668701172,219.57000732421875,242.62527465820312,309.50885009765625,732.4749755859375,514.6903686523438,186.3423309326172,444.7200012207031,338.4150695800781,110.28375244140625
2025-10-01,254.72933959960938,220.6300048828125,244.42173767089844,304.8774719238281,715.4791259765625,516.4392700195312,187.00149536132812,459.4599914550781,341.3552551269531,109.54036712646484
2025-10-02,256.40460205078125,222.41000366210938,245.210205078125,301.77679443359375,725.1639404296875,512.4942626953125,188.64939880371094,436.0,346.6672058105469,108.8556900024414
2025-10-03,257.2920837402344,219.50999450683594,244.8708953857422,304.21026611328125,708.7167358398438,514.0940551757812,187.38099670410156,429.8299865722656,353.01800537109375,110.78260040283203
2025-10-06,255.9658660888672,220.89999389648438,249.9409637451172,304.8511047363281,713.8035278320312,525.2435302734375,185.30364990234375,453.25,351.6164855957031,111.70203399658203
2025-10-07,255.75643920898438,221.77999877929688,245.2800750732422,303.3819885253906,711.230224609375,520.682373046875,184.80429077148438,433.0899963378906,356.40899658203125,111.76072692871094
2025-10-08,257.33197021484375,225.22000122070312,244.1422882080078,299.7732238769531,715.9779052734375,521.5469360351562,188.86911010742188,438.69000244140625,362.544189453125,111.5259780883789
2025-10-09,253.32330322265625,227.74000549316406,241.05833435058594,301.25225830078125,731.6072387695312,519.1123657226562,192.32470703125,435.5400085449219,360.358642578125,110.44026184082031
2025-10-10,244.57806396484375,216.3699951171875,236.1080322265625,296.6772155761719,703.4703979492188,507.74432373046875,182.92669677734375,413.489990234375,347.4316101074219,108.30793762207031
2025-10-13,246.96133422851562,220.07000732421875,243.6732177734375,303.6580505371094,713.8433837890625,510.8149108886719,188.0801239013672,435.8999938964844,351.5086975097656,109.78490447998047
2025-10-14,247.07101440429688,216.38999938964844,244.97068786621094,297.85052490234375,706.8117065429688,510.337890625,179.8006591796875,429.239990234375,352.75335693359375,109.83381652832031
2025-10-15,248.63656616210938,215.57000732421875,250.53977966308594,301.40997314453125,715.6885986328125,510.1988220214844,179.60093688964844,435.1499938964844,353.9490051269531,109.16868591308594
2025-10-16,246.7519073486328,214.47000122070312,250.9689483642578,294.360107421875,710.2228393554688,508.3902282714844,181.5784149169922,428.75,349.5583801269531,108.21990203857422
2025-10-17,251.5782470703125,213.0399932861328,252.80535888671875,293.3938293457031,715.0602416992188,510.3478698730469,182.9866180419922,439.30999755859375,349.4897766113281,109.78490447998047
2025-10-20,261.50018310546875,216.47999572753906,256.04901123046875,298.1266174316406,730.2706909179688,513.5376586914062,182.4073486328125,447.42999267578125,357.2126770019531,110.2348403930664
2025-10-21,262.0286865234375,222.02999877929688,249.9709014892578,292.9303894042969,731.3678588867188,514.4021606445312,180.92922973632812,442.6000061035156,358.08489990234375,110.24462890625
2025-10-22,257.72088623046875,217.9499969482422,251.19851684570312,289.9920959472656,731.5074462890625,517.2639770507812,180.05035400390625,438.9700012207031,354.2822265625,112.20088195800781
2025-10-23,258.84765625,221.08999633789062,252.58578491210938,290.4161071777344,732.095947265625,517.283935546875,181.92796325683594,448.9800109863281,353.26300048828125,113.44310760498047
2025-10-24,262.07855224609375,224.2100067138672,259.4124450683594,296.2334899902344,736.444580078125,520.3147583007812,186.02272033691406,433.7200012207031,355.2721252441406,112.86601257324219
2025-10-27,268.0516662597656,226.97000122070312,268.7441711425781,299.8915710449219,748.872314453125,528.1749877929688,191.24607849121094,452.4200134277344,358.6827392578125,113.40397644042969
2025-10-28,268.2411193847656,229.25,266.9476623535156,301.0845947265625,749.49072265625,538.6585083007812,200.77394104003906,460.54998779296875,360.5056457519531,112.51387786865234
2025-10-29,268.93914794921875,230.3000030517578,274.0338134765625,301.2325134277344,749.7200927734375,538.1417846679688,206.77627563476562,461.510009765625,348.1764831542969,113.90281677246094
2025-10-30,270.63433837890625,222.86000061035156,280.93035888671875,305.10748291015625,664.7410888671875,522.4512329101562,202.63156127929688,440.1000061035156,337.8760681152344,112.18132019042969
2025-10-31,269.6072692871094,244.22000122070312,280.6408996582031,306.7639465332031,646.6680908203125,514.5512084960938,202.23207092285156,456.55999755859375,334.7496337890625,111.8585433959961
2025-11-03,268.29095458984375,254.0,283.16595458984375,305.01873779296875,636.0557250976562,513.776123046875,206.61647033691406,468.3699951171875,327.13458251953125,111.27166748046875
2025-11-04,269.2781982421875,249.32000732421875,276.9980163574219,304.920166015625,625.6926879882812,511.0931091308594,198.43690490722656,444.260009765625,324.23358154296875,111.64334869384766
2025-11-05,269.3779296875,250.1999969482422,283.7547912597656,307.3161315917969,634.30029296875,503.96826171875,194.9613494873047,462.07000732421875,321.2052001953125,111.19341278076172
2025-11-06,269.0089416503906,243.0399932861328,284.1939392089844,309.0317687988281,617.3344116210938,493.9715576171875,187.84042358398438,445.9100036621094,315.1484069824219,111.99547576904297
2025-11-07,267.7126159667969,244.41000366210938,278.2854919433594,309.8106689453125,620.0972290039062,493.6933288574219,187.91033935546875,429.5199890136719,317.7455749511719,114.65599060058594
2025-11-10,268.93035888671875,248.39999389648438,289.5334777832031,312.4531555175781,630.1212158203125,502.8155822753906,198.7964630126953,445.2300109863281,315.1679992675781,115.63410949707031
2025-11-11,274.73956298828125,249.10000610351562,290.7411193847656,311.2009582519531,625.4533081054688,505.4786682128906,192.91395568847656,439.6199951171875,320.9209899902344,117.15998077392578
2025-11-12,272.9628601074219,244.1999969482422,286.1501159667969,315.92388916015625,607.43017578125,507.9231872558594,193.5531463623047,430.6000061035156,332.2994689941406,115.53629302978516
2025-11-13,272.44384765625,237.5800018310547,278.0260314941406,305.1469421386719,608.3079223632812,500.12261962890625,186.62196350097656,401.989990234375,325.889892578125,116.19163513183594
2025-11-14,271.9048156738281,234.69000244140625,275.8702087402344,299.3591003417969,607.8790283203125,506.96923828125,189.92776489257812,404.3500061035156,315.4424133300781,117.70126342773438
2025-11-17,266.9639892578125,232.8699951171875,284.4634094238281,296.1644592285156,600.4483642578125,504.2961730957031,186.3623046875,408.9200134277344,314.129150390625,116.11270141601562
2025-11-18,266.9440612792969,222.5500030517578,283.724853515625,295.2179260253906,596.1395874023438,490.6824035644531,181.1289825439453,401.25,307.3275146484375,117.4447250366211
2025-11-19,268.06195068359375,222.69000244140625,292.2381896972656,299.02386474609375,588.7886352539062,484.05438232421875,186.2823944091797,403.989990234375,302.9270324707031,115.78709411621094
2025-11-20,265.7562561035156,217.13999938964844,288.884765625,294.2023620605469,587.6217041015625,476.3088684082031,180.40989685058594,395.2300109863281,305.3282165527344,115.46148681640625
2025-11-21,270.98651123046875,220.69000244140625,299.0748291015625,293.84735107421875,592.70849609375,470.0268249511719,178.6521453857422,391.0899963378906,313.59014892578125,115.52069091796875
2025-11-24,275.4083251953125,226.27999877929688,317.9578552246094,293.8276672363281,611.4596557617188,471.8985290527344,182.31747436523438,417.7799987792969,312.6885070800781,114.42547607421875
2025-11-25,276.4563903808594,229.6699981689453,322.8083801269531,298.7576599121094,634.569580078125,474.8752136230469,177.59349060058594,419.3999938964844,319.7742919921875,112.98491668701172
2025-11-26,277.0352783203125,229.16000366210938,319.3252258300781,303.33270263671875,631.9663696289062,483.3475036621094,180.03038024902344,426.5799865722656,323.13592529296875,113.241455078125
2025-11-28,278.3328857421875,233.22000122070312,319.55474853515625,308.6965026855469,646.2691650390625,489.82867431640625,176.7745361328125,430.1700134277344,323.1947326660156,114.37614440917969
2025-12-01,282.57501220703125,233.8800048828125,314.2751159667969,304.59478759765625,639.20751953125,484.5820007324219,179.69082641601562,430.1400146484375,316.7655029296875,115.0766830444336
2025-12-02,285.6592712402344,234.4199981689453,315.19329833984375,303.5693054199219,645.42138671875,487.82757568359375,181.22885131835938,429.239990234375,318.06903076171875,113.84333038330078
2025-12-03,283.623046875,232.3800048828125,319.0058288574219,307.75982666015625,637.9408569335938,475.6119689941406,179.36123657226562,446.739990234375,332.9365234375,116.2311019897461
2025-12-04,280.179443359375,229.11000061035156,316.9997253417969,311.6742248535156,659.81396484375,478.7081604003906,183.1566162109375,454.5299987792969,326.8405456542969,115.57989501953125
2025-12-05,278.26300048828125,229.52999877929688,320.6426086425781,310.6290588378906,671.673095703125,481.01788330078125,182.1877899169922,455.0,324.31201171875,114.98788452148438
2025-12-08,277.3746643066406,226.88999938964844,313.3121643066406,310.79669189453125,665.0702514648438,488.8430480957031,185.323974609375,439.5799865722656,319.2998046875,114.43534851074219
2025-12-09,276.66595458984375,227.9199981689453,316.66778564453125,296.30255126953125,655.2557983398438,489.8385925292969,184.7446746826172,445.1700134277344,319.28009033203125,116.67510986328125
2025-12-10,278.26300048828125,231.77999877929688,319.7937316894531,305.7680969238281,648.4434814453125,476.4382629394531,183.55612182617188,451.45001220703125,323.9864196777344,117.94792938232422
2025-12-11,277.514404296875,230.27999877929688,312.02386474609375,312.9363098144531,651.016845703125,481.3265075683594,180.70957946777344,446.8900146484375,332.23480224609375,117.94792938232422
2025-12-12,277.7639465332031,226.19000244140625,308.887939453125,314.06036376953125,642.5587768554688,476.4084167480469,174.80679321289062,458.9599914550781,337.276611328125,117.23751831054688
2025-12-15,273.6016540527344,222.5399932861328,307.8193359375,315.5393371582031,646.3570556640625,472.7148742675781,176.0752410888672,475.30999755859375,336.5464782714844,116.19164276123047
2025-12-16,274.1007385253906,222.55999755859375,306.1714782714844,311.1319274902344,655.9798583984375,474.2779235839844,177.50350952148438,489.8800048828125,329.7386169433594,113.15265655517578
2025-12-17,271.33587646484375,221.27000427246094,296.3342590332031,310.5699157714844,648.343505859375,474.00909423828125,170.7317657470703,467.260009765625,327.2029113769531,115.84630584716797
2025-12-18,271.68524169921875,226.75999450683594,302.0668029785156,308.6176452636719,663.2669067382812,481.8342590332031,173.9278564453125,483.3699951171875,323.759521484375,114.98788452148438
2025-12-19,273.1625061035156,227.35000610351562,306.7607116699219,312.7686767578125,657.5969848632812,483.7656555175781,180.76951599121094,481.20001220703125,323.0491027832031,115.1358871459961
2025-12-22,270.4674987792969,228.42999267578125,309.3773193359375,318.56634521484375,660.3220825195312,482.7701110839844,183.4662322998047,488.7300109863281,320.81927490234375,116.5764389038086
2025-12-23,271.85491943359375,232.13999938964844,313.94134521484375,321.3666076660156,663.7559814453125,484.6915588378906,188.97950744628906,485.55999755859375,320.46405029296875,117.82952117919922
2025-12-24,273.3022155761719,232.3800048828125,313.6816711425781,324.561279296875,666.3613891601562,485.8563232421875,188.38023376464844,485.3999938964844,323.2069396972656,117.63219451904297
2025-12-26,272.8929748535156,232.52000427246094,313.10247802734375,323.3188781738281,662.10888671875,485.5477294921875,190.2978973388672,475.19000244140625,327.40020751953125,117.5236587524414
2025-12-29,273.2523498535156,232.07000732421875,313.15240478515625,319.2171325683594,657.5171508789062,484.9404296875,187.99070739746094,459.6400146484375,324.5487976074219,118.92474365234375
2025-12-30,272.5735778808594,232.52999877929688,313.4420166015625,318.89178466796875,664.7642211914062,485.3187561035156,187.31153869628906,454.42999267578125,327.725830078125,119.37861633300781
2025-12-31,271.3558349609375,230.82000732421875,312.5931091308594,317.70855712890625,658.9146728515625,481.4758605957031,186.27281188964844,449.7200012207031,325.70318603515625,118.73727416992188
2026-01-02,270.5074157714844,226.5,314.74029541015625,320.92291259765625,649.2518920898438,470.84320068359375,188.6199493408203,438.07000732421875,331.9092102050781,121.01651000976562
2026-01-05,266.7643737792969,233.05999755859375,316.1285095214844,329.3630676269531,657.616943359375,470.75360107421875,187.89083862304688,451.6700134277344,337.4541931152344,123.69041442871094
2026-01-06,261.8734436035156,240.92999267578125,313.9313659667969,331.41326904296875,659.4437255859375,476.3885192871094,187.0119171142578,432.9599914550781,344.3114013671875,119.43782806396484
2026-01-07,259.8471984863281,241.55999755859375,321.56146240234375,323.8660583496094,647.5349731445312,481.3265075683594,188.87962341308594,431.4100036621094,337.13848876953125,116.91191101074219
2026-01-08,258.55963134765625,246.2899932861328,325.0169372558594,326.63934326171875,644.9096069335938,475.9902648925781,184.81459045410156,435.79998779296875,342.2197265625,121.2730484008789
2026-01-09,258.8890075683594,247.3800048828125,328.14288330078125,326.0450744628906,651.8970947265625,477.15509033203125,184.63479614257812,445.010009765625,339.3880615234375,122.95040893554688
2026-01-12,259.76739501953125,246.47000122070312,331.4285888671875,321.3899841308594,640.826904296875,475.06439208984375,184.71470642089844,448.9599914550781,335.96435546875,122.37812805175781
2026-01-13,260.5658874511719,242.60000610351562,335.5332336425781,307.9298095703125,629.96630859375,468.5832824707031,185.58364868164062,447.20001220703125,329.47216796875,124.85469818115234
2026-01-14,259.4779052734375,236.64999389648438,335.4034118652344,304.9287414550781,614.4240112304688,457.3433532714844,182.91688537597656,439.20001220703125,330.4884338378906,128.4659423828125
2026-01-15,257.73114013671875,238.17999267578125,332.347412109375,306.30548095703125,619.694580078125,454.6354064941406,186.8221435546875,438.57000732421875,334.43505859375,127.41021728515625
2026-01-16,255.05613708496094,239.1199951171875,329.5710144042969,309.48480224609375,619.1455688476562,457.8211975097656,186.0031280517578,437.5,326.6010437011719,128.1600799560547
2026-01-20,246.2425079345703,231.0,321.5814208984375,299.8477478027344,603.0443115234375,452.5048522949219,177.8530731201172,419.25,333.912109375,128.72250366210938
2026-01-21,247.1907501220703,231.30999755859375,327.953125,299.15447998046875,611.8685913085938,442.1409912109375,183.09669494628906,431.44000244140625,343.1076965332031,131.83055114746094
2026-01-22,247.8894500732422,234.33999633789062,330.11029052734375,300.729248046875,646.476806640625,449.1398620605469,184.6148223876953,449.3599853515625,349.7380065917969,131.8601531982422
2026-01-23,247.58001708984375,239.16000366210938,327.5036926269531,294.875732421875,657.5870361328125,463.8841857910156,187.44137573242188,449.05999755859375,351.50408935546875,133.1724395751953
2026-01-26,254.9363555908203,238.4199981689453,332.8267822265625,298.1640319824219,671.1627807617188,468.1949768066406,186.2428436279297,435.20001220703125,346.9457702636719,133.04415893554688
2026-01-27,257.791015625,244.67999267578125,334.1150817871094,297.44097900390625,671.7716674804688,478.4493408203125,188.29034423828125,430.8999938964844,278.92608642578125,135.0076446533203
2026-01-28,255.96446228027344,243.00999450683594,335.57318115234375,297.89654541015625,667.5392456054688,479.4946594238281,191.2866973876953,431.4599914550781,290.094970703125,135.74766540527344
2026-01-29,257.801025390625,241.72999572753906,337.810302734375,303.49261474609375,736.995361328125,431.57806396484375,192.27548217773438,416.55999755859375,288.3880615234375,138.63864135742188
2026-01-30,258.9988098144531,239.3000030517578,337.56060791015625,302.9676818847656,715.2241821289062,428.3822937011719,190.8971710205078,430.4100036621094,283.099609375,139.51678466796875
2026-02-02,269.5093078613281,242.9600067138672,343.2431945800781,305.1961669921875,705.152099609375,421.49298095703125,185.38389587402344,421.80999755859375,281.77752685546875,136.55673217773438
2026-02-03,268.98028564453125,238.6199951171875,339.26837158203125,311.8420715332031,690.4683227539062,409.3868713378906,180.12030029296875,421.9599914550781,280.3863220214844,141.8157501220703
2026-02-04,275.97723388671875,232.99000549316406,332.6070861816406,314.23895263671875,667.7987670898438,412.35369873046875,173.97779846191406,406.010009765625,272.2366027832031,145.6243438720703
2026-02-05,275.3983459472656,222.69000244140625,330.81939697265625,307.1968688964844,669.0166015625,391.9246520996094,171.6706085205078,397.2099914550781,264.9649658203125,144.1344757080078
2026-02-06,277.6042175292969,210.32000732421875,322.4402770996094,319.3199462890625,660.2822265625,399.3615417480469,185.1841278076172,411.1099853515625,272.95684814453125,147.06491088867188
2026-02-09,274.3672180175781,208.72000122070312,323.8984069824219,319.0228271484375,676.0140991210938,411.76629638671875,189.80848693847656,417.32000732421875,272.0195617675781,149.19613647460938
2026-02-10,273.4280700683594,206.9600067138672,318.16583251953125,315.2392883300781,669.5256958007812,411.437744140625,188.31031799316406,425.2099914550781,269.5726623535156,149.57107543945312
2026-02-11,275.24639892578125,204.0800018310547,310.55572509765625,307.8505554199219,667.4993286132812,402.5771789550781,189.8184814453125,428.2699890136719,275.1866760253906,153.4882049560547
2026-02-12,261.4891052246094,199.60000610351562,308.59832763671875,299.7487487792969,648.6529541015625,400.05841064453125,186.7122802734375,417.07000732421875,280.57379150390625,148.91920471191406
2026-02-13,255.5445556640625,198.7899932861328,305.32257080078125,299.6595764160156,638.630859375,399.5407409667969,182.58731079101562,417.44000244140625,289.2760314941406,147.44918823242188
2026-02-17,263.6371154785156,201.14999389648438,301.6273498535156,304.1958312988281,638.151611328125,395.1004943847656,184.7446746826172,410.6300048828125,285.23077392578125,145.20443725585938
2026-02-18,264.106689453125,204.7899932861328,302.9356689453125,305.8300476074219,642.0746459960938,397.8283386230469,187.75099182128906,411.32000732421875,284.3526916503906,149.66415405273438
2026-02-19,260.3401184082031,204.86000061035156,302.456298828125,305.10699462890625,643.6318969726562,397.5988464355469,187.6710968017578,411.7099914550781,286.0595703125,149.95220947265625
2026-02-20,264.3364562988281,210.11000061035156,314.570556640625,307.82086181640625,654.4924926757812,396.37152099609375,189.58877563476562,411.82000732421875,286.1286315917969,146.28707885742188
2026-02-23,265.9349670410156,205.27000427246094,311.0850524902344,294.8262023925781,636.1152954101562,383.6390686035156,191.31666564941406,399.8299865722656,278.5708923339844,149.74362182617188
2026-02-24,271.8895263671875,208.55999755859375,310.495849609375,294.459716796875,638.16162109375,388.1593017578125,192.61508178710938,409.3800048828125,270.29290771484375,148.25372314453125
2026-02-25,273.97760009765625,210.63999938964844,312.4932556152344,300.40240478515625,652.5260620117188,399.7342224121094,195.32176208496094,417.3999938964844,280.40606689453125,148.05508422851562
2026-02-26,272.6987609863281,207.9199981689453,306.98040771484375,303.20538330078125,655.8401489257812,400.851806640625,184.66476440429688,408.5799865722656,282.8332214355469,147.53857421875
2026-02-27,263.93682861328125,210.0,311.354736328125,297.4310607910156,647.02587890625,391.8912048339844,176.97415161132812,402.510009765625,289.3549499511719,151.47189331054688
2026-03-02,264.476318359375,208.38999938964844,306.12152099609375,294.7172546386719,652.396240234375,397.6886291503906,182.25770568847656,403.32000732421875,290.9928283691406,153.1802978515625
2026-03-03,263.5072326660156,208.72999572753906,303.1853332519531,297.3914489746094,653.91357421875,403.0570068359375,179.83065795898438,392.42999267578125,285.34918212890625,150.80641174316406
2026-03-04,262.2783508300781,216.82000732421875,302.7359619140625,296.52978515625,666.541015625,404.32427978515625,182.8170166015625,405.94000244140625,288.06243896484375,148.80996704101562
2026-03-05,260.0504150390625,218.94000244140625,300.4888916015625,290.74554443359375,659.393798828125,409.79241943359375,183.1166534423828,405.54998779296875,284.9150390625,149.74362182617188
2026-03-06,257.2229919433594,213.2100067138672,298.1319274902344,286.7144470214844,643.7117309570312,408.0761413574219,177.60337829589844,396.7300109863281,282.6556396484375,150.1905975341797
2026-03-09,259.6407775878906,213.49000549316406,306.1770935058594,287.1502685546875,646.2373046875,408.5251770019531,182.427490234375,398.67999267578125,283.550537109375,149.42578125
2026-03-10,260.58990478515625,214.3300018310547,306.8567199707031,285.97161865234375,652.9053344726562,404.8830871582031,184.544921875,399.239990234375,280.736572265625,147.13136291503906
2026-03-11,260.5699157714844,212.64999389648438,308.5157470703125,284.77313232421875,653.6939086914062,404.0049743652344,185.8134307861328,407.82000732421875,283.63006591796875,150.55809020996094
2026-03-12,255.52456665039062,209.52999877929688,303.3687744140625,280.1874084472656,637.0436401367188,400.9914855957031,182.9268035888672,395.010009765625,275.47662353515625,152.4949493408203
2026-03-13,249.8897705078125,207.6699981689453,302.09954833984375,280.7321472167969,612.6171875,394.69512939453125,180.0401611328125,391.20001220703125,280.4880065917969,155.06747436523438
2026-03-16,252.58729553222656,211.74000549316406,305.3775939941406,283.4261474609375,626.8690185546875,399.08563232421875,183.0067138671875,395.55999755859375,283.8686828613281,156.1699981689453
2026-03-17,253.99598693847656,215.1999969482422,310.7344055175781,284.1492004394531,622.0834350585938,398.5467834472656,181.71820068359375,399.2699890136719,285.9368896484375,157.73934936523438
2026-03-18,249.70994567871094,209.8699951171875,307.5063171386719,284.9910583496094,615.1099243164062,390.9432678222656,180.1899871826172,392.7799987792969,282.71527099609375,156.52757263183594
2026-03-19,248.73085021972656,208.75999450683594,306.9466552734375,285.2188415527344,606.1382446289062,388.1792297363281,178.3521270751953,380.29998779296875,278.8473815917969,157.09373474121094
2026-03-20,247.76173400878906,205.3699951171875,300.8203125,283.8223571777344,593.1102905273438,381.0447082519531,172.4989471435547,367.9599914550781,274.0249328613281,158.5935516357422
2026-03-23,251.25851440429688,210.13999938964844,301.87969970703125,287.14031982421875,603.5006713867188,382.1722717285156,175.43553161621094,380.8500061035156,268.00927734375,160.04371643066406
2026-03-24,251.4083709716797,207.24000549316406,290.2666320800781,289.6065368652344,592.3709716796875,371.9344177246094,174.99603271484375,383.0299987792969,270.73370361328125,164.2650604248047
2026-03-25,252.38746643066406,211.7100067138672,290.7563171386719,292.59771728515625,594.3391723632812,370.2381286621094,178.47198486328125,385.95001220703125,269.0135192871094,162.1593475341797
2026-03-26,252.6572265625,207.5399932861328,280.7523193359375,288.8736267089844,547.032958984375,365.1790771484375,171.04066467285156,372.1099853515625,266.5277404785156,164.31471252441406
2026-03-27,248.57098388671875,199.33999633789062,274.1762390136719,280.13787841796875,525.233154296875,355.9989318847656,167.32498168945312,361.8299865722656,257.54901123046875,169.8372344970703
2026-03-30,246.40298461914062,200.9499969482422,273.33673095703125,281.0589904785156,535.8833618164062,358.1842041015625,164.97772216796875,355.2799987792969,260.3033142089844,170.31399536132812
2026-03-31,253.55638122558594,208.27000427246094,287.3883361816406,291.3497314453125,571.6002197265625,369.3699951171875,174.1969757080078,371.75,269.0533142089844,168.51620483398438
2026-04-01,255.3946990966797,210.57000732421875,297.2124938964844,292.5580749511719,578.6936645507812,368.57171630859375,175.54541015625,381.260009765625,272.424072265625,159.69607543945312
2026-04-02,255.68443298339844,209.77000427246094,295.59344482421875,291.7855224609375,573.9281005859375,372.6528625488281,177.18348693847656,360.5899963378906,275.6854553222656,159.60667419433594
2026-04-06,258.6217041015625,212.7899932861328,299.8109130859375,294.125,572.4894409179688,372.0741271972656,177.43319702148438,352.82000732421875,279.76214599609375,162.2686004638672
2026-04-07,253.26666259765625,213.77000427246094,305.27764892578125,296.0662536621094,574.5175170898438,371.48541259765625,177.89266967773438,346.6499938964844,305.982421875,162.8049774169922
2026-04-08,258.66168212890625,221.25,317.1305847167969,306.5888366699219,611.8529052734375,373.52099609375,181.8680419921875,343.25,304.2423400878906,155.16680908203125
2026-04-09,260.2502136230469,233.64999389648438,318.29986572265625,308.938232421875,627.8081665039062,372.26373291015625,183.69590759277344,345.6199951171875,305.16705322265625,153.99476623535156
2026-04-10,260.240234375,238.3800048828125,317.0506286621094,308.4803161621094,629.2767333984375,370.0684814453125,188.41041564941406,348.95001220703125,302.6016845703125,151.4818115234375
2026-04-13,258.96142578125,239.88999938964844,321.1181945800781,312.2732238769531,633.9425048828125,383.539306640625,189.08961486816406,352.4200134277344,311.22247314453125,151.61094665527344
2026-04-14,258.59173583984375,249.02000427246094,332.7112731933594,309.7247009277344,661.8765258789062,392.2604064941406,196.28123474121094,364.20001220703125,312.40570068359375,148.23387145996094
2026-04-15,266.18475341796875,248.5,336.91876220703125,304.5579833984375,670.9581909179688,410.3312683105469,198.63848876953125,391.95001220703125,312.2664794921875,148.0054168701172
2026-04-16,263.15753173828125,249.6999969482422,335.81939697265625,308.5599670410156,676.2432250976562,419.35174560546875,198.1190948486328,388.8999938964844,314.6031494140625,150.9553985595703
2026-04-17,269.98126220703125,250.55999755859375,341.4760437011719,308.8984375,687.9124145507812,421.87628173828125,201.44520568847656,400.6199951171875,322.78643798828125,145.45274353027344
2026-04-20,272.79864501953125,248.27999877929688,337.2185974121094,315.5683898925781,670.2887573242188,417.1664733886719,201.82476806640625,392.5,321.6429748535156,146.6843719482422
2026-04-21,265.9250183105469,249.91000366210938,332.0916442871094,311.5962829589844,668.220703125,423.2433166503906,199.64732360839844,386.4200134277344,344.0450134277344,147.35980224609375
2026-04-22,272.9185791015625,255.36000061035156,339.1174621582031,311.6161804199219,674.09521484375,431.984375,202.26426696777344,387.510009765625,351.5123596191406,148.4921112060547
2026-04-23,273.1783142089844,255.0800018310547,338.6877136230469,310.29217529296875,658.5396728515625,414.8514709472656,199.4075927734375,373.7200012207031,352.54644775390625,149.51516723632812
2026-04-24,270.81048583984375,263.989990234375,344.19439697265625,306.8974609375,674.4049682617188,423.7023010253906,208.0275421142578,376.29998779296875,352.9044189453125,147.90609741210938
2026-04-27,267.3636474609375,261.1199951171875,350.130859375,310.232421875,677.9916381835938,423.9018859863281,216.3578338623047,378.6700134277344,352.67572021484375,147.19094848632812
2026-04-28,270.4608154296875,259.70001220703125,349.5711975097656,310.0532531738281,670.7183837890625,428.3222961425781,212.92184448242188,376.0199890136719,364.6871032714844,149.5449676513672
2026-04-29,269.92132568359375,263.0400085449219,349.7311096191406,307.86309814453125,668.5004272460938,423.5426330566406,209.00640869140625,372.79998779296875,368.6345520019531,153.62725830078125
2026-04-30,271.1002502441406,265.05999755859375,384.5702819824219,311.82525634765625,611.3433837890625,406.8987121582031,199.33767700195312,381.6300048828125,368.37603759765625,153.28955078125
2026-05-01,279.88214111328125,268.260009765625,385.45977783203125,311.06866455078125,608.1863403320312,413.5443115234375,198.21897888183594,390.82000732421875,366.6856994628906,151.72019958496094
2026-05-04,276.5751647949219,272.04998779296875,383.0212097167969,306.270263671875,609.8447875976562,412.72607421875,198.24893188476562,392.510009765625,368.6445007324219,152.65386962890625
2026-05-05,283.9184265136719,273.54998779296875,388.1981201171875,308.0124206542969,604.3998413085938,410.4909362792969,196.271240234375,389.3699951171875,361.8035583496094,153.83584594726562
2026-05-06,287.245361328125,274.989990234375,397.8023986816406,313.4877624511719,612.3125,413.0653381347656,207.5880584716797,398.7300109863281,365.1942138671875,147.6875762939453
2026-05-07,287.1754150390625,271.1700134277344,397.7524108886719,304.8964538574219,616.2388305664062,419.8606262207031,211.2537841796875,411.7900085449219,367.6402282714844,145.591796875
2026-05-08,293.0500183105469,272.67999267578125,400.56072998046875,300.74517822265625,609.0654907226562,414.22283935546875,214.94947814941406,428.3500061035156,377.8221130371094,143.59535217285156
2026-05-11,292.67999267578125,268.989990234375,388.40802001953125,298.6545715332031,598.3054809570312,411.7681579589844,219.18453979492188,445.0,382.25677490234375,148.6708984375
2026-05-12,294.79998779296875,265.82000732421875,387.1187744140625,303.5126953125,602.441650390625,406.8887023925781,220.52297973632812,433.45001220703125,394.138916015625,149.614501953125
2026-05-13,298.8699951171875,270.1300048828125,402.3796691894531,298.9034729003906,616.0590209960938,404.3342590332031,225.56710815429688,445.2699890136719,398.8818054199219,150.5481719970703
2026-05-14,298.2099914550781,267.2200012207031,400.8305969238281,298.56500244140625,617.8573608398438,408.5451354980469,235.465576171875,443.29998779296875,396.82354736328125,151.75
2026-05-15,300.2300109863281,264.1400146484375,396.54315185546875,296.4743957519531,613.6612548828125,421.0081481933594,225.05770874023438,422.239990234375,391.61334228515625,157.9199981689453
2026-05-18,297.8399963378906,264.8599853515625,396.70306396484375,299.3813171386719,610.64404296875,422.6246643066406,222.0612030029297,409.989990234375,388.9087829589844,160.49000549316406
2026-05-19,298.9700012207031,259.3399963378906,387.4285888671875,294.3738708496094,602.052001953125,416.51788330078125,220.35317993164062,404.1099853515625,387.02947998046875,162.5500030517578
2026-05-20,302.25,265.010009765625,388.6778564453125,300.625732421875,604.499755859375,420.1499938964844,223.20985412597656,417.260009765625,381.12322998046875,156.27999877929688
2026-05-21,304.989990234375,268.4599914550781,387.4285888671875,301.6411437988281,606.8175659179688,419.0899963378906,219.25445556640625,417.8500061035156,380.3078918457031,155.2899932861328
2026-05-22,308.82000732421875,266.32000732421875,382.74139404296875,305.0059814453125,609.6949462890625,418.57000732421875,215.07933044433594,426.010009765625,386.2638854980469,154.9199981689453
2026-05-26,308.3299865722656,265.2900085449219,388.6478576660156,305.3643493652344,611.7730102539062,416.0299987792969,214.60987854003906,433.5899963378906,374.71978759765625,149.80999755859375
2026-05-27,310.8500061035156,271.8500061035156,388.5978698730469,297.93780517578125,634.6718139648438,412.6700134277344,212.35250854492188,440.3599853515625,381.8292236328125,147.89999389648438
2026-05-28,312.510009765625,274.0,389.8971252441406,295.3992614746094,634.7017211914062,426.989990234375,214.00057983398438,442.1000061035156,380.35760498046875,146.9600067138672
2026-05-29,312.05999755859375,270.6400146484375,380.1129455566406,297.9676818847656,631.92431640625,450.239990234375,210.8942108154297,435.7900085449219,378.15020751953125,145.25999450683594
2026-06-01,306.30999755859375,261.260009765625,376.14532470703125,295.2499084472656,599.9139404296875,460.5199890136719,224.09881591796875,415.8800048828125,377.7027587890625,149.3800048828125
2026-06-02,315.20001220703125,256.5199890136719,361.6340026855469,299.6102600097656,597.0765991210938,441.30999755859375,222.56060791015625,423.739990234375,375.7738037109375,149.55999755859375
2026-06-03,310.260009765625,250.02000427246094,358.77569580078125,299.50079345703125,622.4031372070312,427.3399963378906,214.5,423.70001220703125,374.8590087890625,152.52999877929688
2026-06-04,311.2300109863281,253.7899932861328,371.96783447265625,309.4957580566406,626.9888916015625,428.04998779296875,218.66000366210938,418.45001220703125,394.21844482421875,152.0399932861328
2026-06-05,307.3399963378906,246.02999877929688,368.30999755859375,310.9691162109375,592.450927734375,416.6700134277344,205.10000610351562,391.0,397.201416015625,149.9199981689453
2026-06-08,301.5400085449219,245.22000122070312,363.30999755859375,309.7147521972656,584.8479614257812,411.739990234375,208.63999938964844,408.95001220703125,404.2610778808594,151.75
2026-06-09,290.54998779296875,244.19000244140625,364.260009765625,311.2976379394531,584.0487060546875,403.4100036621094,208.19000244140625,396.67999267578125,410.6545715332031,148.91000366210938
2026-06-10,291.5799865722656,238.0,356.3800048828125,307.75360107421875,570.4512939453125,397.3599853515625,200.4199981689453,381.5899963378906,405.1460266113281,150.6199951171875
2026-06-11,295.6300048828125,241.50999450683594,357.7699890136719,312.0840759277344,567.9036254882812,390.3399963378906,204.8699951171875,399.1499938964844,403.2468566894531,146.60000610351562
2026-06-12,291.1300048828125,238.5500030517578,359.67999267578125,319.28167724609375,566.4549560546875,390.739990234375,205.19000244140625,406.42999267578125,406.20001220703125,147.00999450683594
2026-06-15,296.4200134277344,246.02000427246094,369.3500061035156,317.96759033203125,593.47998046875,399.760009765625,212.4499969482422,411.1499938964844,411.0400085449219,140.9199981689453
2026-06-16,299.239990234375,246.0,373.25,329.6549377441406,600.2100219726562,393.8299865722656,207.41000366210938,404.6600036621094,407.6499938964844,141.86000061035156
2026-06-17,295.95001220703125,237.5,363.7900085449219,331.9645080566406,567.5800170898438,378.9100036621094,204.64999389648438,396.3800048828125,399.5299987792969,140.74000549316406
2026-06-18,298.010009765625,244.38999938964844,368.0299987792969,323.761474609375,577.219970703125,379.3999938964844,210.69000244140625,400.489990234375,400.9599914550781,137.80999755859375
2026-06-22,297.010009765625,232.7899932861328,349.67999267578125,329.993408203125,563.8499755859375,367.3399963378906,208.64999389648438,405.04998779296875,406.67999267578125,138.47000122070312
2026-06-23,294.29998779296875,234.11000061035156,346.1300048828125,332.6414794921875,562.2000122070312,373.94000244140625,200.0399932861328,381.6099853515625,409.25,139.72999572753906
2026-06-24,293.0799865722656,234.27000427246094,345.2900085449219,331.95458984375,557.6699829101562,365.4599914550781,199.0,375.5299987792969,405.79998779296875,136.89999389648438
2026-06-25,275.1499938964844,227.00999450683594,343.7099914550781,333.6170654296875,542.8699951171875,352.8299865722656,195.74000549316406,375.1199951171875,415.5299987792969,137.5500030517578
2026-06-26,283.7799987792969,232.69000244140625,337.3900146484375,327.57427978515625,550.25,372.9700012207031,192.52999877929688,379.7099914550781,427.8900146484375,136.5399932861328
2026-06-29,281.739990234375,240.13999938964844,353.6499938964844,327.91278076171875,562.5999755859375,368.57000732421875,194.97000122070312,411.8399963378906,419.82000732421875,136.05999755859375
2026-06-30,289.3599853515625,238.33999633789062,357.3699951171875,325.86199951171875,563.2899780273438,373.0199890136719,200.08999633789062,420.6000061035156,415.6300048828125,136.72000122070312
2026-07-01,294.3800048828125,241.6999969482422,361.2099914550781,332.5718078613281,612.9099731445312,384.2799987792969,197.5800018310547,425.29998779296875,426.5400085449219,136.27999877929688
2026-07-02,308.6300048828125,242.6699981689453,359.9100036621094,332.9700012207031,582.9000244140625,390.489990234375,194.8300018310547,393.45001220703125,425.3599853515625,137.08999633789062
2026-07-06,312.6600036621094,244.16000366210938,366.4599914550781,337.7200012207031,600.2899780273438,386.739990234375,195.5500030517578,419.7699890136719,417.989990234375,136.44000244140625
2026-07-07,310.6600036621094,245.97999572753906,367.0299987792969,339.2200012207031,615.5800170898438,388.8399963378906,196.92999267578125,402.8999938964844,428.19000244140625,141.69000244140625
2026-07-08,313.3900146484375,243.6199951171875,361.9200134277344,330.6199951171875,603.1199951171875,383.3399963378906,204.1199951171875,394.05999755859375,425.6000061035156,141.1300048828125
2026-07-09,316.2200012207031,247.0399932861328,358.8900146484375,335.4700012207031,631.47998046875,384.3599853515625,202.77999877929688,406.54998779296875,431.67999267578125,137.4600067138672
2026-07-10,315.32000732421875,245.33999633789062,357.17999267578125,336.4700012207031,669.2100219726562,385.1000061035156,210.9600067138672,407.760009765625,424.6199951171875,138.8800048828125
2026-07-13,317.30999755859375,247.30999755859375,352.510009765625,334.5299987792969,656.72998046875,390.989990234375,203.52999877929688,394.760009765625,429.0899963378906,144.50999450683594
2026-07-14,314.8599853515625,247.49000549316406,359.510009765625,342.8900146484375,661.0399780273438,384.92999267578125,211.8000030517578,396.17999267578125,425.19000244140625,145.08999633789062
2026-07-15,327.5,254.9600067138672,370.9200134277344,346.9100036621094,681.3099975585938,395.6300048828125,212.5,394.4599914550781,418.5199890136719,144.50999450683594
2026-07-16,333.260009765625,249.88999938964844,354.4599914550781,343.1499938964844,664.5399780273438,401.1000061035156,207.39999389648438,391.05999755859375,423.3800048828125,145.9499969482422
2026-07-17,333.739990234375,247.22999572753906,346.7699890136719,341.1000061035156,646.010009765625,393.82000732421875,202.80999755859375,380.8399963378906,426.0899963378906,147.36000061035156
2026-07-20,326.5899963378906,249.99000549316406,351.989990234375,338.8699951171875,645.8499755859375,402.2900085449219,203.27999877929688,369.57000732421875,421.54998779296875,148.36000061035156
2026-07-21,327.739990234375,247.5500030517578,347.1499938964844,345.2300109863281,643.8099975585938,397.75,207.2899932861328,378.92999267578125,436.3500061035156,151.7100067138672
2026-07-22,325.8900146484375,244.85000610351562,342.0899963378906,348.2099914550781,627.1699829101562,390.3399963378906,212.05999755859375,374.010009765625,431.30999755859375,154.4499969482422
2026-07-23,321.6600036621094,233.66000366210938,317.69000244140625,349.8999938964844,606.0999755859375,381.5799865722656,208.75999450683594,319.69000244140625,423.55999755859375,156.88999938964844
2026-07-24,333.0199890136719,232.11000061035156,319.739990234375,353.2099914550781,595.1900024414062,381.70001220703125,206.83999633789062,313.0299987792969,420.739990234375,156.94000244140625
