Date,AAPL,AMZN,GOOGL,JPM,META,MSFT,NVDA,TSLA,UNH,XOM
2020-01-03,-0.009769699582811195,-0.012213314472679244,-0.005245122728598605,-0.013284394159884999,-0.005305253622992392,-0.012529856693679764,-0.016135473495545727,0.02920267893223429,-0.010171129492925556,-0.008071900824110611
2020-01-06,0.00793687459917972,0.014775871094842,0.026305139752608207,-0.0007953661878556968,0.018658449997638455,0.002581639342393731,0.004184842743884145,0.019071612174755247,0.00691773578619996,0.0076485326686987175
2020-01-07,-0.004714280729001072,0.002089436023074214,-0.0019335495731098154,-0.017147030502227788,0.002161196124963647,-0.009159747607407683,0.012034100509593417,0.03806670586808656,-0.006054369655226959,-0.008217615737816516
2020-01-08,0.015958068925474925,-0.007839287338238396,0.007092697365544762,0.007770740853396193,0.010086982091986357,0.015802809438285867,0.00187351679519194,0.048032568493066904,0.020864827368649922,-0.015195243695106117
2020-01-09,0.02101876471153099,0.0047876954600311996,0.010443093752468805,0.003644486049826822,0.014209591538040349,0.01241591360047789,0.01092292860062693,-0.022189385476863444,-0.005693783068352111,0.007626520111155235
2020-01-10,0.0022581671132423414,-0.009455156242405702,0.00643768494877907,-0.010017503423406201,-0.0011000995276782034,-0.00463779629306675,0.005335043851613128,-0.006649355680979626,0.003088358359809913,-0.008927168876336176
2020-01-13,0.02113915924388449,0.0043132627393767525,0.007717180029450735,0.00827005363807464,0.017501697130038806,0.011952408413464758,0.030870988086670804,0.09320702322102224,-0.03194918479109376,0.009500354731396056
2020-01-14,-0.01359529317674078,-0.011625527046359843,-0.006576976316596069,0.011594096877986865,-0.012926321668951135,-0.00706806259271637,-0.018828445372459264,0.024578286172624794,0.008326442380783491,-0.008633215251276314
2020-01-15,-0.004294753630961577,-0.003977024437111101,0.006000505823731482,-0.015098781139150027,0.009495547012639228,0.006455324565226792,-0.006939272596278209,-0.03676981311758122,0.027950114513409532,-0.0015906262877934249
2020-01-16,0.01244872507897412,0.008513567549042408,0.007586370157667604,0.00386921127817843,0.002799839824589296,0.018157330510287808,0.01358963783658717,-0.00970946227670784,0.014502351402434221,-0.003916003423189386
2020-01-17,0.01101004910616656,-0.007064556764163625,0.0200439725816564,0.006897471713098208,0.001666849734476338,0.005581184553258365,0.0014053211072370224,-0.005839913304383257,-0.007576747717720067,-0.003785057419539027
2020-01-21,-0.006799637330008811,0.014523546068980422,0.0018435886738271488,-0.00988954205218569,-0.003156290579132025,-0.0035970685676521277,-0.005389983053829509,0.06942373110021945,0.0068784233896924,-0.014397057374731856
2020-01-22,0.003563059766570461,-0.0024024329949913796,0.0010921786487227889,-0.0011698693025678172,-0.0005418555364137379,-0.004816242575779309,0.008713763823073617,0.04004983514491321,0.00019961963390626353,-0.005787852180493484
2020-01-23,0.0048040582726255835,-0.0015270766138826273,0.0005523819146706988,-0.0010247262994739416,-0.007073773005576051,0.0061368996935463405,0.010935218575768435,0.004624413044606698,-0.0037663440581970024,-0.0062705234091764445
2020-01-24,-0.002886292847696264,-0.012247117354347815,-0.012552345359287814,-0.025141429423687835,-0.008316161526442045,-0.010128096024712317,-0.009456952035704057,-0.012981499419033645,-0.022457106493134104,-0.006762344698349323
2020-01-27,-0.029846020652829354,-0.018049378179086813,-0.023770035321588973,-0.008446956829683836,-0.014186595440539946,-0.016864815071339717,-0.041906962866733705,-0.012112331857897394,-0.030232882880493098,-0.024112195442458656
2020-01-28,0.027896744921983133,0.013532388730052893,0.013024832688606332,0.018014487152806975,0.013498153959593142,0.019406740307744735,0.0318357704133026,0.01578809278786119,0.006246469287632657,-0.0013909963490833673
2020-01-29,0.020716079942270316,0.002559818728975466,0.004265258661289965,-0.0014891276195410001,0.024671241994008115,0.01547225400137052,-0.009847910884064694,0.02455066473079113,-0.010443938492110592,-0.008388052139928739
2020-01-30,-0.0014501308059455419,0.00680130777131683,-0.0016833847404258216,0.012291092999996176,-0.06333567971141685,0.027817173569312313,0.0010989617421631479,0.09799952270077929,-0.006809782528432442,0.010551129164007012
2020-01-31,-0.04535186065205309,0.07119570893188107,-0.014873682689742596,-0.026320154918293023,-0.037044865848870415,-0.014868663808210898,-0.0389067202170281,0.015115867923964223,-0.030828646649744003,-0.04208328326137311
2020-02-03,-0.00274991340877873,-0.002252704013802056,0.034180833558383555,0.0076016480383950015,0.011228853831271314,0.02408629431916907,0.016360795076381964,0.18144500086765858,0.0057459925551226225,-0.022630229493053287
2020-02-04,0.03248043960631884,0.022433811849720944,-0.025404263611312726,0.014293367566115971,0.027246789581195325,0.032386545721610774,0.027901612020705024,0.1286186970285338,0.024584030035925335,-0.012593246496949049
2020-02-05,0.008121193751077402,-0.004792703414039184,0.0004425297097388871,0.016857739021949356,0.0013334258519440935,-0.0012222573572249489,0.01458168591083764,-0.18845037343186985,0.05166193466696369,0.04499546542352241
2020-02-06,0.011628885080594353,0.005065879625856511,0.020479672150135964,0.00014537388193611845,0.003515889096775547,0.02052189915914222,0.013821737251080223,0.019223358515689473,-0.011119062010246017,-0.013642827633678032
2020-02-07,-0.01368569584811079,0.014069692433392624,0.0021252137457407035,-0.0032027867729310707,0.006994619690799977,0.0014148165409141051,-0.010517235406019213,-0.0011890304222129079,-0.011140299402567931,-0.006647882125789878
2020-02-10,0.004738243891485903,0.02593435798738784,0.01978120766821456,0.004146839982028902,0.003432161507662527,0.025820588775503733,0.04423926315147184,0.030554904345579816,-0.00760078768237133,-0.010617271009237768
2020-02-11,-0.006051352175799004,0.007883866478429244,0.0009277089438202294,0.0018858970752062098,-0.027937534358653614,-0.02283414588355082,0.018536580244307235,0.0040112052857509935,0.013014624373885593,0.009461595388536775
2020-02-12,0.023470098149815478,0.004268347229322045,0.005659358266557602,0.0,0.017083810650199434,0.0014627049000549175,0.01720900566205736,-0.009197828567077742,0.04271458674447992,0.012151137304012904
2020-02-13,-0.0071467847103338375,-0.004700848772083054,-0.0034565428403333276,-0.0008698961931237787,0.011229261435537988,-0.005428571628020646,-0.006479031764594322,0.04673438827304504,-0.0042269092937738985,-0.005564686488424601
2020-02-14,0.00024658200744548994,-0.007001620314183051,0.003522227321303488,-0.0030508406879204398,0.004867403352400453,0.008887511202541953,0.06784981478759144,-0.004949986662921484,-0.011381546295163483,-0.00460593162542273
2020-02-18,-0.01848047758457332,0.00969583372641929,0.0004673705143480261,-0.01332868834328415,0.016760491369605696,0.01009181445887879,0.023126928365973208,0.0704209168261074,0.011182877376262269,-0.012777224222212913
2020-02-19,0.014379029654410944,0.006726973190216665,0.003567287143418953,0.013547244385565755,-0.0014242456675632154,0.002994622235139073,0.05933638519720274,0.06649517653196184,0.010436896833528903,0.00765269282795399
2020-02-20,-0.010312135985625068,-0.007919906743473367,-0.0051810047493546394,0.0,-0.013470413707232058,-0.015388884253535219,-0.019249851711305152,-0.019826354777620053,-0.010470087420997446,-0.007986622752204063
2020-02-21,-0.02289493619923401,-0.02689219882130043,-0.022351135938929474,-0.01229466261032112,-0.02071830961061179,-0.03212317188633294,-0.048552032426529904,0.0017662480443414094,-0.0023195197754162862,-0.012270245267435318
2020-02-24,-0.04866545577143126,-0.042235023870589,-0.04381887620411609,-0.027243326165648486,-0.04605343548059136,-0.044072534068739434,-0.07332081585058683,-0.07752369493467591,-0.08167235270607215,-0.047978597591928095
2020-02-25,-0.03445948535724753,-0.018357980231590378,-0.02390532587279279,-0.045670181175924536,-0.019875313155377414,-0.01663939297500598,-0.041961651135040114,-0.041482357972054684,-0.05322956868328898,-0.039078839779292954
2020-02-26,0.015738980422910748,0.0034663008478506324,0.002988910710287481,0.0030050151358792417,0.0021828953896225766,0.012417477778549497,0.021144577134780736,-0.026744949535016983,-0.0014817339844297838,-0.022200145867880862
2020-02-27,-0.06760252576275047,-0.049333390430740226,-0.05584308952682689,-0.04250458777642534,-0.03851094863823789,-0.07306467470997632,-0.05727470475421122,-0.13713311629061195,-0.03513468879539276,-0.062064235884386164
2020-02-28,-0.0005851840876027923,-0.0002918893180325476,0.01831102640245198,-0.044305632251348544,0.014232947900371476,0.023924539169186923,0.06687412296785222,-0.016347950327421108,0.004087277273279413,0.031999521952068934
2020-03-02,0.08901880521402454,0.03658851566405863,0.03454315241408734,0.04554056163292411,0.020416660678977044,0.06441875332600001,0.023276419221879483,0.1072570247859105,0.06876790125147607,0.046343134177873
2020-03-03,-0.032274858273196386,-0.023278669366774255,-0.0356861350765817,-0.03824661075269997,-0.055201854575476446,-0.049105685373337024,-0.038875029703383725,0.0025383850988232293,-0.04382265760756169,-0.049068306400803695
2020-03-04,0.045341174821081985,0.03441420829326915,0.03227575271742334,0.02440891977091839,0.031089527492269325,0.03605744559084192,0.06768546515431528,0.005337746224066965,0.10182689852661175,0.021597473621216737
2020-03-05,-0.0329749240305659,-0.02656658154602768,-0.04958827101980651,-0.05030568409195244,-0.03497029267316103,-0.025415501801910944,-0.04023472473183322,-0.033869376791647296,-0.022573438949708008,-0.04506783742692943
2020-03-06,-0.013368998950723724,-0.011994572145720599,-0.014572073015026438,-0.053063345123807754,-0.022280408842042864,-0.02867437337974765,-0.026886863590443278,-0.029497510135476336,0.003210998890720883,-0.0494990745332834
2020-03-09,-0.08239495668024754,-0.05430184971456644,-0.06368799867767061,-0.1455523511405059,-0.06614103174702846,-0.07017879193701927,-0.08059417142008002,-0.14586457137702016,-0.037433835934124256,-0.1303907194675066
2020-03-10,0.06954605019289832,0.04941384267449418,0.047685384696366344,0.07482609254353777,0.049997363368219035,0.06614735931581717,0.06177434843200449,0.059586929551683376,0.023706916703280748,0.0363590897628992
2020-03-11,-0.035348197818208214,-0.03823045590680999,-0.05171551618375559,-0.048214091376462605,-0.04564103640989016,-0.04636011865911535,-0.0575865951823296,-0.01735009892797303,-0.007960168690075277,-0.03349644117800603
2020-03-12,-0.10397769362224951,-0.08253503819368388,-0.08560837992494524,-0.08602657086169757,-0.09720939773780092,-0.09964183950246631,-0.1305274215795424,-0.12349328402408655,-0.1037295744032493,-0.12142247122286266
2020-03-13,0.11315717684165782,0.06264454451479513,0.08838743950941737,0.16562022449866756,0.09744418607430207,0.13292923423914024,0.10741995566427419,-0.02516454136147571,0.0871714989598392,0.024968221172245442
2020-03-16,-0.1377077595801393,-0.0551930111496119,-0.12368444620079036,-0.16210564137208333,-0.15376896134065907,-0.15945338013291013,-0.2039793740232177,-0.20552230217550044,-0.18967078406631555,-0.10006987263248121
2020-03-17,0.04303064277024217,0.0679073394904408,0.04113654689101973,0.05931899445033489,0.023085982633142627,0.07912209779282021,0.10098716888728558,-0.03398134500612111,0.08179127282380402,0.06510055432538726
2020-03-18,-0.024784213847308344,0.012183223280898315,-0.024326268702169654,-0.1112321007181504,-0.016600782782987832,-0.04300793464515782,-0.06882158623079015,-0.17476304366003273,-0.11789547406700658,-0.1056323424128168
2020-03-19,-0.007691762634916702,0.027450380856149387,0.018594608036224862,0.016668280453452786,0.04112688358480251,0.016319807555863257,0.04883242730498626,0.16879451260286096,0.012543958807380354,0.038790716646363875
2020-03-20,-0.06559017143842298,-0.018696493799985447,-0.03987902315224435,-0.021327946824714835,-0.02245348974919896,-0.038282476009382005,-0.034489503489029065,-0.00025720668994270134,-0.06198185868828636,-0.05033043716022
2020-03-23,-0.02147317495770044,0.03027242280070844,-0.013268617214980424,-0.05501914478207171,-0.010945870590493711,-0.01002442891711709,0.03317369284758857,0.015688043665694176,-0.05845473010471069,-0.04019865645994902
2020-03-24,0.09560574597781767,0.019397213114498144,0.06951078542346495,0.112383594691361,0.08339243475679063,0.0869984234080197,0.1583398558002766,0.15084593365171223,0.12043658879299687,0.11944189312129459
2020-03-25,-0.00552390376355362,-0.02836614678504326,-0.025444740189835263,0.036638271380002085,-0.030079026751413846,-0.009618573358547464,-0.014389890358268211,0.06562083944686455,0.06469490460957164,0.05088436283811893
2020-03-26,0.051285419663221865,0.036267437779002064,0.054152297545752986,0.06734154425103274,0.04463265961981477,0.06067274191916755,0.04622388638349908,-0.0207800386755252,0.08537896144348474,0.04021022470933576
2020-03-27,-0.04228396293997784,-0.028734293362178226,-0.04633988912153037,-0.07390370619748599,-0.040926486023406254,-0.04192761824757412,-0.017687532208848215,-0.026475805312348537,-0.05199640584140379,-0.04936974199310061
2020-03-30,0.02813841505323671,0.03305128565768252,0.03195376462286079,0.025673839564411695,0.05677920284792394,0.06797697903046296,0.04963193736409291,-0.024064387275638185,0.035772419028201864,0.014774868811480789
2020-03-31,-0.0020427660581598664,-0.0072719999659999635,0.013551618700225684,-0.03781813779280458,0.005108796582174013,-0.015852410691340652,-0.0075211190602592045,0.04263263821287683,-0.007590003218560042,0.012455638457904003
2020-04-01,-0.05405201724090109,-0.02178742279295421,-0.052882315471264256,-0.06504960999673727,-0.04412474870657829,-0.036153562773708035,-0.08108323143460057,-0.08446087652228773,-0.049568581553301024,-0.011655524448814066
2020-04-02,0.016548870168654358,0.005817252037933856,0.013456099650997803,0.03665954263582857,-0.00887390539545304,0.020497038352111,0.04975542517395812,-0.057898921000518445,0.013061456369928986,0.07368915880049955
2020-04-03,-0.014475441861615451,-0.006399314195321289,-0.022021799543456563,-0.030003027013814312,-0.025676126749150232,-0.009252875696448734,-0.046305676578495186,0.05467504939194526,-0.04661126651215113,-0.029898159278042357
2020-04-06,0.08364010753671396,0.04662517920980072,0.07956263173407864,0.062379355573043305,0.07115263599829096,0.07173199002683806,0.09567918881558511,0.07276481895829454,0.078939545847292,0.031629109832594565
2020-04-07,-0.011650191782950648,0.006988976113008688,-0.000532668445235748,0.013103899040111189,0.019619041225534803,-0.010828675880470269,-0.035534401048671546,0.05503939414254686,-0.0012091020463620113,0.01884773550335393
2020-04-08,0.025272955095612577,0.015488887252484295,0.020456272320404107,0.03958569199858789,0.031770910157727504,0.009981471069546406,0.03011727793323399,0.006195761068727163,0.07676256977273044,0.061365906675384316
2020-04-09,0.007189857276038985,-0.00011749136016937198,-0.00035615545618010127,0.08591500480251055,0.005207932401728509,6.024599083267984e-05,-0.015097550643329995,0.043078797207400474,-0.013910692981491217,-0.016555626229937528
2020-04-13,0.01943747171045576,0.059904424788693025,0.0031774408243207663,-0.045491943522545535,-0.0022859161401614435,0.0022384202452597098,0.025902680732562303,0.12754711640906993,-0.0023503101605951175,-0.00861596195525883
2020-04-14,0.04926906164002611,0.05142426317898338,0.044294762126904454,-0.027777884690979207,0.01915277683546763,0.048297972578718984,0.05093152050641785,0.0866771798728856,0.02618051266400639,-0.007747196342315471
2020-04-15,-0.009169125462368003,0.01061218674730437,-0.0062872040933126755,-0.050576988347980405,-0.006757785510276175,-0.010533231498642876,-0.01101294123442811,0.02770162075738181,0.04049984854687418,-0.04704782340617785
2020-04-16,0.007914625079900525,0.042632714874196495,0.00010333206748500588,-0.038855347994073475,-0.004076596182018994,0.02957907802878771,0.04817274568513834,0.020854428493631318,0.057763627370957124,-0.033407597585311914
2020-04-17,-0.013661509882612888,-0.013877991515518532,0.017008483141638088,0.0860760629749484,0.016822085956232715,0.008772890607996214,-0.008108698446735934,0.011580411041559343,-0.026725475628436485,0.09890302569479699
2020-04-20,-0.02097526933733346,0.007805217491159297,-0.01405444964530492,-0.03713857048224635,-0.005594775983149289,-0.020019474313287624,-0.018192656840998415,-0.010038465581097953,-0.029406257234469303,-0.048350618807791235
2020-04-21,-0.03139813811558812,-0.027741595250859077,-0.039620049312776295,-0.029433376587035178,-0.042637645492201275,-0.04223705214280189,-0.06305068731222055,-0.08328137479063667,-0.02858245449098285,-0.005356827065250184
2020-04-22,0.028396516756912214,0.015078276370104332,0.03744507004294347,0.003251288684253347,0.06505068670244159,0.03340073560708833,0.059910414127345095,0.06400415510269586,0.010268560891009412,0.028164220788252127
2020-04-23,-0.0038832661931851578,0.015100238852104056,0.010088602296726945,0.0005597218355805747,0.01551425762397173,-0.012175813943515216,-0.007506744586798992,-0.036839791089286374,0.02955660917874856,0.03085079629806163
2020-04-24,0.028460994840454567,0.004478467862372162,0.004262645643632436,0.014658393534370094,0.026334341187177996,0.018094357686246083,0.01945662224749166,0.02728753098899391,0.020672816163881013,0.00642326317490596
2020-04-27,0.0007066229529577483,-0.014299615622890095,-0.00450645321417495,0.04220137129387764,-0.013613960244052158,-0.002868594362321025,0.02553535584316346,0.09666945779957149,0.00919280923595561,0.0047909455023018785
2020-04-28,-0.0163422311454143,-0.026406206272373736,-0.030576205929184863,0.007055982085761768,-0.024784398867976978,-0.024662391247240494,-0.019441733238630816,-0.037801017814305886,-0.01930241641990166,0.023170545625883013
2020-04-29,0.03231701016126108,0.025020524430829326,0.08517756915500366,0.026613060334766528,0.05984292265607199,0.04389597210263881,0.02407636631747127,0.040002020280935593,-0.0024651415641472173,0.05389129856226472
2020-04-30,0.020876907824504118,0.041803503952607714,0.003361778769875969,-0.021692772298228323,0.05275712099488045,0.00998213710846793,-0.020923813110814087,-0.023547759980736722,0.016617877020098214,-0.021080004178640394
2020-05-01,-0.01623049317551344,-0.0790151691799427,-0.022057620971666855,-0.02656110675279918,-0.011990766843250329,-0.026232676224780732,-0.03304298341165082,-0.10873700220740792,-0.027593740651044658,-0.07435632429179985
2020-05-04,0.014049699046725124,0.013016157575809914,0.00422673212988169,-0.011974912663643159,0.01467396482689286,0.024165822483343945,0.029650176842158187,0.0819187203405193,0.01059313651076714,0.039541668632112226
2020-05-05,0.01489762193183004,0.0007812169559819208,0.019552168861292005,-0.00152031868007632,0.008779316233571971,0.010678491631488726,0.008375625603456161,0.009180180665024101,0.018947678999097304,-0.0011147276260792375
2020-05-06,0.010264111607045056,0.014332930141282023,-0.0026646660123685047,-0.018983963945059943,0.006738342172072582,0.00979923261918512,0.013693509139658194,0.018533023597782732,-0.014678793984414788,-0.01891550671503043
2020-05-07,0.010291773941365425,0.006929629421755726,0.01757110192379365,0.010359869779880255,0.013294474770778825,0.005790094552119321,0.023496868516530624,-0.003250973870209664,-0.013141476189431765,0.005667375791816037
2020-05-08,0.023522935565029456,0.005055588339379235,0.010938692578680787,0.016203744178870164,0.005146153067993388,0.005865205595262651,0.02471904227871736,0.04925154604829151,0.0069929661513877936,0.04291714924419436
2020-05-11,0.01561269659890502,0.012275095742505182,0.013809862102773499,-0.029892219983222584,0.003901068613314325,0.011092834174408999,0.03187063115497866,-0.009971196406895207,0.005871150317295422,-0.0095733673378816
2020-05-12,-0.011493830557403852,-0.02184325689933136,-0.02044868388210975,-0.03322321344167593,-0.014553144237492302,-0.022912534532600646,-0.03315143283373633,-0.0023199593370761967,-0.003434665083098644,-0.01685640407453106
2020-05-13,-0.012147791270637127,0.00464352271673132,-0.01971777856976635,-0.035078965731107366,-0.02408590265776696,-0.01523777741197503,-0.002887738801392448,-0.02305818093053759,-0.03429751174818721,-0.05091132845847624
2020-05-14,0.006124773506637785,0.008800091486279958,0.0063063184909330355,0.04069336946225599,0.00830275627444051,0.004329931052879116,0.03169040944353196,0.015518160889563192,0.04436077474155983,0.008785106409170013
2020-05-15,-0.005929828522660084,0.008723388257937528,0.011868712101265205,-0.018683732392793834,0.019488709891105217,0.014463227842064526,0.05573024025196821,-0.005191880165631997,0.0012040267027135089,-0.007117027315910917
2020-05-18,0.023288073664432623,0.006815562402388709,0.008788213272181305,0.05161350280165148,0.010894585458101836,0.009509266798694465,0.03010524611622902,0.01793204109959487,0.008214432310143958,0.07651986097487058
2020-05-19,-0.005795076080166724,0.009463506026665746,-0.00781283827391259,-0.019875691311329158,0.017160367691196457,-0.006946466239276969,0.006294212662450154,-0.0069313094591098995,-0.014800600995588446,-0.03136466585334958
2020-05-20,0.019261292337750462,0.0196519053240098,0.02497641169255938,0.02955806787396909,0.05860456561570066,0.013775062055594605,0.01850903498519122,0.00930057241369536,-0.0036741051463065944,0.032025921056536975
2020-05-21,-0.007483270383781691,-0.020709907813958355,-0.0017115546553616466,-0.012782969582532397,0.006155865786940013,-0.012083647728413402,-0.021950437386661983,0.014654934735012084,-0.003757135436606133,-0.018014173896392822
2020-05-22,0.0064176541838136605,-0.0040379627094452065,0.0046029669036821794,-0.007792851672922887,0.015097891331273868,0.00043618521421721505,0.02820158558130051,-0.013037700356063059,0.010505694723783878,0.0008970379015743583
2020-05-26,-0.006796630410302639,-0.006182687942356004,0.005736094933879856,0.06856751979042298,-0.011603490840187154,-0.010628206081546398,-0.03477547799080146,0.002433081947381517,0.016928198341568022,0.02894889843136615
2020-05-27,0.004347548210040575,-0.004747292931811086,-0.0007670908036297552,0.05630591611577767,-0.01326593717735012,0.001320934123285372,-0.02232888478850939,0.001659467041868106,0.02966801010991357,0.007162638131213842
2020-05-28,0.0004403229495691979,-0.0038615979869802697,-0.0014372781335675322,-0.015007854541395303,-0.01619034058001359,-0.0022576009998168333,-0.00449678058923738,-0.017736751939729612,0.000658516303465816,-0.02629423351151772
2020-05-29,-0.0009747163608631271,0.017041909136995572,0.01071619855640667,-0.025867447070137925,-0.0016424896636591693,0.010146684331738695,0.04475915515922987,0.035583725409644835,0.002890905118228871,0.0095017696771052
2020-06-01,0.01222279921567174,0.011670253098244966,0.0009412304859457451,0.013169444279295913,0.02984912955815002,-0.002294366724871681,-0.00783296454816246,0.07284966703702293,0.003536756563189233,0.017656924523277003
2020-06-02,0.004618698547339349,0.0005542421239081785,0.005171717959138671,0.0033413374324522617,0.0034866449752042512,0.011312510971163854,0.002155013434630739,-0.018588326218028427,0.0012410080938025005,0.022011931627495523
2020-06-03,0.005490054214533267,0.002419803318654912,-0.0021238766763239966,0.05257104405995012,-0.011061248848211344,0.002430382874968003,-0.006337137903641963,0.0015867839932886055,-0.0031388901921111404,0.03998461841676965
2020-06-04,-0.008649475072274362,-0.007207963182428161,-0.017487419420933608,0.020597933764551078,-0.01695745802504324,-0.013250863174750707,0.00011410544404640887,-0.02126741082055923,-0.02409656413873186,-0.0028473045213605113
2020-06-05,0.0280829807782616,0.009062306094701045,0.01802239285316982,0.0440184966023387,0.019604084925570545,0.0231287679059263,0.01735860651484821,0.024320646383694,0.04516029845996314,0.07794108671277347
2020-06-08,0.00589513590753121,0.01640122058468097,0.005553925152603329,0.019762103123703554,0.0027263203960697993,0.006177529769197953,-0.012976179453466399,0.07004464847857836,-0.007628924449281807,0.030794592759738653
2020-06-09,0.0310895598760766,0.029973414532654237,0.0027860049046159446,-0.025984643903959714,0.0309340194028504,0.007615705432292664,0.02700286323793208,-0.00978535494822048,-0.0008725819150822571,-0.022539328531528756
2020-06-10,0.025402111056109355,0.01775474019639406,0.008653484934839169,-0.04137267906700291,-0.008161459345494088,0.03642021010862868,0.03484341536685927,0.08590431690632504,-0.01125288177368224,-0.05511616398569653
2020-06-11,-0.04920086919754712,-0.034386807792203426,-0.04382201626940255,-0.08713133328676845,-0.05335641643091677,-0.055193763182132656,-0.06284044617210734,-0.052277046427824686,-0.07474504896129569,-0.09239236140093572
2020-06-12,0.008596092871268009,-0.005071582137180358,0.007830036352208462,0.02699581050240279,0.018322482002832412,0.007860572390309928,0.01537041484857559,-0.03937370329089697,0.004992144507204553,0.021211228622725252
2020-06-15,0.012291268334571203,0.01080967380014712,0.005519409391463697,0.01372332015439027,0.017003781548589832,0.006371405771468154,0.02664988866547402,0.05776761532071402,0.003954804358863249,-0.0006363280671219539
2020-06-16,0.026157273197030213,0.01641919546995653,0.017948344711181584,0.007968263956585724,0.013457407776892983,0.02420988295262797,-0.01153919780457193,-0.008889888882897297,0.023202727839050735,0.0222372887434909
2020-06-17,-0.0013928619432586416,0.009782656419923274,0.00418756678080475,-0.025604321752069042,-0.0005093686767777228,0.0034553587667875674,0.018301854121585765,0.009787666254598352,-0.0013658977999666097,-0.03311495070093204
2020-06-18,0.0003983121798336494,0.004910408831544251,-0.01276229556172966,-0.005442987082678895,0.0017393163735000842,0.010651439008439303,-0.0019508663803090524,0.012196058432993926,-0.0038353080757838045,0.006199965574825891
2020-06-19,-0.005731086715302357,0.007892706403668376,-0.0066321548449507425,-0.01148711493094482,0.012006925723948129,-0.005977725324275006,0.004681370360539492,-0.003052506049991116,0.003473919319770745,-0.020237684798830164
2020-06-22,0.025827455544588304,0.014404049034053084,0.018099272168337635,-0.010896210143133205,0.0017991798416075342,0.027395052255229025,0.028264372804543685,-0.006595797039905825,0.004898324873232049,0.00952394872476163
2020-06-23,0.02112008159032191,0.018470070932883553,0.009139950373446119,0.012122585960437582,0.012545415172368516,0.006658846382616023,-0.00808887778881376,0.007474555771254048,0.0167043714839541,0.006014055974578826
2020-06-24,-0.017809515946438863,-0.010915222785479236,-0.02159778569072898,-0.033961413264286734,-0.0345224901843999,-0.0203637864651671,-0.02296014989585897,-0.04171541244464825,-0.028701207498883587,-0.048255086277960636
2020-06-25,0.013188168653833104,0.007352966946613356,0.005846000415943431,0.03426786401833969,0.0070683233892001405,0.01255747455539654,0.027184057549251673,0.025817844628587844,0.024053077834721846,0.014944032160018848
2020-06-26,-0.03120768959998858,-0.022657517035347675,-0.05605602992869248,-0.05637812216181105,-0.08682626363852085,-0.02021900030993295,-0.035938514886883405,-0.02697370050614223,-0.0320381999414316,-0.03491759859969516
2020-06-29,0.022785280557185855,-0.004648937652200358,0.025097996568175428,0.004418507882355188,0.020883868239303015,0.010689858477826698,0.004903478718620388,0.05039944763683731,0.009989072733959003,0.015920381783738783
2020-06-30,0.008312686075904612,0.02884445591830274,0.014833877869524484,0.011333185493354818,0.02872598041419737,0.025228348186232433,0.03185135273490066,0.06747855280845434,0.017752778472921164,0.008984637058149645
2020-07-01,-0.0018933634909774333,0.04253577590541981,0.01674844089618754,-0.008541568821447925,0.04511975340552066,0.005830354368664384,0.0033900257767489153,0.036213124954005624,0.00938083506045945,-0.02284402075910346
2020-07-02,0.0,0.004021512351305945,0.01918382120655604,0.003242748607253643,-0.017538751940756884,0.007592031741371102,0.00859343790053889,0.07651403502187115,0.0017787863452431202,0.008429305633389617
2020-07-06,0.026398890363204443,0.056086861548230546,0.020016957277624176,0.024939964701386107,0.028965416931579346,0.02129800722150511,0.023340945733279817,0.12645108117682743,0.015140088623415933,0.007008275441443233
2020-07-07,-0.0031076557102941126,-0.018794894393650154,-0.006509416301989255,-0.028615657060352268,0.0024109425418986767,-0.011696093545401983,0.003297889197930776,0.01323965619758905,-0.02055288018846297,-0.026248138465142762
2020-07-08,0.02302285426556342,0.026637631211038765,0.009139881362724898,0.010559061113169965,0.011229758532973375,0.021754270993535153,0.034277707200625826,-0.017404076436543424,0.005748108425048013,-0.0023157422762439196
2020-07-09,0.0042911401155017095,0.032418003431597016,0.009966160336032833,-0.021888424475943684,0.003769546509625573,0.006976695658237058,0.028277182733292,0.020579243780394125,-0.024427680702823373,-0.04213593720521046
2020-07-10,0.0017478540251955534,0.005442909266691453,0.013310727225279862,0.05322492626154048,0.002328742897635393,-0.0030377940129481073,-0.002835077128686544,0.10241918272489342,0.000240271097559208,0.03071253001515497
2020-07-13,-0.004624008312759558,-0.030459227148096752,-0.01755378560613242,0.014232984586642992,-0.025080230144113078,-0.03137562873898157,-0.041600776628005175,-0.031294179797161696,0.02870197559838683,0.00023475661539206866
2020-07-14,0.016413053824517167,-0.006464146747407976,0.005690433138818845,0.005718604375587724,0.0030496212897502244,0.006162443938582889,0.03179553077391988,0.013099686323903579,0.028971121616726818,0.032517510945035716
2020-07-15,0.006853760260858171,-0.02466286482562469,-0.002620160445716417,0.0153583205322026,0.0022916183722296456,-0.0014889597676763764,-0.014536353407520679,0.019074500672006927,-0.014528549687964482,0.012627056676799855
2020-07-16,-0.01238099644880467,-0.002985648858511928,-0.0012928437764157732,0.0028037092834064673,0.0027015520981228127,-0.020002595849931956,-0.009085423615455095,-0.029785727485036655,0.010078337516647893,-0.007873387480537385
2020-07-17,-0.002022626460838827,-0.012724365220700149,0.0012729524742623993,-0.018671355079335074,0.004555247342473636,-0.005113072397322538,0.006564871282843851,0.00013329605943815782,-0.002020774230864687,-0.0173123196935547
2020-07-20,0.02085484829070378,0.07630823511693882,0.030508621418199936,-0.008799799517390839,0.01390934027967788,0.0420828551915738,0.02986368894039049,0.09049888548491682,-0.010065619113813332,-0.02371648121217038
2020-07-21,-0.013897740913439725,-0.018484694634580835,-0.00507749158595333,0.021453602136369296,-0.015066997055335339,-0.013560268781153337,-0.017491496845878942,-0.04649333201590645,0.00542209980962322,0.04935015980149194
2020-07-22,0.0028052336484441615,-0.012305027339411448,0.005722936530156519,-0.0072690456596085345,-0.007806823725312187,0.014269150210475284,0.010617829865493405,0.015167860710440668,0.0052306876203242645,-0.02356806306117889
2020-07-23,-0.04658461500822271,-0.03725419917985109,-0.031219933753506245,0.002934193150017477,-0.030776986909108246,-0.04446907924875818,-0.030048205850729953,-0.05105769412846385,-0.012269015907710738,0.0020619227811364796
2020-07-24,-0.00248042744617518,0.007458986752838637,-0.005646388135839463,-0.007097240243714644,-0.00815860990873602,-0.006141024379667373,0.0063715104712662625,-0.06559870288489437,-0.007221207222248422,-0.006197656934367533
2020-07-27,0.023423764874928105,0.015270459525145965,0.013971590766890635,-0.014141097943237781,0.01202045030574539,0.01258814074865995,0.02202260501981573,0.08298067038819532,-0.007307480276276753,0.014628769122380512
2020-07-28,-0.016563976449020173,-0.018126069617507432,-0.016999545133012037,0.00432491302540618,-0.0145810723784735,-0.009017764029807461,-0.019964748010158077,-0.04185494718429495,0.004444313902733797,-0.011869751228568287
2020-07-29,0.018987213471468936,0.011004699826417956,0.013121342859479768,0.023960560149086582,0.01368129393180642,0.010047227967941505,0.024178029684295832,0.01520390470417943,0.022255588811641348,0.010961359443368407
2020-07-30,0.012027568150355342,0.0060308083157400725,0.009706577009651185,-0.027047978642793527,0.005173322114766293,-0.0007844185468163671,0.014089793556385849,-0.007781454581928156,-0.004739285909593382,-0.05030143570600604
2020-07-31,0.09956347974920143,0.036294147981264194,-0.03332415613225105,-0.003924181818859136,0.078578642733571,0.00542911187130376,7.058616669320381e-05,-0.038884339639871014,-0.00805918320643467,0.005003173088230547
2020-08-03,0.024885396146325726,-0.01682166001089732,-0.003494301277406528,-0.0056032924783223385,-0.006763864399245527,0.05471657232769375,0.03658215414476644,0.03720897247565101,0.0027374652995646683,0.004031738664870912
2020-08-04,0.006655921410082399,0.008619861276316521,-0.0064002101556215035,-0.005739646742518394,-0.008489687755736008,-0.015122357368695856,0.019561764335499263,0.0013458747004375454,0.0029269118141498724,0.028466741066137922
2020-08-05,0.0036179952986712585,0.020871316739287018,0.003922060305535051,0.01722358952145693,-0.002845947244726956,-0.0016424537051836878,0.005241272496863439,-0.0013323884879125765,0.025837521035783483,0.008703467160071638
2020-08-06,0.03429421934266711,0.0062115284906952865,0.01733269277063791,0.0003085760948069267,0.06285124964980168,0.01588701898895854,0.00430980585465488,0.0030659693985973365,0.005075601508963242,-0.004800509630060978
2020-08-07,-0.022998104600687044,-0.01800293843304236,-0.0043817560413600375,0.02176872290583513,0.011841266306430122,-0.018049580320281193,-0.012070620135028378,-0.025063424630081085,0.009412497627875731,-0.00459312488973233
2020-08-10,0.014430322231189067,-0.006111826385309402,-0.0010348080106833376,0.01259910039495415,-0.020473377728146287,-0.02010849074973807,-0.003084987064175232,-0.023781465364230404,0.0065078897198890704,0.02433290382003979
2020-08-11,-0.03019128987602981,-0.02167112480516848,-0.010936088900742456,0.031108628179354777,-0.026468788722310822,-0.023663222106849967,-0.028618857623354692,-0.03163934754750347,-0.011187149915342922,0.010281839108744792
2020-08-12,0.03269405691488503,0.026133573522779383,0.01787326063425096,-0.008512306721224409,0.01457349803187358,0.02816671320335842,0.05297283600391887,0.12331118921207428,0.021072321576791262,-0.00022676185488173975
2020-08-13,0.017542855904111383,-0.0003859062604570367,0.006223756209948139,-0.005552402198108048,0.005410509613750588,-0.002345127047792594,0.0002402426554473541,0.04172205380429948,-0.0023297742089914194,-0.024800367212639143
2020-08-14,-0.0008916598380501833,-0.004121037907113718,-0.007956944554964146,0.00039070908376318903,-0.00022953378819274187,0.0009579076874823895,0.010518829714136972,0.018162259872136134,0.006757608289649143,0.004407773206792661
2020-08-17,-0.002614284168825947,0.010865072977043023,0.00768661185172524,-0.02671867582120269,-0.0003062056162799801,0.006584282413497243,0.06470590810500393,0.10618769683979797,-0.009903741410689379,-0.013047850467106298
2020-08-18,0.00829831389318886,0.04006138810950659,0.025743363696993517,-0.014038070655640276,0.004508049842367861,0.005737682159731154,-0.0061999108998839324,0.02764276800974182,-0.011611468516782209,-0.004936772597893818
2020-08-19,0.0012540290279535083,-0.015825714532805114,-0.00720554645353348,0.0023363686146581483,0.0009524273834365731,-0.006085182518192266,-0.01002062220664503,-0.0045463782503080055,-0.004460554140114272,-0.01113921116797138
2020-08-20,0.021946921063762496,0.011250743012291311,0.020277216809372847,-0.012046070803468244,0.02415475937992281,0.023004573453305453,0.00020559156242571448,0.0635722137952821,-0.006584701735659682,-0.015370216731254308
2020-08-21,0.050248681566956034,-0.003843813244746528,-0.0004313717512538012,-0.0005136290617783296,-0.007462269441338265,-0.0072965180862302175,0.04371420937343566,0.023768211540485355,0.0025820131821731635,-0.0075305900338602134
2020-08-24,0.011889233764790801,0.006899163550113672,0.006061862894985241,0.027765558455733752,0.016270622362416397,0.0031403669289993114,0.002892937640488311,-0.017607920006301417,-0.017015451457922732,0.02907817892489784
2020-08-25,-0.008237537947647202,0.01173146611135582,0.012974249778838001,0.004387617417456786,0.034157174933127456,0.012925742766682336,0.0023363386581406634,0.004527486632740915,0.010884610104709218,-0.032252993793696574
2020-08-26,0.013507213606062938,0.02809711446991023,0.023557982835482934,-0.01412919321378939,0.07901752043613128,0.0213890758236626,0.0018020680341655295,0.0621915738853809,-0.010949213817890213,-0.021511606255663653
2020-08-27,-0.01202618758854268,-0.012233678809977448,-0.009539691324363305,0.032369930743633306,-0.03580836004730717,0.024256756137338256,-0.011397087283398168,0.03897652873348478,0.009185906852353704,-0.006771342628584497
2020-08-28,-0.0016213652953586666,0.0005292501453169122,0.006676773154062244,0.004094914916145184,0.001499516712370414,0.010230750426119855,0.040314314511473985,-0.01138789608941323,0.008625664651873774,0.023623968741131995
2020-08-31,0.03334996259009341,0.014347795491567642,-0.006056860950062885,-0.025424806491811974,-0.001567763427000036,-0.014875630216094934,0.01709917615036699,0.11839534141276628,-0.005805712548067732,-0.0186036177071364
2020-09-01,0.03905974749100974,0.013858994770032553,0.01555773915025303,-0.0004992572941426367,0.007610866664107266,0.007685600489322927,0.03313839008937088,-0.04782238606695396,0.0008951256160787443,-0.012851397570958852
2020-09-02,-0.02093624683928924,0.009197048337934825,0.03695638101135691,0.014966485123899191,0.02361538001662998,0.01908877065522554,0.037316972521445176,-0.060034084286439256,0.023410843635491056,-0.00610550403140958
2020-09-03,-0.08344755833318393,-0.047389460231042485,-0.052526495746244434,-0.00315313056678703,-0.03834565017434565,-0.0639485511137187,-0.09736513067018901,-0.0945727929773044,-0.012600794638367,-0.002043418086689394
2020-09-04,0.0006615352072595014,-0.02202820804028703,-0.030088718226922308,0.021382375741069874,-0.029243251315195038,-0.014135443059350229,-0.030660100742427854,0.02743348445504921,-0.01346672611728779,-0.0007673518304079193
2020-09-08,-0.0696662726034963,-0.04493916629572862,-0.037114368797883955,-0.03539501905842341,-0.04178316470529418,-0.055613767835130015,-0.05785023533988053,-0.23651789445767657,-0.015341313604630327,-0.023299026085166992
2020-09-09,0.039111700656863736,0.037013109131374684,0.015390133446128268,0.009462545070462711,0.00939642497148441,0.041701858739885786,0.06515162937060263,0.10366923114657202,0.015405367275342082,-0.006042258703013408
2020-09-10,-0.03319062786818566,-0.029022560577017922,-0.013783613171777299,-0.010363710797517895,-0.020782840492479013,-0.02841833873269503,-0.03222812065875024,0.013720031040026988,-0.024068033446240738,-0.025351285256668122
2020-09-11,-0.01321584132131005,-0.0187214757293059,-0.006765752550364839,0.012344466976722996,-0.005536004930232972,-0.006546310464189633,-0.012032307943382333,0.003709375196707332,-0.0061832667133859655,-0.0027065012237245784
2020-09-14,0.02955878519584157,-0.004261050710177225,-0.00458242010483273,0.013756948090365493,-0.0017267338062523937,0.006741086475512022,0.05655198415998019,0.11852211424147706,0.023245188066795142,-0.006525752562842943
2020-09-15,0.0015592836914488024,0.016986906487693396,0.01727415883577211,-0.03162610570276646,0.023284950966202134,0.016272933607433593,0.009182954968593225,0.06936453038904387,-0.004352370712131041,-0.01069495448646114
2020-09-16,-0.0299581490574321,-0.02503409881608985,-0.015115768622277523,0.004221363321646215,-0.03321567016318548,-0.01802705066940359,-0.037368735017896754,-0.017947393738460667,-0.0023136074013389817,0.04158237724799828
2020-09-17,-0.01609211238801357,-0.02279449983567252,-0.016705359919550983,-0.011499962631419417,-0.03357191947178723,-0.010491466847176396,-0.004083620892567602,-0.04237854336559032,-0.005036923391371731,-0.0002642342776438044
2020-09-18,-0.032234235937445115,-0.018049831297685878,-0.024472448727185868,-0.002132776889498065,-0.00902736016011986,-0.01249705239805977,-0.022249909034245757,0.04326101937694436,0.00991894010866572,-0.01626915815958274
2020-09-21,0.02987499263114345,0.0018798451658920037,-0.014542637610274477,-0.03139801227048474,-0.017496595992110096,0.010671807309141659,0.02655323966671987,0.016241895082045352,-0.029086191056391594,-0.020647272583686864
2020-09-22,0.015593701299886135,0.055362197019776946,0.020540772495680305,-0.010971804488837073,0.026249189631055422,0.02380844124351792,0.009580717441748448,-0.05761528541471742,-0.016614890310540503,-0.02501535202777178
2020-09-23,-0.042851321272526575,-0.04214463095521935,-0.03515634813799137,-0.016363080930472187,-0.022749376467676632,-0.033482965815616834,-0.04152223221474056,-0.10915761260898618,-0.0072303426612436526,-0.03261165677691861
2020-09-24,0.010216342687237683,0.0066217097971920415,0.009511934477594257,-0.0008630047073317767,0.0020459087863412984,0.012878756906147154,0.018327852315027995,0.019345803747202597,0.0017779711274238444,-0.0020375710656915687
2020-09-25,0.036829580213479,0.024642604582375296,0.011321388974391321,0.008703837599805218,0.02097823420250999,0.022530817964486825,0.041696472983348776,0.0491842305281949,0.03306956478248399,0.00928078560263605
2020-09-28,0.023588661022516527,0.025178461064278568,0.01352802260757416,0.028372925724019938,0.007818156585632768,0.0077651169692492025,0.0124476475513719,0.033459528236176775,0.0024106242771343065,0.019157001305134397
2020-09-29,-0.007596860638617138,-0.00923261654532486,0.005032877319987907,-0.008459415209656596,0.019167053586934275,-0.010463425613226551,0.014527481285881638,-0.005069748902601041,0.0030290762694295914,-0.029604000163593987
2020-09-30,0.01496340407447782,0.0012233973846267278,-0.00028639246875391264,0.009602522425632158,0.0004198487277714183,0.014703735682682583,0.022780764599055495,0.023442192423042928,0.02474472018493687,0.0014576600222063582
2020-10-01,0.008426556030062869,0.022773457377156782,0.0151009362372931,0.0072452544664270285,0.017899597468319973,0.010076030978442516,0.006189041691912843,0.043670173422939704,0.0041614484118112985,-0.03558036811412214
2020-10-02,-0.03281271241269873,-0.030338326155417573,-0.021947466295314435,0.009442488172933266,-0.025411256431504835,-0.02995557627966468,-0.041409124192723176,-0.07665503512528221,-0.003487953363462226,-0.004538061435838819
2020-10-05,0.030326437441633408,0.023466537334268914,0.018534337887229965,0.020915846032090527,0.01795739201491254,0.020117230658091283,0.04346353819308181,0.025192518630920653,0.019583922996475173,0.022782954594739464
2020-10-06,-0.029088283191625777,-0.03151160525254176,-0.02168580205572592,-0.010352051267822676,-0.022893778723325375,-0.021476140257704744,0.006866463938227348,-0.02787018407731412,-0.011697801922347114,-0.010427730774652652
2020-10-07,0.016824662075793355,0.030413812448158245,0.005580727033651109,0.01729498244111082,-0.0020900217861121754,0.018858336318867172,0.016426197752563803,0.026977120398229415,0.02735341822485917,0.0032889672915845593
2020-10-08,-0.0009563821177785791,-0.0016097349459189387,0.01650956267112534,0.020347090548537207,0.02161504319106282,0.003568056876594393,-0.009009915071510612,0.0014567215247855486,-0.0023542606565759676,0.051203746505376305
2020-10-09,0.017246349822081338,0.02967554216621051,0.01805076005192196,-0.005714942656819656,0.0026129369860874705,0.024532666291858123,-0.00550695769945492,0.018793074176697643,0.01670139524803627,-0.014857412201846141
2020-10-12,0.06158459967886977,0.0464540159772508,0.0352161501038906,0.012178623454585468,0.041842108911199286,0.02557274310007989,0.03310549651354429,0.018943822515122916,0.006476150972838136,-0.0031713154585461824
2020-10-13,-0.026885395771500443,0.0002033158031418585,0.0015837190459016034,-0.01633752339773219,0.001413629637697012,0.006572787320059291,0.0015627363594454716,0.009786884708723409,0.004384861765674805,-0.01191003124575238
2020-10-14,0.0007428286073269477,-0.023481628688544316,-0.0023189668782017223,-0.0055719793175937615,-0.015768070604600514,-0.009014809368703684,-0.01079622293909136,0.032273287618783654,-0.029300905673414812,-0.0020478452832635658
2020-10-15,-0.003968556851068666,-0.007478033616218114,-0.005110957657623237,0.014856169086493669,-0.018940891712176992,-0.005448080447921123,-0.008925506463507435,-0.02729299577407529,0.008415398892336133,0.008746652645502704
2020-10-16,-0.014099527349018365,-0.01994812848396483,0.007831919074486098,-0.0020666140750810937,-0.002966144572402472,0.0,-0.011410494854733699,-0.020731092265373598,0.016288333238437643,-0.010211717401270415
2020-10-19,-0.02587381113050151,-0.020216949722746604,-0.024374426672619506,-0.016989296042631608,-0.01718121549471193,-0.02507750990854709,-0.022978520918858752,-0.020310891071385614,-0.01736719096242461,-0.02014291455701764
2020-10-20,0.013105897678960162,0.0030508956211158598,0.01371636136448746,0.005695346684521119,0.023292068569081576,0.002005336758496167,0.010886518855133361,-0.020850455371877373,-0.002501564326407699,0.00834339987564753
2020-10-21,-0.005461344850024433,-0.01001890884724982,0.022257227196719902,-0.010013158193416593,0.04089991501175955,0.000698544258054039,-0.008888214787959335,0.0016576578966101716,-0.0019186038428672743,-0.016153517105444
2020-10-22,-0.00962980125167934,-0.002684886825932588,0.01294864512124942,0.034713024118398425,-0.0021910641116709667,0.00041884773656170884,-0.012181414879500098,0.007425427859397711,0.009066674243238943,0.049995315670136986
2020-10-23,-0.006152606765044307,0.008776346822349299,0.016249108092176976,0.00899896224001623,0.02369939606898749,0.006216354582855239,0.017012522523565995,-0.01219258008931434,0.014840452669982643,-0.02028439266109914
2020-10-26,8.717110390772743e-05,0.0008235515832760146,-0.03027009750895427,-0.02506839430797536,-0.027337800925178315,-0.028854322252148797,-0.033596421333606824,-0.0008324460631960825,-0.02307125257942057,-0.023997578230812083
2020-10-27,0.013382158199551093,0.02442300268945314,0.00916706298070168,-0.01904627880385557,0.022056638906403768,0.014976889845464914,0.01925603021491593,0.010414737676610572,-0.007924447676165477,-0.016019653260959405
2020-10-28,-0.04741872163573134,-0.038319991707740156,-0.05666401129500277,-0.02849003781253412,-0.05671605850750821,-0.050836556520221114,-0.05917468402080663,-0.04493353448533056,-0.03981388353509958,-0.03883076347793952
2020-10-29,0.03638049485473617,0.015134134911874026,0.030044441910338768,0.006504376389419055,0.047994405742408486,0.010014815458593151,0.030956490303180154,0.011777078527549948,-0.014125405987059124,0.04339082374673377
2020-10-30,-0.057648211982371224,-0.055995337191590895,0.037337920479444356,0.00891365921520163,-0.06517728217565565,-0.01105155981082085,-0.03834884328214414,-0.05707106115006527,0.004796454018227015,-0.010672643719501796
2020-11-02,-0.0008272889131439976,-0.010485731675678473,0.005067321378923843,0.02229143617428437,-0.006673215958360077,-0.0006917869001042545,0.003722802011674192,0.03163027338080621,0.022552905647782968,0.04114077831234148
2020-11-03,0.015237058245524515,0.014515652838803237,0.013052291140903213,0.03103452941412106,0.014962372944175859,0.020061445785439388,0.03428011545188893,0.05675891678442002,0.029207585293855653,-0.01721115296436066
2020-11-04,0.040024716118083455,0.06131112770815112,0.05910019674255924,-0.031034529414120913,0.07994432717877505,0.04712069897218112,0.057803805105879194,-0.0069123197353376745,0.09834640028135401,-0.0054023971120278355
2020-11-05,0.03487854657263291,0.024635765802841537,0.009491591683779083,0.04008349301380799,0.025084315301463562,0.031389287070338556,0.026169216570486223,0.03983908014025376,-0.00045146474567845247,-0.0018069148464647708
2020-11-06,-0.0011368348503108853,-0.0032050668056014093,-0.0015728749243602205,-0.01340994990607668,-0.004318749848436261,0.0019238151990684945,0.02799428100703317,-0.018755444602258167,-0.019776510510980214,-0.01182742375605099
2020-11-09,-0.02017030099511969,-0.0519488297063862,0.000959893021769005,0.126978345449184,-0.05118404199203063,-0.024112778191317595,-0.06608722715960826,-0.020418708541599162,0.007283564965375852,0.11920559666146752
2020-11-10,-0.003013239980538811,-0.03519509049367411,-0.013546201846647607,-0.0032562364364440255,-0.023005410514871982,-0.034377092009480435,-0.06522954590758208,-0.026215382510501505,0.010487488964222807,0.021943050923388576
2020-11-11,0.029901004344163453,0.03317322672809136,0.005457771668599842,-0.015045507202000175,0.01475688224795957,0.025916141687269977,0.04949852937243336,0.016363110813065698,-0.0056419978425619344,-0.01036300694072786
2020-11-12,-0.002345936636279704,-0.008678484699991355,-0.0025272425404162732,-0.012360328681896989,-0.005076537792625303,-0.005139037155019366,0.002883816314523233,-0.012957330573612593,0.007675581918657138,-0.03486620003484643
2020-11-13,0.00041922233094679104,0.005939975842648188,0.016751058977452528,0.0062430892261005075,0.006775159712061377,0.00495428194442281,-0.011942571396746116,-0.007948653293047676,0.0035491118147305623,0.023840831660690568
2020-11-16,0.008682642722683011,0.0007187867984453675,0.0009983202848077009,0.027834784759282832,0.007231270276254691,0.003319866383654816,0.01628018882015193,-0.0010042223136041864,0.0032282612055599645,0.056049166777811334
2020-11-17,-0.007593131301564265,0.001468143007621713,-0.006997378192907154,-0.010196711408340437,-0.01429733930920952,-0.01283326040783154,-0.006904832700050326,0.07893944622909929,-0.013316400973033474,0.013276231390548733
2020-11-18,-0.011456696684333542,-0.009677888280344956,-0.01200378266592109,-0.0074343669362004275,-0.011079362162456185,-0.013271497806342824,0.00048419996285210495,0.09709745318946535,-0.02179226507917362,-0.03848647336470959
2020-11-19,0.005154935503123431,0.003715583547472407,0.010248183231316947,0.0026860676047241977,0.0035601947506598308,0.0063282004803452635,0.0008561040064640174,0.025622441945055478,-0.02203979884845153,0.005093364376776564
2020-11-20,-0.011018031795017888,-0.0056688516272875725,-0.012698474264776738,-0.008603865030758159,-0.011941406729391178,-0.00960239221708363,-0.026577345363260223,-0.019537882465358328,-0.006848726107106546,-0.012376078139163006
2020-11-23,-0.030193948416729927,-0.0003259651773973119,-0.005092593146857954,0.02839636446984277,-0.004720390020216266,-0.0013319329192642618,0.003984496475454516,0.06377098448424992,0.0010751481878433374,0.06345519872539579
2020-11-24,0.01152760457213926,0.006328425701275153,0.02081729662769943,0.0452002066893494,0.03113864701061164,0.017690319692622077,-0.013967189534987112,0.0622723727366544,0.0028312219133811746,0.06444328704066374
2020-11-25,0.007439485778889538,0.021263218006347694,0.00013046469842303417,-0.010515408040064903,-0.004814506616757097,4.7053038342759176e-05,0.021151901073045692,0.03297682427747412,-0.008427966839409877,-0.028266120134000757
2020-11-27,0.004814714638010493,0.003219256968037136,0.01289165576689413,-0.0066598879939150655,0.008023205536835713,0.006338823636096434,0.002000200788096607,0.02028074420821668,0.014155372407828605,-0.015309096208133826
2020-11-30,0.020879862582383158,-0.008580433078829422,-0.018422295094597682,-0.02794000426797391,-0.0030282841089226617,-0.005404047525348689,0.01052050330278016,-0.03149318478843732,-0.0047454577206837364,-0.052616602308446156
2020-12-01,0.03036199397770882,0.0162931356533559,0.023078715640232658,0.015655573157876575,0.03400387231475373,0.009947018939392642,-0.000858222927859218,0.029784568093447848,0.014316822113184623,0.009656705776630258
2020-12-02,0.0029294002514725654,-0.00515287341781244,0.01635769009266041,0.01902633113643631,0.0033794604728545116,-0.0038928482791353476,0.011472382667427934,-0.02763741793314288,0.018497767831999135,0.03672011828743181
2020-12-03,-0.001138259145763926,-0.005257991204430573,-0.001716529186966868,-0.006576859461849713,-0.019917495157420497,-0.00526049872178162,-0.0107293045854434,0.04227093212295058,0.0032172183221338083,0.006737056696552025
2020-12-04,-0.00562846647111326,-0.007607189417695092,0.0010535511917019352,0.009031937653546849,-0.007657424023945217,0.0005599125990955121,0.012039227778733518,0.009493325730045684,0.0070556394687450365,0.03590600309950849
2020-12-07,0.012195363793268642,-0.001449259101838023,-0.0036972517237573053,-0.0037673556564179946,0.020804538744729248,-0.00032657758240523443,0.003570666216109952,0.068886056292822,-0.005819143515191982,-0.018891497670637466
2020-12-08,0.005078050607145864,0.0060897673194401595,-0.00314173200165916,0.0009841889714600205,-0.007662721825338976,0.007994270462956572,-0.019049618634292144,0.012573321033348567,0.0,0.03223788471377563
2020-12-09,-0.021125199187029268,-0.023272568006966705,-0.018651153708253917,-0.007817211312633632,-0.019525971308997015,-0.019682154790489455,-0.031908291226840906,-0.07241913725041024,-0.009967098745720708,0.013170493960324558
2020-12-10,0.011917192758325949,-0.0008734778193995013,-0.005759400863347517,-0.006464602186547817,-0.0028827656334601843,-0.0060617604301044245,0.003204485943098543,0.03668958724599977,-0.01391699595335087,0.027878412110823734
2020-12-11,-0.0067573364445684585,0.004802302959357711,0.004036812940594956,-0.005920820130157978,-0.012966382496324208,0.012931318328920928,0.003155620942462369,-0.027615591895456065,-0.007625175207642676,-0.0047829683244081135
2020-12-14,-0.0051598563137574644,0.012927776593180737,-0.012781374372892122,-0.010594512538742332,0.0023369933242409218,0.004398060478509566,0.022453435293582756,0.04775997018342951,-0.0027926067354547765,-0.036739647879839105
2020-12-15,0.0488760010000313,0.0025782705182143205,0.0050208122508296074,0.01693110448069098,0.004947631664385898,-0.0003265978309417698,0.003880971286233829,-0.010337277993335172,0.010476861357406437,0.019236030301473566
2020-12-16,-0.000547482747762396,0.023678659082595685,-0.002211364756093837,0.002904550323321524,0.0004357407810106756,0.02376593637460475,-0.008871189224091162,-0.016688013184044656,-0.0009722902994454173,0.015218112859581051
2020-12-17,0.006939231221983994,-0.001506881775001751,-0.0095375704063303,-0.008321641930173795,-0.004326046002254114,0.0006383380068564081,0.007429333185980621,0.05183107739238726,0.006843130432931676,-0.005047378281313063
2020-12-18,-0.015977619210896903,-0.010696397444651836,-0.008244231730603912,-0.004942260068572211,0.006970593941674747,-0.003789898276969889,-0.0052043274054068035,0.05790353852575241,-0.009676033773847315,-0.017399749632268646
2020-12-21,0.012319042356013386,0.001413904523066775,0.00481976533910008,0.036850405269463926,-0.013146852913853346,0.018133586146592762,0.004529303154073208,-0.06715493498509616,-0.006820229602329269,-0.018422527856803067
2020-12-22,0.0280669304192554,0.00010602891458408637,-0.0083015340770431,-0.015333467529033466,-0.021116508838489034,0.006047033732688381,-0.004058444383527406,-0.01475762913420309,-0.0031888128447132217,-0.017069585125437676
2020-12-23,-0.007000469555724337,-0.006649178948489452,0.004645489121691016,0.02756103677521562,0.0038113870838780966,-0.013125296813483428,-0.02046654886724027,0.00876920991536227,0.007671782153834204,0.012769294020249422
2020-12-24,0.007683031505910945,-0.003957235360226408,0.003425536550160963,-0.004407027457855455,-0.0026517082242014504,0.0077968945241786245,-0.0011920518531944736,0.024149533626973363,0.009434117634027038,-0.004077994463963336
2020-12-28,0.035140550549401815,0.034470151618254896,0.02269094914416764,0.006563531062083836,0.035271913589605484,0.009872587563991508,-0.007241389505909134,0.0028971067347807124,0.015027948270791474,0.003359742391193322
2020-12-29,-0.013404039144572695,0.011517048584034767,-0.009173962780307876,-0.002636257036094602,-0.0007944054265676747,-0.0036072425451532503,0.003347279925458511,0.0034595328945027123,0.004038620925701852,-0.011324084988121605
2020-12-30,-0.008563108213901546,-0.01094170357368153,-0.012312662843765082,0.002795732506220114,-0.01789892076055236,-0.011080367767299175,0.015524076318663153,0.04232058232357712,-0.006817612502325127,0.007964342596928273
2020-12-31,-0.0077326921986026744,-0.008840331459923346,0.009395571367377552,0.013548648569769143,0.0047337212757231585,0.0033325753527465984,-0.006927469298490727,0.015552413007484785,0.016358631904104696,-0.009176843337561679
2021-01-04,-0.025029994585780115,-0.02182109847190733,-0.015241233157457673,-0.009488458560498259,-0.015569486914723667,-0.021495564221852073,0.004471093471586985,0.03358173995604568,-0.0033705320928724028,0.006769869582782246
2021-01-05,0.012288047952847114,0.009954646073317086,0.008032001893403659,0.0054265212830916865,0.007519809052987969,0.0009641967114078231,0.021966863424030505,0.007290726849836652,-0.013538792067676195,0.04706752264954703
2021-01-06,-0.034241285199678034,-0.025211776834210834,-0.009916512286417248,0.045886784218081976,-0.02867608338816783,-0.02627152152646541,-0.06076211477013763,0.027994766442436515,0.04110962603236752,0.025196963907845107
2021-01-07,0.033553899673784394,0.007548565530855581,0.029431116835308423,0.03231164052292974,0.02041251496561207,0.028059866607379517,0.05621983655039345,0.07644846869014829,0.01590518933666748,0.007815388333920616
2021-01-08,0.008594251692945273,0.006474509430722278,0.013151858852326535,0.0011033605612900252,-0.004363290270789257,0.006074220614685531,-0.00505258147564954,0.07548123816080572,-0.004502767553322072,0.01105953655599047
2021-01-11,-0.023523100019469865,-0.021754382256951105,-0.02337677189045841,0.014814051183778468,-0.040927959639204536,-0.009745913618273682,0.02563513731014104,-0.08144231364811663,-0.007291460078120939,0.029904695957282203
2021-01-12,-0.0013965379173785735,0.002123540741920703,-0.010796572850480775,0.015596525475069603,-0.02264190534273842,-0.011840454596255382,-0.010090119328980405,0.046075003355075396,-0.00941353777842663,0.02196039899398964
2021-01-13,0.016096072709425976,0.014335165650269394,0.005636139304333687,0.0009268744187639612,0.002188052626003503,0.0065389322889868855,0.0034795716098916015,0.00583390055163722,-0.006541040619170771,0.011215197162250095
2021-01-14,-0.015242590644784303,-0.01220978211670719,-0.009390183366899544,0.005825182145927241,-0.024132445868166937,-0.015465291193316357,-0.024803013204775574,-0.011074621019438693,-0.012784321437112828,0.03829081669668124
2021-01-15,-0.013825545359315777,-0.007452299659631569,-0.0019082495540980104,-0.018084281936678496,0.023019146465953152,-0.0017384310261484642,-0.026152911538458515,-0.02254816438492551,0.0021940515831517025,-0.04929708088184508
2021-01-19,0.005412386973663479,0.005304424924284414,0.03237666897714544,-0.004337232739306409,0.03801730314913259,0.01766580944760953,0.01280694637243684,0.022015499815695144,0.0025305046476400465,0.01964298292092928
2021-01-20,0.032328149159415835,0.044686981065348005,0.05218752237420942,-0.015108963145433255,0.024141097691492152,0.03584936852086025,0.025805670609404786,0.00696170884124915,-0.00384038947446958,0.01402874007884201
2021-01-21,0.036002295059040935,0.01327491862890803,0.002167807432571731,-0.008419485403929014,0.01995092169134356,0.0028041933359712755,0.036852542331038525,-0.006440854103183227,0.011787108007611917,-0.02908837035072645
2021-01-22,0.015945910853164953,-0.004473303364494828,0.004453591054783569,-0.007743208805683696,0.005955670676830149,0.004346712634698281,-0.011240142033554019,0.0019507385857471659,-0.021208944674398923,-0.01423535053144565
2021-01-25,0.027307320172491507,0.0005374909810066927,0.0009083184441407902,-0.012561066922958263,0.012705995919248462,0.015720141349861258,-0.004330487030789852,0.039555086200732226,0.0007477101304415768,-0.011237093145790527
2021-01-26,0.0016782163688347292,0.009706872588035214,0.0071907671997534835,-0.004095283661823736,0.0144272410163021,0.01212491884292786,-0.016095609339121842,0.002596544878530684,-0.013605317679897203,-0.022206423463402063
2021-01-27,-0.007713419284642921,-0.028528919404602372,-0.047775380835995813,-0.0286791992996664,-0.03576782616746091,0.002450389111474751,-0.03927942948999444,-0.021669174678462418,-0.02993843653149445,-0.011401161609911285
2021-01-28,-0.03561219803075813,0.001557905206109897,0.01866004905548017,0.017444246391305353,-0.026586718555945424,0.0255615964726803,0.010262189589679803,-0.033811459334112025,0.015376871509278753,0.015534963429168273
2021-01-29,-0.038138513563112784,-0.009752051571646207,-0.01404168704456714,-0.011129273378733508,-0.025491994712518215,-0.029605605936865162,-0.004704016354061251,-0.051455133708131096,-0.013606632183550073,-0.026844571445828764
2021-02-01,0.01638497813098164,0.041746274050055085,0.03532737647905418,0.007356063095344879,0.014144889672152019,0.03261424060229308,0.018855323220020197,0.05668432585298431,0.0012580627395137867,0.0017826416700795762
2021-02-02,0.006316766330906917,0.011043015400718599,0.013666998118125806,0.030318091640344835,0.019165273451084607,-0.0005841704252945732,0.023868877301914383,0.03851924269165984,0.01403277627711348,0.015682304394679887
2021-02-03,-0.007808791479931002,-0.020163489626646183,0.07029541470129695,0.011385985303357672,-0.0016112350392058759,0.014466238194480818,-0.001938288040527683,-0.020956118951172036,-0.0024532852540899244,0.0384784803509088
2021-02-04,0.025431929566480164,0.00556035766663457,-0.0025531871420121184,0.02275244038585483,-0.000599958915903578,-0.004082426035336919,0.009836439492027567,-0.005514295631595512,-0.025690523544227746,0.019008651686567422
2021-02-05,-0.0031030971016735233,0.0063293425623789645,0.01699505634853217,-0.0019547572375077237,0.006023413836555656,0.0007848452959322397,-0.0053751599063083435,0.002631883215661463,-0.014713423615732272,0.03296990919241781
2021-02-08,0.0010962162846142255,-0.008751967758836224,-0.0020654321283106736,0.015533350473480692,-0.005686029793237483,0.001114258312803729,0.06050778368346192,0.013044842106937113,-0.000524102223202328,0.04214273077089823
2021-02-09,-0.006595280550157328,-0.005413479034808956,-0.0043895646098906895,-0.004004462614583717,0.01070874653289667,0.005347082127294857,-0.012229166523574388,-0.016300455142510474,0.016178509225239515,-0.011781312004567447
2021-02-10,-0.004569109734725835,-0.005588994815406755,0.005329301881107564,0.0005733082778418853,0.008941136584744241,-0.0039047086568566912,0.03452214346359322,-0.053982110546516617,0.011372144844130301,0.009631719599240581
2021-02-11,-0.0019221103959452493,-0.007467083315264711,0.001087371577229507,-0.0027962211086732,-0.005458595650909864,0.006854022408829551,0.03242028674311806,0.008462878423046197,-0.00099038309433767,-0.025358065867358347
2021-02-12,0.0017744313970030734,0.004764600739063575,0.003002228812553553,0.014116617769851306,0.00040661151789884114,0.0020428676305139525,-0.01916536519818229,0.005479859012751231,-0.014607382446803364,0.013551435490953528
2021-02-16,-0.016235069729464525,-0.002676197092374675,0.007451677697028971,0.023785453631409364,0.012746496863394343,-0.005279418398021131,0.024364510996884074,-0.024685864957400334,-0.011090081281913074,0.02964335134973291
2021-02-17,-0.01780128727791721,0.012068471325383062,0.0037452649285883064,0.0031064155292386715,-0.0014609569458401462,0.004350167058765135,-0.02806422112750645,0.0024209343993348833,0.006876815215905669,0.015445014531063738
2021-02-18,-0.008674192018991117,0.005903355134450001,-0.0060647612143308076,0.003371042000582998,-0.01539739696033906,-0.0016804663487212047,-0.005178909881636948,-0.01358555824881115,0.004730733939585824,-0.015829337502256145
2021-02-19,0.001232738712873576,-0.023816428691007405,-0.008105667626254514,0.01655316655160458,-0.029496563369895996,-0.011634662458485014,0.006553351981747147,-0.007751801260508434,-0.011730776534455317,0.006705352228507178
2021-02-22,-0.03025184787222464,-0.02151030634661799,-0.016678784765703742,0.009346531972068783,-0.004713671471501838,-0.027174305513948484,-0.03898763504576934,-0.08937612559287707,0.009383416450317442,0.03619034802544676
2021-02-23,-0.0011118878404760702,0.004316729031036398,0.002848431819195306,0.007999666208180488,0.02101961206116808,-0.005301668182225106,-0.015001444890870496,-0.022161184525391956,0.005691303887482356,0.01371771232001254
2021-02-24,-0.004060323597403813,-0.011007327640787778,0.011433849236738108,0.01744214935016141,-0.005847052002704904,0.005472426474142666,0.024930580237529348,0.059954347975619646,0.008160617304107942,0.0295323766237727
2021-02-25,-0.035401944519085654,-0.03293690001850802,-0.03310744105766374,-0.013664682403722945,-0.03707547313440536,-0.02399080703337744,-0.08575175574259071,-0.08402401628244031,-0.010104968748742879,-0.016717350917965234
2021-02-26,0.002229204604709829,0.011632467716052848,0.0029521255825064553,-0.026882780980722547,0.011438457092835854,0.014695852008171523,0.030125723213154227,-0.009898985904473094,0.010135372462079012,-0.025244370724099994
2021-03-01,0.05245118635404213,0.017057488725899683,0.023341737502451117,0.02237477143711529,0.027904662071872945,0.019433046443184596,0.009235718514366397,0.061615106636751404,0.007287334309293847,0.03665665675802149
2021-03-02,-0.021115020001745755,-0.016540301818484742,-0.0025060179857165125,-0.0032608830220951283,-0.022562194733618438,-0.013041548294032623,-0.03196826382617495,-0.04554943930628858,-2.948101382814467e-05,-0.005868204374829915
2021-03-03,-0.024760429592472034,-0.029358478249911932,-0.026042437533040617,0.019147546760963103,-0.013957835744837973,-0.027351662229094853,-0.04590484978411413,-0.04963546753524194,-0.005303552342395385,0.007993542927914184
2021-03-04,-0.015938375832294148,-0.009170074897274566,0.011133846626544926,-0.015488267684460134,0.008693219582717763,-0.0036540353184044967,-0.034521785799987964,-0.04984401019282242,0.0028199176496874565,0.03801567504423506
2021-03-05,0.010681095227145762,0.007658083796422065,0.030571301156528487,0.002321900901795522,0.025445828025488598,0.021252177454064446,0.007349494180674032,-0.038532236280417013,0.0390409635352835,0.03711554019635896
2021-03-08,-0.0425667145334232,-0.016299583149453855,-0.043650999199623265,0.01316636678266461,-0.034530739005726674,-0.018345234367639074,-0.0722207688718102,-0.06022747806878096,0.00880574152655566,-0.0009852699137975682
2021-03-09,0.03984518789959189,0.036879873274693574,0.0162362096214008,-0.007088348580384911,0.04003988405951158,0.027713815860433283,0.0772691240815867,0.17932714140524914,0.005155840700385384,-0.015563141369001205
2021-03-10,-0.009209067655098324,-0.0017024656850275469,-0.0020459001104958805,0.02150204982497609,-0.003166047825380966,-0.005834647630762315,-0.0041618018337604,-0.008228833280182691,-0.006784835844233935,0.03024076932512014
2021-03-11,0.016368180226197328,0.018133028189585527,0.03111400349327312,-0.005235137806769947,0.03333798632226032,0.02006267299503027,0.04126387010181092,0.046130766690605556,0.009961656189925276,-0.007475061175603694
2021-03-12,-0.007654814789993194,-0.0077703841773409145,-0.024354605240435524,0.01178867756142208,-0.020211933770275255,-0.005836679515834168,-0.010638730297552246,-0.008425900400429927,0.011781988229914438,0.010707505202005247
2021-03-15,0.024162517505494578,-0.002531144890792291,0.002163494082091953,-0.005007615655889493,0.019736796130514767,-0.003995190825670946,0.025743097071848083,0.02027649657712341,-0.006029018110550981,-0.025826989774822597
2021-03-16,0.012662596911745415,0.0032979661178309406,0.01423317106007822,-0.012043864638653657,0.019999626741365076,0.012274874858454451,0.007552322109200525,-0.04486533694757771,0.002032385286285976,-0.021423370926339877
2021-03-17,-0.006471461578996461,0.014089129048404545,-0.0008018314406530445,0.010239884812407644,0.01679475940393296,-0.002822582857498427,0.003754807354736944,0.03616869761350537,-0.006847803597083678,0.00438891241183049
2021-03-18,-0.034493351235839305,-0.03496292546552067,-0.029674097125342278,0.01637166749055082,-0.019160708079084317,-0.027024001263529527,-0.04748882085365802,-0.07184055905976201,0.027639650120761063,-0.044076755935888626
2021-03-19,-0.0044903533601757945,0.015392830040768038,0.002776513293337706,-0.016049333764535993,0.04041122964571519,-0.0016049333376665276,0.009640938604144824,0.002614584056873359,0.009703107595144022,-0.005648683227611762
2021-03-22,0.027941889252066435,0.011610547696605156,0.0018384976151461746,-0.027246568521188258,0.011753877968573535,0.024189481689747924,0.026161758691735863,0.02284097771296026,0.0034948153466150323,-0.010320384516423352
2021-03-23,-0.006912618525421897,0.008523856571831514,0.005225887922258604,-0.010052495428103162,-0.00996295601562607,0.006715033072834983,-0.008797753680337878,-0.011770465503008509,0.004460761761764599,-0.01241815439000563
2021-03-24,-0.020196058475581417,-0.016203881085462144,-0.004320023187857281,0.007731635163775416,-0.02964751793674661,-0.008963525563830049,-0.03327329039068413,-0.04935894253519092,0.005682516206809674,0.02007987003630237
2021-03-25,0.0041548341110940815,-0.013307791454017294,-3.4537382743896864e-05,0.012732015661812328,-0.012124134972199038,-0.01333920841769753,-0.008558812806824466,0.015929083234572167,0.001321124814366547,-0.002843831114377224
2021-03-26,0.005128246131380254,0.0018923206745425616,-0.0038104425148667424,0.016513079397688892,0.015238319119176703,0.017661610954879624,0.023962316078270377,-0.034440713289359076,0.014420552554896805,0.026869404143989462
2021-03-29,0.001483841338705413,0.007735312514846097,0.010347609069735064,-0.01566126036992315,0.027186795872698143,-0.005257183760320182,0.008453481988835262,-0.012065159218404247,0.0068294984198248145,-0.00538594297680233
2021-03-30,-0.01235027232862422,-0.006667777807782873,0.00033231371186389285,0.011720128269052695,-0.009743894475530014,-0.014515673913246614,-0.005925564088980673,0.039029424523405194,-0.014615877812938674,-0.012446837779888878
2021-03-31,0.018591632646310825,0.012616087083554913,0.007812195234500099,-0.014671634619116983,0.022420241077892707,0.016766131685749443,0.0363505801888177,0.04958242699342897,-0.003996519054261922,-0.015286390418003823
2021-04-01,0.006934549475834729,0.021397878158709596,0.032090161626510745,0.009675076940211984,0.013925168824821598,0.02752630142250529,0.03413412050802639,-0.00929552576717066,-0.013529457538992122,0.02755874537430338
2021-04-05,0.023303741717475516,0.020580800847156144,0.0410199879645459,0.0052864269317856325,0.033744144574410356,0.027350980791757674,0.012644467794058197,0.043324388497766333,0.008436611193242788,-0.01562954521272686
2021-04-06,0.002459041695866726,-0.0009022971624071701,-0.004381056223175928,-0.007054949846047091,-0.008615728628161729,-0.0048698307729961735,-0.009049274377923853,0.0008244361718844317,-0.01581919018103255,-0.0028356020164936563
2021-04-07,0.013301658111315479,0.01709045911872312,0.013385126779484866,0.015546620379588717,0.0220563551736883,0.008196666430662726,0.02014024184438899,-0.03031223705748461,0.003479239741367508,0.004427415116079893
2021-04-08,0.019051008996602444,0.006052887214350471,0.0050786147485408235,0.0012256504506657291,-0.0002237216223985745,0.013316318533063217,0.012192401116005743,0.018941076007001657,-0.002053247171840483,-0.010480699507759917
2021-04-09,0.020049303157450207,0.021855051421528913,0.008953631739261541,0.007449954146516358,-0.001790493324563613,0.010214164046725462,0.005780635160447903,-0.009964638245883383,0.03079072481540183,-0.002324157845000519
2021-04-12,-0.013321299875835668,0.002129852126864464,-0.011538853001202883,-0.0021135648616489753,-0.002948805784381966,0.00023461025797860563,0.054659074425937315,0.03620406408291566,-5.3406126815142775e-05,-0.0066444500294287785
2021-04-13,0.024015741120306043,0.006080225513606812,0.0043609452870254205,-0.011998440653747007,-0.005729907454693787,0.01003109764200698,0.030466784940498755,0.0824615371588125,-0.004741568667023734,0.003776743968267367
2021-04-14,-0.01801442080819671,-0.019902668921269934,-0.005568926729594012,-0.018867660902893647,-0.022659306377014184,-0.01128251084805002,-0.026005657115030063,-0.04027179907894094,0.0030128163225192433,0.02848984783083486
2021-04-15,0.018534989461895707,0.013733669660684043,0.01914720770058035,0.006328933316276927,0.01637685258389004,0.015182125933417836,0.05478182214098539,0.009000306677510112,0.03756796392870685,-0.005949320488225629
2021-04-16,-0.0025311021221441164,0.006004280530908502,-0.0010945713325737974,0.007398151908796277,-0.0053421609387258335,0.004766994864216618,-0.01402534264819419,0.001257911412789418,0.002560569573904622,-0.005631864548212316
2021-04-19,0.005056162808959904,-0.008101740463144907,0.003066155581139392,-0.004248984721477586,-0.012951756192710618,-0.007699887898003515,-0.03522426785615213,-0.034587909254449344,-0.002996718187951359,-0.0031818924383147226
2021-04-20,-0.012913348476729217,-0.011129268476364956,-0.004705939240168938,-0.02239069787340521,0.001355625870887551,-0.001856934959318978,-0.012478428528677128,0.006082481415169929,0.017015364562708038,-0.021294492052542004
2021-04-21,0.0029254504404690697,0.008162267510845943,-0.000289482012639928,0.008471906875993283,-0.0039065495769944145,0.008942994258361524,0.012397048213807596,0.03435484924604316,0.005733407360046138,0.012759585602621845
2021-04-22,-0.011754098766220104,-0.015883879438343667,-0.011401862827919202,-0.02128230538174482,-0.01655577473948775,-0.013172338327644797,-0.03378261411017168,-0.03338171795091616,-0.0057082784309300276,-0.013121313636647359
2021-04-23,0.017877649680375186,0.009576191314045886,0.02082894294836889,0.01895455557024745,0.01542714058361046,0.015357476579175796,0.02756238720545119,0.01340170287553078,0.009462307758903317,0.0054131501466884785
2021-04-26,0.0029736306181887225,0.020184691912166108,0.004338667881305383,0.0024604850547303683,0.0063229436165788055,0.001530581044164847,0.01384061787069434,0.011992516455123612,-0.011178850201044182,0.001977291154148176
2021-04-27,-0.0024524023423712652,0.0024698649221989518,-0.008237535241273145,0.004572692046599312,0.0017474307852013528,0.001604528895487679,-0.0062379499606621085,-0.046385859854230695,-0.00344135648581231,0.01302573756241831
2021-04-28,-0.006045454211088017,0.011946146532530181,0.029275037436200677,0.006458542285928682,0.011561289827599937,-0.028693494004510975,-0.006849750932447885,-0.014780794025162398,0.00022823334734040364,0.029691305592703898
2021-04-29,-0.0007488599377758715,0.003697092085053035,0.01419268531279061,0.019257722280204077,0.0704332250521415,-0.008085708587298429,0.0031373125267689815,-0.02537683713134589,0.017484814595428135,0.01418218855636767
2021-04-30,-0.015248911195354377,-0.0011212645540177846,-0.016543870974686656,-0.008932287798340386,-0.013535434814912279,-0.0013077696620179262,-0.020785982263508404,0.04680461290993818,-0.006872108015928347,-0.02926692947563973
2021-05-03,0.008181701481171581,-0.02361686640013657,-0.004437324205623999,-0.0029301886688982465,-0.007720245298478754,-0.0012695551796953336,-0.011576010737617295,-0.035203052789871174,0.017646887843551257,0.027228864710632114
2021-05-04,-0.0360267896700323,-0.022280927908247625,-0.015592019298417848,0.01372936082610952,-0.013168330353978927,-0.01629184948301011,-0.03327038975071831,-0.016636360929421883,0.013313417472717476,0.006270588148347833
2021-05-05,0.0019535983859192965,-0.012557955081461925,0.0034361607364379026,0.013035213789004364,-0.010546651736966393,-0.005341478088466305,0.007445666828077661,-0.003956776807325818,0.002815907779931653,0.029629463599709506
2021-05-06,0.012721086479336775,0.010895826077640012,0.009707434895876344,0.019924736242369505,0.01574738887181022,0.013140160990807576,0.004451150251140624,-0.011090612633393284,0.005970084959852681,0.00946799495003715
2021-05-07,0.005313087270726396,-0.004474051509126132,0.006218349790535887,0.003417010382030479,-0.002941659443720247,0.010872553872926046,0.019720882936612144,0.013219694470214068,0.006437330441190428,0.014196018460702729
2021-05-10,-0.026143089052159597,-0.031202294199865952,-0.02592047120538237,-0.00012437419865197823,-0.04195461018328611,-0.02113620322441397,-0.03759286972663633,-0.0666139869184463,0.007727997151967238,0.0023997774860951
2021-05-11,-0.007437862871606817,0.010420336143649124,-0.009509508461457717,-0.016762661270128897,0.001828436994151381,-0.003850738753581095,0.00283466066183284,-0.019001672485714396,-0.022076613865491927,-0.03231594377174293
2021-05-12,-0.025254753827729702,-0.022576744303825176,-0.031235227506759614,-0.0068992130091666826,-0.013069142600082646,-0.02980237791812823,-0.0390397265732986,-0.04525703659502106,-0.01549469536327262,0.005344273554002379
2021-05-13,0.01776115433177828,0.0030189822880309276,0.01300002299869927,0.025397184001302264,0.008917293965229214,0.016721428650407568,-0.006800678240875601,-0.03133918628539079,0.007838496934306625,-0.012402094146261474
2021-05-14,0.01965014696861164,0.019244482527551766,0.021893693168636486,0.015422141806839249,0.03438847296887041,0.02084825539190815,0.04140963721500734,0.031084853734470938,0.0030304824081604197,0.024487280967765694
2021-05-17,-0.009301477215902429,0.01462764646007257,0.004615370770389132,0.004016311701907329,-0.0015203608224040248,-0.012040777265009964,-0.005456264268414115,-0.02213414578006038,-0.002859035278168468,0.023097783414814357
2021-05-18,-0.011309328711632654,-0.011721487581113643,-0.011622942766592915,-0.014189027145021496,-0.017588819204482055,-0.008601861042488968,-0.010627656830253759,0.0018013224952045325,0.004273312223480174,-0.028708487638255755
2021-05-19,-0.0012824204879939023,-0.00014852585753418506,0.003983210587584142,-0.007667505540307785,0.011643107134556404,0.0024709143681214624,0.0035612640500782065,-0.025252562795766022,-0.002146621711287085,-0.024287179839121164
2021-05-20,0.020794323112821846,0.004901676923524499,0.015485890390589521,-0.0017391901566306419,0.01588154063877382,0.01372556826099103,0.038134632545825345,0.040553601408475165,-0.0021023056709548703,-0.0023765070726249077
2021-05-21,-0.014877232928266766,-0.013828021471269424,-0.00557263946855851,0.01131439440198839,-0.0074977980020288154,-0.0053288757093876305,0.025622469625488628,-0.010105809239520404,0.007290360351158572,0.0013585621390743187
2021-05-24,0.013226364096843574,0.0129993563234214,0.02874856350684632,0.005395232417042221,0.026216166044190126,0.022624329833496458,0.04053986687544529,0.04306162202970284,-0.0016532378256360072,0.011642922651301494
2021-05-25,-0.0015746470220994533,0.004323491452926749,0.0007748029880173778,-0.010387446419498588,0.009687134291772603,0.0037413606017448688,0.002287176112864994,-0.002889839951081735,0.005096777898868565,-0.022907750213457086
2021-05-26,-0.00039426544482344536,0.0018730010825371592,0.007353735581236462,-0.0001239054372054243,-0.0003967907347317014,-0.000914208516786654,0.0033335921989947476,0.023599290742317446,0.00038745029018793923,0.011604257687679097
2021-05-27,-0.012453965828899937,-0.010792589148289969,-0.0074341338825432,0.015452316776674796,0.015415045935267754,-0.008706162324768963,-0.01359505292508339,0.018752900206065234,-0.0012349087916326575,-0.006468173751824107
2021-05-28,-0.0053623092650797845,-0.002181807353604432,-0.0024706076812370695,-0.0006696559017210742,-0.012154837034348899,0.0014828664253194784,0.04768883749431068,-0.008964584890580543,-0.001891877463824639,-0.003249883079648353
2021-06-01,-0.002651920855926723,-0.0013723560569097765,0.010270139868320215,0.01096002078417461,0.001216242123209285,-0.009173518211807194,0.0012305202089889576,-0.002113500469111133,-0.012704080222175108,0.03518009746015631
2021-06-02,0.006256481836775843,0.004754641593085972,-0.00445725349819338,6.01183283892198e-05,6.060961489207656e-05,-0.0004043196044023351,0.031098581249826247,-0.030563287475861584,-0.0021414893438662917,0.007907610798235125
2021-06-03,-0.012228615123017771,-0.014633490299348802,-0.009753798351670619,0.0006624238074039995,-0.009493467548610187,-0.006450160502765779,0.011348924359528178,-0.05482031154624074,0.0051854145712033435,0.003930629354138119
2021-06-04,0.018843501558933797,0.0060095641643640885,0.01940096577423718,0.0016233694251217253,0.013132657399366393,0.020463766701781887,0.03522969503854588,0.04473860632554917,-0.00570287431613736,0.004403587554275859
2021-06-07,7.945447728926065e-05,-0.0025639767739557943,0.003640631991261239,-0.0046973393660382536,0.01868293124463728,0.01197015085442548,0.002315608661964824,0.010098272085864791,-0.013376777884326403,-0.006530741652719047
2021-06-08,0.006649948068358348,0.02045844509486988,-0.0016081784800917492,-0.003991946519872904,-0.008653231767094871,-0.004897366222422006,-0.009236878137142104,-0.0025481655598922595,0.003715745718630609,0.017535899532668212
2021-06-09,0.0030722901561260965,0.005206770515708458,0.003953277045604247,-0.012563441165783446,-0.010332522119600287,0.004030189554936858,-0.005443979618881426,-0.008000903407653626,-0.0015941781981572022,0.008334778371806755
2021-06-10,-0.00805558530356899,0.020661910893956897,0.011228392286905546,-0.01571155166181152,0.006669620164482995,0.014290799214145264,0.0038382140157413635,0.018761400839628444,0.0009717365600623422,0.001594812762937263
2021-06-11,0.00978473767365727,-0.0008421810689315857,-0.0020265674171348344,-0.0006857187255786936,-0.00361586578991883,0.0025237258032171266,0.02271014844650299,-0.00037708912038201647,-0.00900702438513912,-0.009286124005841613
2021-06-14,0.024280683090259072,0.011006334685231454,0.007669397738545878,-0.017115013534532535,0.016496458878523797,0.007725303717963711,0.010796567310424667,0.012708130416930218,0.003186767850897196,-0.0016097772106512104
2021-06-15,-0.0064583593987078145,-0.00021872359760794925,-0.0084144852682005,-0.015284033713888132,-5.9238180560503436e-05,-0.005904634130535312,-0.012860466786689527,-0.03012429716067012,0.0028019708825446,0.035763414578723
2021-06-16,0.003925893348174163,0.009449397061352359,-0.005342867050557703,0.006999672532576986,-0.01698085089111873,-0.003800258632924527,0.0012215278572350631,0.009151155788618984,-0.007598607107023842,-0.003581725965755025
2021-06-17,0.012522247506915314,0.02143330072900694,0.008007680040649556,-0.02928504344633833,0.01626779769427398,0.01358345963600808,0.04646097751089722,0.0192069740346885,0.000251815395061498,-0.033471186495450424
2021-06-18,-0.010143298163593271,-0.000670883305820527,-0.013500035464934591,-0.025628796127454986,-0.02056606158217361,-0.005650325727703051,-0.000991766409116166,0.010823457790850165,-0.016631902897920856,-0.025984040163117384
2021-06-21,0.014005683661719342,-0.009491708765252797,0.014066673305013154,0.016826145909752788,0.007946295632773142,0.012259343452766101,-0.01141243728089199,-0.003986737073227676,0.022097944670558353,0.03561634077096421
2021-06-22,0.012618269970191328,0.014794678093753032,0.00424344984261844,-0.001463478868516007,0.020080632285162537,0.01090632635174343,0.024630281525359746,0.004628256702323586,0.0015563257903829211,0.018990935391025046
2021-06-23,-0.0020923116873276153,-0.00046229652298874693,-0.0016649925083591331,0.006039998078221008,0.004590709753270375,-0.0009042262270680966,0.008986688079862946,0.051343820984031875,-0.00788151077862588,0.007341123282604834
2021-06-24,-0.002170970642760338,-0.015746270765313524,0.003049596801241201,0.00915591179237191,0.007575653961402986,0.005338613438649007,0.0077490131044174425,0.03479874196476401,0.008332985598444512,0.004037573299522709
2021-06-25,-0.0022514269461736793,-0.013902758645549816,6.942808881678466e-05,0.010047284198987023,-0.005288087772590188,-0.006281753466620307,-0.009127178029866307,-0.011763228305736152,0.015128180782765606,0.0021677316839774324
2021-06-28,0.01246810214396027,0.012396928694551673,0.00022446163931454495,0.0018157777283598748,0.04095214812483132,0.013864633499920719,0.048912406593867065,0.02476994196174637,-0.008655882905134136,-0.02584944151163956
2021-06-29,0.011434244371797284,0.0012332733462509843,-0.002152772270746698,-0.0012319283749255973,-0.010600327502407978,0.009923818595724445,0.002087406908263021,-0.011624991064809973,-0.008404609729471097,-0.006208774312043269
2021-06-30,0.0046110403938152975,-0.0023169853895690052,-0.0014977558672557138,0.009041846792649456,-0.011950100433343621,-0.0018436851284574297,-0.0012117899681615878,-0.0015582931945795787,0.005860734426082557,0.007319128648316577
2021-07-01,0.0022607378361400705,-0.002092189192267082,0.002903572472166842,0.00985240606673032,0.019029484863149048,0.002580864115956185,0.010419057303501974,-0.00262225819371756,0.011051493749874505,0.0028493931908084814
2021-07-02,0.019407010932824247,0.02246941064938596,0.022713758217304824,-0.0009611787890478842,0.0008742165560707009,0.022030303923703445,0.013513938423583708,0.001444593124038416,0.010979443062606451,-0.0014237180033617519
2021-07-06,0.014611160802208477,0.04585930904650017,0.007417065944621509,-0.016934221759504663,-0.00542782606214299,3.641981325279002e-05,0.010270726021550021,-0.028870583198134143,0.00219613017023851,-0.028908342932541627
2021-07-07,0.017795879288307004,0.0056535525885647525,0.002248089982778118,0.001172605993188879,-0.006512414398592717,0.00814217438505214,-0.015911948950109535,-0.02289574720602526,0.0034068246555316105,-0.015766416594306512
2021-07-08,-0.009242362883773156,0.009378115281815287,-0.011371227259892668,-0.01740432291410293,-0.013905516706524906,-0.009006987676873145,-0.023291369298332736,0.01257859403128338,-0.0041625770060502165,-0.004479415841789479
2021-07-09,0.012970627035751225,-0.0032399471675578434,0.003787481291329273,0.03149816262364886,0.013705845991243866,0.0018727033643190943,0.007383718425055812,0.006321812249024031,0.005255109742781193,0.017961832104182875
2021-07-12,-0.004212825720434828,-0.00021237069203446337,0.011541094141147281,0.014214524758423283,0.007788625223673095,-0.00223337775366374,0.022793047442651426,0.042832279170544656,0.009490968599353089,-0.0009802958782291135
2021-07-13,0.007858561384436726,-0.011138754050319735,0.0028782565408424915,-0.014985351969886354,-0.0030343401260071005,0.013111502089964248,-0.012879736817559462,-0.02534398967789286,0.005991035823571427,-0.004752067825075847
2021-07-14,0.02381463319429961,0.0011740849089997769,0.007007580306566225,-0.003410599680779104,-0.012748035156470846,0.005430632213164896,-0.0203791473253113,-0.02293732311171139,-0.009120594711504924,-0.022424481768285296
2021-07-15,-0.004502505660258185,-0.013806009042966375,-0.00965363489697823,0.002189453685143469,-0.009160604105712431,-0.005252627818487359,-0.04511459119872151,-0.004263873629526309,0.012721905257345092,-0.009790804351892692
2021-07-16,-0.01417555161269397,-0.015981254351190455,-0.00027554501231785353,-0.02310018542609945,-0.009626389516044132,-0.0009965760295656432,-0.04338468362655531,-0.009854715165981626,-0.0008335422299989541,-0.028039710280025706
2021-07-19,-0.02728339447533073,-0.006749758546577603,-0.019018838525899643,-0.033059732549002824,-0.012417261398205093,-0.01341143521507435,0.0335027272390317,0.003099673103658058,-0.02567824103392751,-0.034973081141260076
2021-07-20,0.025642434786427103,0.006626609097477396,0.013011294557775313,0.018471427394264113,0.013881562199351027,0.008304886898920229,-0.008972304054475959,0.021857165705963834,0.00951299406827415,0.010960483049455719
2021-07-21,-0.005145033493470083,0.0033554749445127334,0.01055739097286655,0.020822656609743345,0.013287189122099493,0.007418898386635554,0.041981490548559104,-0.007919294852611359,0.004035785740880671,0.03165937406293029
2021-07-22,0.009582565162102832,0.014628121323517897,0.0068170272851349805,-0.012706575466885132,0.014224143209776082,0.016703677091171192,0.009435053015243751,-0.00924460786068585,0.002721489457403717,-0.011317265576955232
2021-07-23,0.011917785072630754,0.005102345801164877,0.03514423553219217,-0.0019233237503464362,0.05160796003430106,0.012261462236471437,-0.0018387612361766797,-0.009097683584931696,0.004631384485215264,-0.001226416164988205
2021-07-26,0.0028904854553279866,0.011739458318775495,0.007638919469762545,0.006682272803602425,0.00719429413435819,-0.0021425116365281697,-0.013590446337908865,0.02189168871378688,-0.01000920050434022,0.024931809974768647
2021-07-27,-0.015012604150444961,-0.02004647134574264,-0.016057068380261882,-0.0013197108912357497,-0.01256308316768366,-0.008722002280679044,-0.004467372963633764,-0.019718078031379437,0.003765009648088048,-0.01117691122826595
2021-07-28,-0.01227097744892902,0.0010831503488784933,0.03130220342495802,0.0016494236576295237,0.014762336380978354,-0.0011172691739772536,0.015241557020046268,0.0034062276545409947,-0.01438864904985131,0.006721236544350437
2021-07-29,0.004542163170338614,-0.008409199103878962,-0.002328551845798239,0.00853301305952888,-0.04090236781031175,0.0009779840019017263,0.008119690241180614,0.04587275846182932,0.007086893786202337,0.012121263759951364
2021-07-30,0.0015092307905017316,-0.07866330887549154,-0.007770725711243866,-0.008005607503095306,-0.005653528204895298,-0.005565275965980157,-0.008324815467414896,0.014437208664382839,0.0003394236563990152,-0.02334860691872003
2021-08-02,-0.002333222843443778,0.0011683541547145397,0.0009498641615923561,-0.004027195166611668,-0.012283781776001064,-0.0003161333171231893,0.012790437134268003,0.03217472594711166,0.008094078426149358,0.00017366940197809227
2021-08-03,0.01256464433004956,0.010379692962522098,0.005734002762027204,0.011313842260645175,-0.002019391054157619,0.008043080854524471,0.003285710572925903,9.862134908657855e-05,0.0151172165548095,0.010709966455927467
2021-08-04,-0.0027863555519911823,-0.003428109147843768,-0.0037265780515401675,-0.010850672430177651,0.02162989721262232,-0.0021267097245041425,0.022899983370325335,0.001661168327351945,-0.0008535954799074238,-0.02364495771236378
2021-08-05,0.0007482796546669998,0.006320347457217287,0.008298472339733293,0.012549611697031391,0.011220395414054774,0.010450993472469014,0.017746161884174747,0.005205072568156722,-0.024859316611239097,0.006313536891305971
2021-08-06,-0.004778072423172524,-0.009239891315900388,-0.003772374978261253,0.028007645203264694,0.0014867321537675917,-0.00020738838778448643,-0.01321861715927376,-0.021971130346089583,0.009512183777730457,0.011472467903426662
2021-08-09,-0.00034221193008316975,-0.0009181548153357011,0.008615616220477733,-0.0010799485297615244,-0.005240589644440289,-0.003911405787214921,-0.003492280548571267,0.02075293960905606,-0.010290632745393217,-0.011472467903426695
2021-08-10,-0.0033596527482666386,-0.006361004973165342,-0.0007746537996081406,0.01219249934411159,-0.0013281320903965953,-0.006576735868310768,-0.01784744511788037,-0.005295892009324611,0.002212097207738542,0.01698791054609265
2021-08-11,0.0017837962898836362,-0.008640868502137664,-0.0038667073588049697,0.011859699966904379,-0.0032451908658503574,0.0017787677201872294,-0.011959371891492833,-0.003061037245157465,-0.009859558076989464,0.002917654401426663
2021-08-12,0.02056047338143932,0.0034538388189029033,0.006691683375266557,0.003901375900573607,0.007445301615471215,0.009917729012419,0.010403176550657426,0.020181504916966016,-0.0043749249881879695,-0.002264298247496291
2021-08-13,0.0014098440570491644,-0.0028889970825907705,0.003880983634979124,-0.011250371850001314,0.001460324546517418,0.010435114205853078,0.014117500973449503,-0.0070584091033222005,0.009097305318853104,-0.010164725463305135
2021-08-16,0.01345662084095943,0.0015227871766333222,0.004216864547019272,-0.0065848614888792895,0.009263665302319105,0.0059579872681904495,-0.011859183161331993,-0.04418754471286682,0.01823762576214416,-0.014728490350105015
2021-08-17,-0.0061728920899620935,-0.017438191452478862,-0.01198685595882805,-0.012154420297813669,-0.02237294341378416,-0.0051732240082372665,-0.024970888169021786,-0.03027123516946714,0.010894259640886831,-0.0068161952295793925
2021-08-18,-0.025832019474461163,-0.012646113476257194,-0.008911768136540701,-0.00914931612568398,-0.008404565355708242,-0.006137766840533113,-0.021716369003916172,0.03437259258571844,-0.010630536526111421,-0.02128289356519403
2021-08-19,0.002320537361062814,-0.004216696494284563,0.0017040137691717312,-0.00839091270202797,-0.0009290651424553393,0.020562471414781108,0.039038948315583175,-0.022783267048393844,0.025012845396782564,-0.030995669204946813
2021-08-20,0.01010535790073839,0.0038198497898503034,0.012811829208693108,0.002847794337069818,0.011896851531163105,0.025253648894880812,0.050141048863316925,0.010031571629142592,0.004244442673137827,0.00018943646818266058
2021-08-23,0.010204948667668731,0.02039103748353467,0.01882769450684244,0.012715987818682307,0.011014029296134912,0.0009525541944071422,0.053409693600541076,0.03756503320848795,-0.010174748937188092,0.04032099576369798
2021-08-24,-0.0006012454012668223,0.012146253464241655,0.008673955338854818,0.006171257125821182,0.005927187765625524,-0.00668596413973801,-0.007542865937418523,0.0030958501857263057,-0.004594844470844782,0.008162133754353281
2021-08-25,-0.008457195099022976,-0.0019985098458953207,0.005770372889226196,0.02040294480436079,0.007848493576339707,-0.002017805661365441,0.019089063726444203,0.0038177489873267093,-0.008705535390850463,0.0018047866576110065
2021-08-26,-0.0055425145976695685,0.005085305152845157,-0.004504003884510037,0.005144652462074917,-0.010944894371989592,-0.009715277993408813,-0.006549131170065061,-0.014217568331421088,-0.006909157652537548,-0.013615516587485499
2021-08-27,0.007159263445225928,0.010090674197310714,0.017961844035069556,0.008005266627536717,0.02238863324933603,0.00210398808014759,0.02541278307004167,0.015229452832627683,0.004571759231915314,0.019189477367237896
2021-08-30,0.029963454666388015,0.021249618004886027,0.004064635559515903,-0.016137106719208438,0.021320740992930638,0.012829381109535371,0.002294591009811183,0.026324794631827943,-0.0010991469265997315,-0.010998122008965154
2021-08-31,-0.008460516922722915,0.014282714711431693,0.0007396708238154285,-0.003058623472615983,-0.003368253074909121,-0.0056485301418455255,-0.0132686271956547,0.0065592749200010505,-0.004864800704558257,-0.011670392874779856
2021-09-01,0.004468961549680291,0.0023626160329893353,0.003573778971653674,-0.0014389019400112427,0.007012910948413201,-0.00016581309411527705,0.0024984586006919674,-0.002217981262751364,0.0025911137116340914,-0.013851985887029156
2021-09-02,0.007447136650290558,-0.004574927931495782,-0.013369517515708315,0.004622327042323486,-0.017878896544203427,-0.0022552414845914952,-0.0020072046711651125,-0.00231847373209337,0.015124072772557536,0.02407098578370108
2021-09-03,0.004221461892191041,0.004301820154126882,0.003153086694864276,-0.006063410827053817,0.0026079718659630822,-3.2882460698629203e-05,0.019762343731105823,0.0016098361025145228,-0.002008155606755196,-0.0038201858527333794
2021-09-07,0.015370355492927855,0.008941925919554996,0.0037566503423363392,-0.0017572224332093474,0.015611317081857689,-0.0031934801324417983,-0.007955236645184632,0.026035942688487673,-0.0038385366126855907,-0.005848599865570928
2021-09-08,-0.010134714989874767,0.004608538783881409,-0.004094170438349528,-0.00446950680020045,-0.01213576185823524,0.00010001685281743969,-0.01435539226601475,0.0012609548743898497,-0.013984598907564946,-0.00920829709036451
2021-09-09,-0.006727383353474641,-0.011795296134862758,-0.0010443449855578255,0.004343725254555135,0.0011382476519641662,-0.009908659764309564,-0.007278329264561972,0.001312369553312357,-0.0020243888077018262,0.0007398723527371503
2021-09-10,-0.03366210277533449,-0.004317307606338972,-0.018740815448175668,-0.011561869510306185,0.001823806107748397,-0.005194225173959694,0.013481212396457942,-0.024935356375548032,-0.022497572484508285,-0.002035758478733689
2021-09-13,0.0038858738388521793,-0.0034592661286029646,0.010285884424472964,0.015761986630525165,-0.005773533459950488,0.004319046775008035,-0.014609287050161505,0.009099139444443169,0.02592895032743665,0.0254241741980433
2021-09-14,-0.009608219747615509,-0.0020761346389200496,0.0014884141100285511,-0.01760697719309533,5.3309763671417126e-05,0.009384067392973773,0.00405464525604501,0.002003341828722264,-0.004787998766611058,-0.01437032760871636
2021-09-15,0.006124965099919027,0.007447589064120205,0.01313720603444301,0.006915719480398754,-0.006955773418398204,0.01663910796502379,0.004441186018827834,0.015117058319369688,0.01199928917033072,0.03315610174050826
2021-09-16,-0.001611870498339899,0.003575505609499879,-0.005690131381494533,-0.000442572119986327,-0.0023028397209616976,0.00131138771512552,-0.004441186018827833,0.0015335851645735571,-0.001629728110074746,-0.010691257516007814
2021-09-17,-0.018518492074608383,-0.007400637151307249,-0.019760895504691057,-0.0025970419156526167,-0.022609318665259143,-0.01768374173113823,-0.01549558702473237,0.0032970919669145526,0.007932826090638941,-0.01189432890105423
2021-09-20,-0.021592167536609152,-0.03132736193754281,-0.014886507288280863,-0.030391136166691066,-0.025042223139802117,-0.018749604125609724,-0.03659776641705469,-0.03936976129858423,-0.017914570354227107,-0.027011319447410777
2021-09-21,0.0034219577634634684,-0.0036122637458179565,0.002257521964378927,0.00013067815537676298,0.0049917122292988956,0.0016978528244407623,0.006279659452401994,0.012534643183807646,-0.0008724773326883341,-0.0009316097348779605
2021-09-22,0.01673175044976485,0.010833453848678572,0.00895367882650419,0.0189717135938772,-0.0407370173041572,0.012740685661324223,0.03218828532329433,0.01684451236014587,-0.00886680760353075,0.028848960778273813
2021-09-23,0.0066968100304279,0.010579777062858911,0.0066255662717612145,0.03324295913203951,0.007980874783477119,0.003276679628480083,0.024358046695516243,0.002258262820491851,-0.0016408431172740586,0.03330987206776955
2021-09-24,0.000612666442516622,0.0027829969154169873,0.007049252417310245,0.011473640041590818,0.02003155139206224,-0.000701212057189183,-0.017997586970130104,0.027160841972020323,-0.0023309744292663703,0.008895016633503922
2021-09-27,-0.010606280192555337,-0.005773469524888403,-0.008069570244004325,0.023878811400160144,0.0017548312349024255,-0.01745561613095752,-0.01925007545001133,0.021677401377557137,-0.004456205360831485,0.029260354209746
2021-09-28,-0.024088881597161577,-0.026732621677354657,-0.03786615383795631,-0.005404709372033486,-0.03725413009295521,-0.03687534636029535,-0.04538206936405992,-0.017592195347548873,-0.01654509335338,0.010401094417410455
2021-09-29,0.006462179346644764,-0.004485396155336227,-0.010929897493496196,-0.0007829763823343596,-0.0030575609376602983,0.0016917250068079045,-0.008831554538897345,0.0048111864344248965,0.00448054911620533,-0.0006677105798215405
2021-09-30,-0.009355671541968905,-0.004882981617736262,-0.005055379749963192,-0.013712310162527998,-0.0006479931934463754,-0.00735081714681748,0.009652629664787006,-0.0074897880450971975,-0.024446593100292544,-0.017860911494074944
2021-10-01,0.008094404095717744,-0.0005420246980202862,0.021220590356953895,0.020797447587202866,0.010609662384373778,0.02514928471653376,0.0012541989053330151,-0.00033534501293734615,0.004315496734408956,0.035243937773512334
2021-10-04,-0.02491318294775421,-0.02888485808454832,-0.021344049208862757,-0.0010772458499549106,-0.050156990479155374,-0.02093711079063818,-0.04991898320912383,0.008106673348889567,-0.013907294707476548,0.012882503203804364
2021-10-05,0.014059016683796166,0.009739950346903852,0.01752847661288212,0.01619841594687139,0.020419718137776082,0.01976041726873592,0.03579001362890692,-0.0012035741082394261,0.016452443337751966,-0.0016217327559646252
2021-10-06,0.006287155195335182,0.012651646071788683,0.011272398519863296,0.0021319901046506357,0.00204027216943358,0.0149517643468855,0.0121019529350414,0.002763320999873195,0.002082294954719347,-0.018508367075312327
2021-10-07,0.009043557276533895,0.012315060502089633,0.011994845561122838,0.006310424083564108,-0.013336276114692822,0.005919097348628817,0.01795400166572641,0.01377889392912291,0.02616065544643008,0.0028063737024147796
2021-10-08,-0.002725348846409529,-0.004190573462060326,0.004017988118300107,0.000764098173075845,0.0025177806541158885,0.0,-0.011645260393456727,-0.010284539562274665,0.009247843539089012,0.024748918342941437
2021-10-11,-0.0006300165327860771,-0.012952121105274618,-0.006254219661120983,-0.021255847773503398,-0.014035257470842681,-0.002105120336367989,-0.006550236428007595,0.008177997401230774,-0.008531282737711591,-0.010021081808446738
2021-10-12,-0.00914500114518593,0.0003172241904451794,-0.01790419075852337,-0.007710605468552153,-0.005175546027802265,-0.0045986770916203075,-0.0011602114329354242,0.01725061613832015,-0.004330880529717466,-0.00521164052319107
2021-10-13,-0.00424863959860676,0.011314351840536129,0.008269335072806442,-0.026720814711298575,0.0023757195371548797,0.011643139056123252,0.012881646021596306,0.006630349593761303,0.000768681170315752,-0.0027797573913724474
2021-10-14,0.020023567749190105,0.004732543058962018,0.025610005977528223,0.015225300280492167,0.012219156598857141,0.021501011403222508,0.03781626315083495,0.008886865672994949,0.04081101657963692,0.015113468829879783
2021-10-15,0.007484635734737705,0.03254486320029431,0.0015362547129321785,0.01902600635306394,-0.011541712887351738,0.004810973282437839,0.005320272541672427,0.02974907491710917,0.018175376784509287,0.009471099569111116
2021-10-18,0.011736687008253914,0.01100400576947037,0.009924602485578932,-0.00036001483167029836,0.03205844874342346,0.010073856924497094,0.016332882604790315,0.03161711443997285,-0.008092266212108106,-0.00047930295935020174
2021-10-19,0.014967785230400122,-0.0007517249304827118,0.0032096639681323197,0.012055500371415551,0.01377119207979109,0.0030540115367835028,0.0030551038290795095,-0.006734486474692475,-0.0005654451689974712,0.01491384297158783
2021-10-20,0.0033554276532435003,-0.00848206698962188,-0.010301708487601488,0.013376176704223051,0.002321139984781486,-0.0026637739562485607,-0.008424704132952402,0.0017687488821671587,0.0249238975722387,0.0054964629912226
2021-10-21,0.0014728581122441479,0.005824760045406363,0.0008250198216009793,-0.007874385311179294,0.003222597788733317,0.010838827289183818,0.026299140501956805,0.03205181901693134,0.016390153972518934,-0.01833459939516381
2021-10-22,-0.00529901686770293,-0.029382296136388146,-0.030916630264094618,0.013361609768635081,-0.051835515389288184,-0.005162267208563331,0.0014972478401679126,0.017387072543931938,0.01543609064692129,0.006835742984641534
2021-10-25,-0.0003362370168279287,-0.004561377086082202,-0.0008688559373736849,-0.004901729418569262,0.012490726568277467,-0.003337091151279946,0.0191759520937605,0.11921843486746743,0.0007342910775017786,0.019299317946875567
2021-10-26,0.00456423292099415,0.016636110939323188,0.013452396804744414,0.0026871056314047657,-0.03997421083581302,0.006405102839421916,0.0648055344947346,-0.0062938149592970775,0.011392551568636278,0.022890546409318868
2021-10-27,-0.003152229503424588,0.004851848967382222,0.04840439006788102,-0.02104814323673301,-0.011432691444337255,0.04125187291108399,-0.01082027732647142,0.018898727534898532,-0.0025549179663865314,-0.026315275185949342
2021-10-28,0.02468445258319311,0.01581542696620515,-0.002523319525994592,0.014962281496492818,0.014941314691487361,0.003644491921237699,0.019841945246585033,0.03705562944417333,0.004312870874000249,0.002802788503074225
2021-10-29,-0.018322595316251137,-0.021745984346714802,0.014951185503468755,-0.002762817999221781,0.020766068653370606,0.02216647218561676,0.02478952707827151,0.03374062327713504,0.010983800613901177,0.0024850232873629505
2021-11-01,-0.0056231812583415796,-0.01623822909338356,-0.031209014036209088,-0.0005297929190264804,0.019616625057217243,-0.006807902133694313,0.010118002574352532,0.08149724419582528,-0.013908398540746396,0.017832939615337284
2021-11-02,0.007090525302500396,-0.0016167159617979095,0.013397821093245608,0.003937936150558273,-0.005774637578004783,0.011350933842739658,0.02198137112460093,-0.03074274797958024,-0.004568745166450974,-0.012418742132264427
2021-11-03,0.00975107467264252,0.021279781969291613,0.00798241567257946,0.0003519392559537497,0.010732166809106308,0.00260842037118732,0.007434219300837029,0.03509368755165895,0.011634458967931659,-0.01382536574261511
2021-11-04,-0.003504628607887965,0.02711146442608225,0.011323645647973906,-0.013222714648990932,0.01267498597411604,0.007278699764902741,0.11370605346875926,0.01313564628546233,-0.0012469240745057956,0.007480025578796021
2021-11-05,0.003575819669457268,0.012004091021206855,0.003934644529619023,-0.0014267506521316536,0.015599011226288467,-0.0011302185788721777,-0.0016455885229088008,-0.006378469186125081,-0.0020821780328878292,0.00942594766146006
2021-11-08,-0.005567763731162095,-0.008564519878774466,0.0012017276265861069,0.00599185745269151,-0.00738494649276726,0.0027635394340892,0.03474827181733726,-0.04961124617557869,0.01482997099243231,0.010708446399801575
2021-11-09,0.0024563227761643987,0.024699674045048896,-0.0007550583296896632,-0.007600016394215434,-0.009644413940609947,-0.0030907426533481096,-0.004783578288014209,-0.12772318728902374,0.003732707916726876,0.009691128162759256
2021-11-10,-0.019349332147842683,-0.026687971077505174,-0.02052238010258671,-0.0009541403045561722,-0.023318895401979692,-0.015448580000439284,-0.039861721725320015,0.04251283809069096,-0.009629452063155164,-0.0198972319996525
2021-11-11,-0.00033791713352446473,-0.0027463665972794556,-0.0008708857140896414,-5.95806842879513e-05,0.00030504671223179205,0.004915415872972287,0.03111411763122675,-0.0041661953768667185,-0.005472883569344678,0.0018675082086427187
2021-11-12,0.014235290745563501,0.015048234458080111,0.01977676338378154,-0.004484879592211705,0.03933949511377929,0.012822378378690984,0.0,-0.028701065279561472,0.003492099669777473,-0.007648218045179803
2021-11-15,6.649153762358061e-05,0.005806911669058077,-0.00152122456337724,-0.0017994957958766095,0.019377470122066615,-0.0019321675675447196,-0.012083104909774454,-0.01957254315692035,-0.018004681104705076,0.008580839006401726
2021-11-16,0.006644394564926752,-0.001405473377029005,-0.0038874901668433308,-0.007230436964962046,-0.013323519423652735,0.010183840453500901,0.005910700032603105,0.03998366090579434,-0.002620938124950637,0.010047290407261598
2021-11-17,0.01635564706099634,0.0023413880700420314,0.0011555857913636408,-0.0053970141119946,-0.00640621934826846,0.0006785501827463118,-0.03168557915425428,0.031984216103858806,-0.001491324518678434,-0.010979911368483601
2021-11-18,0.028136246545178184,0.040601497259703,0.012028379544702303,-0.008671116513968805,-0.006122426771202406,0.006319911219294507,0.07927215416172693,0.006744812791821567,0.0011576655237868704,-0.010944377971513217
2021-11-19,0.01683373408638566,-0.005287066211290259,-0.006105202608970551,-0.013149784388358803,0.019328281810814404,0.0053770551359619235,0.04052544664916043,0.03643213445735007,-0.0212945785772601,-0.04732120677401507
2021-11-22,0.002923053660920133,-0.02869509488188082,-0.017779866984768113,0.021091054104818235,-0.012501712622216672,-0.009605434120864806,-0.03169327542345995,0.017272096909531555,-0.005606309254386896,0.01375035862079245
2021-11-23,0.0024192794655807904,0.002088774763957146,-0.003560708507552202,0.023631062507984357,-0.011087294073838374,-0.006346963573895504,-0.006593144799550465,-0.04223229344871564,0.02168117753791391,0.025996555917554027
2021-11-24,0.003278442044161755,0.00010331000315118602,0.0023157968593043197,-0.007874915565113714,0.011233894174933621,0.0006808870401394599,0.028813174922286466,0.006265105659810634,0.0067536354615572464,0.005528624979676073
2021-11-26,-0.03219137446102549,-0.021412317856405228,-0.02731308639948293,-0.030590047415191914,-0.023555625610438998,-0.024656958514351013,-0.03649711530550701,-0.031013582803841335,-0.02303292713130334,-0.03576104776919629
2021-11-29,0.021637853774455155,0.016136535670027943,0.023270561281520486,-0.00433249143882244,0.014631926608354199,0.020861816249848526,0.05775440853062033,0.04964715675134432,0.027111903682937564,0.005535703610651991
2021-11-30,0.03108918566137395,-0.015420562086679022,-0.02528054729137732,-0.014997700880205439,-0.04097258067563042,-0.01810539737091429,-0.021196034343361588,0.006810578672784683,-0.017362035876058293,-0.028825287189708594
2021-12-01,-0.0032115070536927618,-0.018228623739821467,-0.005979877630705497,-0.00593562318659654,-0.04365626508528381,-0.0015439598777742898,-0.0385967610430943,-0.044440653310942796,0.00026983640537782476,-0.0008357668132490051
2021-12-02,-0.00614832359610102,-0.001848596514633391,0.013481563199490912,0.020809436007288226,-0.0006763019876133425,-0.0017890005809418385,0.02174386121393324,-0.009543130353379798,0.003773880509220076,0.024615029356144454
2021-12-03,-0.011793726303430015,-0.013935728778151546,-0.006769121548512451,-0.018279463073101052,-0.011503055440702521,-0.019862974791754213,-0.045631192136102505,-0.0663521763056877,0.010627609840290967,-0.006384606471487881
2021-12-06,0.021274692037259697,0.011025217696555534,0.008090301824164902,0.011744782753157495,0.03531607753468945,0.009796918772249462,-0.021604735677810762,-0.005889394805839068,0.023730467249436654,0.011268108206626904
2021-12-07,0.03483258075599939,0.027602038798318594,0.02833619452130165,0.0149351890973009,0.01542134395791448,0.026411940507002584,0.0765613274102906,0.04148581070093519,0.009990989438357285,0.011142766112995615
2021-12-08,0.02252731996910193,-3.689939734869626e-05,0.006207447034519391,-0.011506880196551994,0.023724147789347862,0.00014906452109457664,-0.01870755919890469,0.016230761245708623,0.008847575403319177,0.002886485014100762
2021-12-09,-0.002974256156039801,-0.011343741238858878,-0.003704681626495,-0.001556972479986067,-0.0022409263901112877,-0.00559804953599259,-0.04288493134907255,-0.06289341727027524,0.009467471970500546,0.0025587173272547292
2021-12-10,0.027627971706723646,-0.011311296797986634,0.0024555368921379316,-0.003996419247804727,-0.00021237220815622916,0.0279455619407202,-0.009623065623732652,0.013093827482800639,0.010320113686837525,0.0063684018787465175
2021-12-13,-0.0208908737059807,-0.015475202151186945,-0.014804642615465309,-0.011959830596447087,0.014272170280928828,-0.009209021537906013,-0.0698376986101769,-0.051053775924629424,-0.0001880222757611065,-0.022144670556668893
2021-12-14,-0.008055636965932754,-0.002811076756339546,-0.013250438830728215,0.007633097188293636,-0.0022448235251750657,-0.03312979066932672,0.006230323129538376,-0.008208173270999982,0.0027567919348454413,-0.0014614039630977025
2021-12-15,0.02811032278007441,0.024670732493370397,0.017455190146138333,-0.007506301760791289,0.023453901772028586,0.019035520532434187,0.0722131181805029,0.018072325435531507,0.03064385191498963,-0.0043970699614350696
2021-12-16,-0.04005552386521484,-0.02597563931621664,-0.013723685959019395,0.015518111704335747,-0.01998389168267807,-0.02956761298232763,-0.07045005015084016,-0.051585055672323236,-0.00307927215955852,0.0016308722333103242
2021-12-17,-0.006523039923225507,0.006766260845510533,-0.019010126205988874,-0.02301758564040029,-0.0033199400648459615,-0.0033914296481146436,-0.020859354191424446,0.006076947341899706,-0.011714675302761076,-0.02207666520222819
2021-12-20,-0.008155087049403004,-0.01743466066061881,-0.0008330235060512495,-0.01815266382867064,-0.02530338468192575,-0.012086474159749885,-0.002954084023383789,-0.03561605979548491,-0.006983503010945649,-0.014598812521528452
2021-12-21,0.01890682588923183,0.01978169533389277,0.013087994037871687,0.013869691911742718,0.02653086247181721,0.022807010782238752,0.04776082830498556,0.04198665654283043,0.007168331160860014,0.022397934325191753
2021-12-22,0.015202780888156096,0.003631503982249459,0.020301380835998698,0.003900221518373106,-0.011284224138438952,0.017896351454295877,0.011115910523396584,0.07227140942458773,0.014103429657082084,0.008066451888420855
2021-12-23,0.003637188049604282,0.00018411946479317587,0.0034194024230811285,0.003567490697070277,0.014391295426482953,0.004461712428212679,0.008130199859004485,0.05602002567418564,0.002526429330268316,0.0004915467967469691
2021-12-27,0.02271484762791542,-0.008211646321395375,0.006715878844211756,0.005706793099687262,0.03211214983984212,0.022920943940754814,0.04308668354644628,0.02493491640225287,0.008282420091287596,0.014156950693714266
2021-12-28,-0.005783878416538541,0.005826710732445391,-0.008279283689146422,0.0030300480380867395,0.00011551257919494914,-0.0035103869171926164,-0.020337924160042813,-0.0050128185500081576,0.00686338746677568,-0.0032366478963231434
2021-12-29,0.0005020857027111421,-0.008591725101779567,-0.000218309789804457,-0.0005042805154981048,-0.00951895821333556,0.002049400545855349,-0.010642905103970028,-0.002096907250306926,0.005235278889445791,-0.008792034035247165
2021-12-30,-0.006600110688631717,-0.003294427727342962,-0.003103679300293521,-0.0005046434021907857,0.004132071997858288,-0.007721149793463264,-0.013929482042135087,-0.014699782732613053,-0.002277193769928233,-0.005904596193060673
2021-12-31,-0.0035414973628527017,-0.011495217795266778,-0.00926637771244772,-0.0008205076583512752,-0.023535171731935384,-0.008880474616773637,-0.005932492803209615,-0.012749774874751605,-0.004549903717854377,0.006558442660207807
2022-01-03,0.024696585086093174,0.021877258953900566,0.0009623847487809707,0.02093490330908169,0.006489948441717573,-0.004679165103277318,0.023853899560033805,0.1269116289226746,0.00027865570318021766,0.03768593735320514
2022-01-04,-0.012773125098914631,-0.017060289689663746,-0.004091429893212456,0.037208971562609265,-0.005954925201837255,-0.017295726720942435,-0.027976423147549282,-0.04273287830059682,-0.02291718344265136,0.036924027747563724
2022-01-05,-0.026959929673197176,-0.019073846316683307,-0.046961804021301345,-0.018451462405302245,-0.037419339534508794,-0.03914418840942216,-0.05928554854665697,-0.054953895352910696,-0.0024680819994728426,0.012360663701890099
2022-01-06,-0.01683401271582443,-0.006733601858714689,-0.00019968784174692774,0.010568046300662765,0.025251482950680512,-0.007933076818663357,0.020581006140029577,-0.021758379841487693,-0.04178468235478246,0.023248129366708045
2022-01-07,0.0009879770634837691,-0.004296997177475961,-0.005317151661640935,0.009859342215677446,-0.0020171796107865546,0.0005093738313586157,-0.033598316590473944,-0.03609004895021842,-0.023809347310924187,0.008163295790582486
2022-01-10,0.00011602981870580802,-0.006591854785116594,0.011988357056639923,0.0009567852095446079,-0.011275252919057135,0.0007321234396653862,0.005599698867911245,0.029890740749494566,0.013858855809445635,-0.005970073620831336
2022-01-11,0.01664435700905625,0.023718602439306714,0.007661543980457989,0.0010153463291772522,0.01902113196102946,0.002256929074844339,0.01510428981633376,0.005917481776156395,0.008565491379676814,0.04120158282256911
2022-01-12,0.002567072747958967,-0.0009377696670975312,0.012053536073640006,0.0056561326521513975,-0.003325211511946966,0.010390586971265749,0.006521661268275444,0.03853754612843837,0.010013585338674788,-0.002947282260644002
2022-01-13,-0.019211429757015203,-0.024466534551061184,-0.020310063752906976,-0.001247656365774497,-0.020554175064200975,-0.043243941042256685,-0.05219807835229779,-0.06987655465675016,-0.013366940127635316,-0.00719501444841167
2022-01-14,0.005097620744233002,0.005715124523055335,0.006426326116427945,-0.06343362556056659,0.0164649780458675,0.017561320176826063,0.013715429956360707,0.017346435457551865,0.002692224805764851,0.017403866546900303
2022-01-18,-0.019074927398093508,-0.02006265472349509,-0.025284387042903204,-0.042832050510706994,-0.0423107620792608,-0.024640313610809126,-0.039327413858972884,-0.018364847454341894,-0.01656538953313629,0.01669590166700109
2022-01-19,-0.021248675692886996,-0.016614359071245203,-0.006502897868494665,-0.015589897845545748,0.004515746069075377,0.00224436967040527,-0.03280658828434734,-0.03441330009854252,0.0033134111258619914,0.0004103663185072538
2022-01-20,-0.010401188025715102,-0.030080217077818206,-0.013478924011893384,-0.008563742869550183,-0.009526056967027918,-0.005719813974159372,-0.03726808940673326,0.000622510083264904,0.0010372361524387194,0.0021862268192264192
2022-01-21,-0.012847462406946241,-0.06134555364691525,-0.0224237578823726,-0.017627413781016985,-0.04321909197092005,-0.018640612545790445,-0.032659824808032485,-0.0539980722931419,-0.003960149930367652,-0.01512683018771977
2022-01-24,-0.004876136897457776,0.01323896043083007,0.003465560691550814,-0.0008966410379553458,0.01810857781049409,0.001147641701133172,-8.571012130037394e-05,-0.014835635717323473,0.0023821662650654178,0.008554003396737798
2022-01-25,-0.011449780743847946,-0.03204163984338447,-0.03002514868867872,0.01084156489369679,-0.02811983989549279,-0.02694839746068084,-0.04587634994550298,-0.012551567227813773,-0.011815716275068203,0.02897581714909115
2022-01-26,-0.0005634977971946114,-0.007986135126473034,0.01794176771622976,0.009441290782678772,-0.01856224869651625,0.028095150680067297,0.019869348910382657,0.02048773822340817,0.0034742665822364654,-0.010194590704556708
2022-01-27,-0.002947728227780521,0.005493528624727967,-0.0017655896159912907,-0.017802151198845106,3.41672992961023e-05,0.010493762990608595,-0.037038012223245105,-0.12277997465910719,0.006891310336604247,0.012726977925462185
2022-01-28,0.06745098966353297,0.030610731040560255,0.033133455562437165,0.008906776449235267,0.023712013328973738,0.02769448995221765,0.04001974366419159,0.02059221036289143,0.009615660387782164,0.002127791884125479
2022-01-31,0.02579027219909284,0.038127433338896885,0.014535611375422482,0.01348225619287995,0.03756724699462335,0.008784884986646254,0.06958810771875713,0.10145138741776683,0.013871317791290022,0.008992444720517767
2022-02-01,-0.0009730377487692883,0.01077253018259915,0.017150032850384907,0.01701438160998685,0.01815748977571366,-0.007164149990225238,0.0061882999998188115,-0.005856643341232021,-0.008841743318086825,0.0621413275453108
2022-02-02,0.007019252878463315,-0.0038501180924552735,0.07254189811068729,-0.008037373451661608,0.01246122073659378,0.015107242389934737,0.02421918112536581,-0.02786380690498853,0.023983654839308845,-0.002601552118668852
2022-02-03,-0.01686100704838208,-0.08134849507057182,-0.033738413433799866,-0.008304477735343957,-0.306390491252007,-0.03973118348947033,-0.05262421998069481,-0.016162405874435497,0.01856419690054217,-0.01172799243130234
2022-02-04,-0.0016808103863905435,0.1269489157684572,0.0014175878271267474,0.025627036244426415,-0.0028219529789118756,0.015448548697725674,0.015373022649105636,0.035474386816493036,-0.011523195705063875,0.02147940933183588
2022-02-07,-0.004243394666097206,0.001875974577811346,-0.02897263568989964,0.0033374210382987332,-0.05273950594711272,-0.016444837030345955,0.016678307301439235,-0.017458706575610557,0.0010961686741197754,0.011965918186502026
2022-02-08,0.0182983844077007,0.02178265381683596,0.0014216054111250884,0.01863993719995447,-0.021254870983421104,0.011923940301031116,0.015250238051402012,0.016028052271245364,0.019875365262268505,-0.02619242206642502
2022-02-09,0.00825952344330009,-0.0013886979453967615,0.015609220404217814,0.004159637671578236,0.05229195978115848,0.02159976393154108,0.06166457652338315,0.010787525285489406,0.009460623091576258,-0.004798883865596869
2022-02-10,-0.023881952403777704,-0.013654506185153747,-0.021213409132658,-0.00415963767157821,-0.017084743136000453,-0.028783360438663273,-0.033546877780015555,-0.0298952129692807,-0.023111877958079053,-0.00966684978707442
2022-02-11,-0.020425631812382376,-0.03657177570139793,-0.03179036893743062,-0.01310246108352209,-0.03807273467886707,-0.024573514078408586,-0.07537756136267733,-0.050505215210130634,-0.01780622542159209,0.024867279101646756
2022-02-14,0.0014221851700277272,0.012147601490993106,0.009217629015097779,-0.009333741842065124,-0.008461945999986174,-0.00013530400414180316,0.013190949069370184,0.018159773032297852,-0.007831884831014319,-0.015453417988735969
2022-02-15,0.02288844449269508,0.008621083638872947,0.007955758759295065,0.014517868019747197,0.015044722143391585,0.018372387658744632,0.0878386233518494,0.05191932445845771,0.008040877553292067,-0.012614297535561808
2022-02-16,-0.001389709872384613,0.010107783346743868,0.008234124531762158,0.001808146572472224,-0.020387474761824172,-0.0011680734564180832,0.0006036914593800172,0.0010402120327626255,0.0037983996934916582,0.00460540802770991
2022-02-17,-0.02149873462031048,-0.022050230393006458,-0.03847650615141448,-0.023301767268587414,-0.041632385863752834,-0.02971940718363717,-0.07860083821061552,-0.05228610180162916,-0.0204343332243872,-0.001532855694249711
2022-02-18,-0.009399680282858753,-0.013350682834785058,-0.016246988810392438,0.004678028921498334,-0.007490270547953525,-0.009677576484020699,-0.035934322902476466,-0.022350967561475237,-0.005393478066916367,-0.011183065859418324
2022-02-22,-0.01797284972353372,-0.01587889987657254,-0.004530978346597355,-0.0017765748530478363,-0.01998881250509206,-0.0007296764489487619,-0.010716334921128366,-0.04224617718140919,-0.011394102820233601,-0.01170225461844286
2022-02-23,-0.02620450304652706,-0.03641116014436802,-0.017292486822750714,-0.021161114150560205,-0.01812665027876393,-0.026234261871790964,-0.04382791845366764,-0.07254830168258311,-0.006268061468929963,0.00404628181426422
2022-02-24,0.01654271186537094,0.04410800497645022,0.03921652271433299,-0.028238122387582602,0.04507602373533439,0.049831013069287944,0.059017737825878255,0.04695367409397792,-0.008148654559321815,-0.012715893561548076
2022-02-25,0.012882053269668193,0.01593036537376894,0.01324018315476468,0.02338385715713081,0.013777438433029532,0.009190718032133503,0.017076078269259082,0.011299945777284081,0.04264093818589018,0.026557257876791904
2022-02-28,0.0016366018878801538,-0.0014673390183547882,0.0044338052719480004,-0.04259163556058433,0.0026097379337366887,0.004965718874354649,0.009393900495643663,0.07211363413565586,0.0002523186483543923,0.007423668187959446
2022-03-01,-0.011696425153075694,-0.015891148369833387,-0.007398414692414833,-0.038459580360540424,-0.0363834482258796,-0.012934820037614465,-0.03794711125228701,-0.006986492144572377,0.0007980565963516384,0.009518400704146173
2022-03-02,0.020379456587374525,0.006006111112644554,0.00379716789313065,0.020528080806293546,0.02244987664067099,0.01760948061029535,0.03132797577228348,0.01779600470296842,0.018989288405958198,0.01703237968259311
2022-03-03,-0.001983122706461186,-0.02769967430173762,-0.005006354826731073,-0.0071334498931329825,-0.025008550768482123,-0.014326455851780773,-0.02111304228248672,-0.04724057511561311,0.0024899022142951016,0.006313072647185176
2022-03-04,-0.018580025162011758,-0.015381483821486462,-0.014996037026352157,-0.028532513683142222,-0.014440893191188289,-0.02069103948908714,-0.03335788053348402,-0.0011922300504741562,0.02448238310627489,0.0369446209588533
2022-03-07,-0.02400353847006902,-0.05786267214586164,-0.04281193110546547,-0.039381181711949875,-0.06499851773457195,-0.03850929606044658,-0.07156223782084593,-0.04104369101185902,-0.023907278914405482,0.035398852394718024
2022-03-08,-0.011744407900208456,-0.010520594620232346,0.005728216591808811,-0.007067955482899113,0.014930253727647681,-0.011031547577482556,0.007558508781380221,0.024335419149005895,-0.02792987115323466,0.007547458971088085
2022-03-09,0.034398984016242876,0.023717698424230754,0.04849231572859318,0.03928071402497528,0.0422399790321353,0.04483781826255098,0.06739884134194364,0.04107819387010212,0.025256188595992764,-0.058526568266661305
2022-03-10,-0.02756296656102692,0.05271118653269622,-0.007451403152602875,-0.011911054793047538,-0.016713081048033953,-0.010137358513155883,-0.01558969766341554,-0.024358017786858904,0.012016514559449451,0.030570437942398807
2022-03-11,-0.024198980254130507,-0.008845856240147519,-0.019512673929507732,-0.022781561482145513,-0.039710740242537866,-0.019517960467769376,-0.024935285393014855,-0.05259370365966602,-0.014637643936673937,-0.005168178300372484
2022-03-14,-0.026921664196221714,-0.025553208143987614,-0.030644898112150598,0.009881891703818113,-0.0052371128614963364,-0.013045707435518562,-0.03546315955999008,-0.03711720154932235,0.010404055917562334,-0.03645475058534845
2022-03-15,0.029245420510090443,0.03813139923769891,0.025453160649225433,0.017590414895303448,0.0285235849697525,0.03801068021965944,0.07420501001479657,0.04530634609366675,0.02026793543094717,-0.058596369388822504
2022-03-16,0.028602707953580577,0.03819476755459102,0.031109918552122327,0.043716369618678454,0.05865309772459142,0.024900746309982222,0.06419009505829358,0.046704219074345354,0.0007026215251423046,-0.003762399960077804
2022-03-17,0.006433337213015278,0.02664947618554765,0.0041817523639536116,0.012565293049911112,0.02046372390032044,0.002815392382365389,0.010961983362182832,0.03665493442277862,0.017428328651081668,0.026298794562795044
2022-03-18,0.020702959495915062,0.025192147663773066,0.016939326362276047,-0.00035666215089799624,0.04077583583398606,0.017494080401655225,0.06589785133924048,0.03803519751155836,-0.0017766650417594288,-0.003932948545479779
2022-03-21,0.008501682273460156,0.001493436589994942,-0.00017620587406038773,-0.003217348407452748,-0.023366604723088612,-0.0042364792007913545,0.010566661923288496,0.017268009913468576,0.0030382388334212,0.043893484822407916
2022-03-22,0.020586914749527573,0.020820051155123028,0.02729810477269511,0.02104452345057922,0.024105290761996717,0.016246584706195583,-0.007886218924534552,0.0760832835953988,-0.004620078401396705,-0.004389445526931284
2022-03-23,0.00820015306024358,-0.009022396175222974,-0.011450852605368067,-0.020114113528013733,-0.014833620227622538,-0.01514410920033651,-0.03413067732999688,0.005147863044765912,-0.004144554735463542,0.015639882030685306
2022-03-24,0.02242464046739929,0.0014768099843156708,0.02356039271848119,0.00648910741585995,0.02822168379247068,0.01527583877395647,0.09362794986788704,0.014714339594958641,0.020124791889017214,0.0030027410376963592
2022-03-25,0.0037269214671191006,0.0068448147304497955,0.0007130593197887321,0.00870484771744016,0.010195127755593923,-0.0013821007746112415,-0.01640362064515728,-0.003240181703986614,-0.000837822570582126,0.02159280017104045
2022-03-28,0.005024183214381995,0.02527066880086216,-0.0015364272629954546,-0.007426109386859681,0.007947779975324032,0.02285321682096188,0.018851905524189652,0.07728050710253655,0.0003314072860587558,-0.028452274900736672
2022-03-29,0.018953466496954726,0.0019184362663260243,0.007395309269587704,0.00219798182346801,0.02765636477954005,0.015045818733871043,0.015367251126481485,0.007054913567225325,-0.004824522229535686,-0.005327855078707646
2022-03-30,-0.006671654206119214,-0.017961531171231216,-0.003986588513056614,-0.004543342789085444,-0.008782866471425291,-0.0049267338527823725,-0.03429135105274856,-0.005087674440050588,0.019563351099474283,0.016973250152413237
2022-03-31,-0.017935707713821743,-0.020064520292900095,-0.020434425102353413,-0.03048724612178185,-0.024389786727869005,-0.017840844642837157,-0.014697774977085696,-0.01509517416561853,-0.02105274335208517,-0.014305881094184028
2022-04-01,-0.0017196264984603046,0.0034450322821231614,0.007757235449146089,-0.0074365775003565,0.01113588476397988,0.0035935191212034213,-0.021260654877865916,0.006465651918934319,0.0051246722260371354,0.006396752643692074
2022-04-04,0.023417174906376466,0.02884445449723015,0.0199285624739845,0.004424529109900972,0.039417328930690686,0.017777815264301527,0.023968947178699556,0.05459557817973847,-0.005026724946049933,0.0004813572245899199
2022-04-05,-0.01912399674484438,-0.025822642256601212,-0.016790427399493373,-0.01170565349342029,-0.008803488806786521,-0.013070454437897934,-0.05364275662989378,-0.048464637280470575,0.015061971168492705,-0.005184428901037792
2022-04-06,-0.018622785589032912,-0.03283328123701215,-0.029178631374122323,-0.013971422661686278,-0.03753115767495139,-0.0372926120522654,-0.06056923248840517,-0.042589069768463106,0.026661577826782662,0.011059165820362617
2022-04-07,0.0018023800712820206,-0.0061382328144399005,-0.0048416054598489095,-0.0030466072993885996,-0.001568770833374142,0.006224123707225015,-0.008186940258770778,0.01093679078037125,0.00973162849637752,0.016598055332547986
2022-04-08,-0.011980324899717194,-0.021291810941382657,-0.019326142855327594,0.018142524359860347,-0.002784655018763754,-0.014707306003691576,-0.04602815794406848,-0.030510186068030958,0.016640758031825405,0.020827895979711165
2022-04-11,-0.02584727308019279,-0.021850949776512304,-0.03406521407465596,-0.003677491167464154,-0.026757168009347732,-0.040230005495531546,-0.05339248835757993,-0.049534931817513166,-0.015728690654714435,-0.03503806196092454
2022-04-12,0.011457358847508889,-0.0022158166719546393,-0.00864581120210029,-0.011038308191224264,-0.010775769882730801,-0.011281402123888203,-0.019023468142534635,0.01122853693277581,-0.0069642878343571255,0.020655950482753347
2022-04-13,0.016210715725183407,0.031037763445815297,0.016921393200807617,-0.03276426973902068,0.003961532289691365,0.0195204241598061,0.03198849839562006,0.03525937358618668,0.006145430751011104,0.014036517262845757
2022-04-14,-0.030447296466914575,-0.024961650159491106,-0.02465984436085588,-0.009312632338578321,-0.022627206337166948,-0.027457746303796392,-0.04349429490428968,-0.03723709338922126,-0.00406785163923655,0.011681404409651396
2022-04-18,-0.0013316492848358624,0.007084013688019547,0.007440745220490629,0.01838362223922612,0.0028032111995369958,0.002462520272834823,0.024396809256249707,0.01939443951963136,-0.0013845730377564796,0.008164427700148514
2022-04-19,0.014016411376338677,0.034294010908479985,0.018103879094426182,0.020495338671015016,0.03055731789713767,0.01689628210433359,0.018872147418929973,0.023480261839117743,0.006755107413450601,-0.008961938400701874
2022-04-20,-0.0010160618001661085,-0.026386116801539967,-0.015260999793413093,0.0035021891286973026,-0.08090957541404577,0.0037086918710017877,-0.032786662853711526,-0.05082502163771964,0.015336476683195582,0.00227678785563772
2022-04-21,-0.004855382033145931,-0.03772931062801116,-0.025513968159180885,-0.0077823196922679715,-0.06360093434338213,-0.019571582058003918,-0.06237479663915265,0.03180563608534794,-0.015820302336307233,-0.010629667139528497
2022-04-22,-0.028215516705545254,-0.026969363430673157,-0.04237898136960327,-0.029142920419066506,-0.02128079638384529,-0.024440751440434134,-0.03365727120613517,-0.003704429607069112,-0.0311822624175271,-0.02207338923744401
2022-04-25,0.00671465656526614,0.011872429325306142,0.028336128411734527,-0.00031549350598903157,0.015521680712027959,0.024120169521267415,0.019636833909612333,-0.007019222592886596,0.006372196423462822,-0.03429444832441026
2022-04-26,-0.03804267466409567,-0.046830397470919216,-0.03660788679868967,-0.03002740582201032,-0.03283433631198068,-0.03812142933022199,-0.05760168626861591,-0.1299278575282087,-0.020211882710279235,0.0003648134914095948
2022-04-27,-0.0014678167894513184,-0.008819827903123646,-0.037399372183893505,-0.01309138238059543,-0.03372061691897967,0.04698755120561384,-0.02005294125691862,0.005790878918745771,5.8372248449854626e-05,0.028157326070238686
2022-04-28,0.044165788026991726,0.045483928748159326,0.03632419193409403,0.01568909391449582,0.16206433208009074,0.022380461336491013,0.07160684275819688,-0.004548029513557434,0.020439499304173294,0.029797209355590916
2022-04-29,-0.037291717440623325,-0.15139791287665294,-0.03794425057399481,-0.03280050514809594,-0.025899981756060828,-0.042711486844769476,-0.06446432420514027,-0.007721957937068309,-0.03072932180729079,-0.022616095875031744
2022-05-02,0.0019646343601960425,0.0017565476902947816,0.021445016155569162,0.009090614211750073,0.05180957997171321,0.024735059426212645,0.05179730871294222,0.03628977282780161,-0.014658176170249613,0.013515286150854053
2022-05-03,0.009576574961876114,-0.001981867083020741,0.00642104411212513,0.021193311488041364,0.004253647322301697,-0.009501406599280532,0.003526152141243851,0.006963974902024329,-0.003057427127255183,0.020390084483388134
2022-05-04,0.04018951041097206,0.013390415419768674,0.04113368242437222,0.03254597312840668,0.052280916195329125,0.028685361722707088,0.036663005302605224,0.04659599279666411,0.015885142810288445,0.039028659049782866
2022-05-05,-0.05732836195613912,-0.07862161321968106,-0.04821965732775509,-0.0253379032510814,-0.070125463567745,-0.044531864544559714,-0.07610001917342975,-0.08695990905101429,-0.025741221721421553,-0.015273991147099214
2022-05-06,0.004715962568820293,-0.014140750847553027,-0.006536142751250174,-0.0016151686187171213,-0.021891242000005744,-0.009491244927976525,-0.009008656970787586,-0.00877557365586079,0.009856078911133298,0.015165167699576486
2022-05-09,-0.03375230423441801,-0.05354166033985861,-0.02835138911329688,-0.015148052373166257,-0.03780637535998071,-0.037644940352023225,-0.09691818637861038,-0.0951126361970946,-0.026775482123242083,-0.08213515787444
2022-05-10,0.015983693646577972,0.0006432376717789796,0.016606294445225187,-0.02467430182717002,0.0073120941198011585,0.018424566539823873,0.03734691462441324,0.016293707630266798,0.0032635254340898454,0.0066080399420771
2022-05-11,-0.05323339321507021,-0.032556515700991426,-0.0069516845140733365,-0.0063281468667871705,-0.046127174649663455,-0.033773538035905666,-0.05640642212653062,-0.08615264955046516,-0.0038188669978330243,0.02060515469840825
2022-05-12,-0.027262521822678916,0.01468209351950851,-0.006699294571003171,-0.0008469495173170268,0.013158715166505451,-0.020159704410819948,-0.02774129998182007,-0.008207980246495447,-0.015234168518535866,0.004529257836515525
2022-05-13,0.031417673013719526,0.05569537333818603,0.028019015668431246,0.008855827560901343,0.037864080162747275,0.022344951071483383,0.09043677868755196,0.05555683158900242,0.0136902123690204,0.029232572103170217
2022-05-16,-0.010729781274618733,-0.020052883582188433,-0.01393098265082509,-0.006993685366109663,0.007124049088797057,0.0014541423623000362,-0.025280278223918966,-0.06055559591829793,0.007839039101399922,0.023247726600684287
2022-05-17,0.025104960373390658,0.04030980601090871,0.01756514808584277,0.032609593466506916,0.012814805524711289,0.020139869274133353,0.051533670860698835,0.050132289582274676,0.006743095120883187,0.012673704078889361
2022-05-18,-0.05807316210740538,-0.07425163860523774,-0.0400582709515033,-0.01725387142589279,-0.0525875674678575,-0.04659861045834776,-0.07059738594296333,-0.07043726926027942,-0.043890916283361905,-0.015977618554738695
2022-05-19,-0.02495032314294178,0.0019259973748420684,-0.013635969890561568,-0.01493308880995334,-0.004954052515258781,-0.00370637339348973,0.01092158918144874,-0.0005496144580126333,0.015096169236699484,0.005390701145794045
2022-05-20,0.0017460493441749788,0.0025313230136676168,-0.013461785154781915,-0.008232580773045698,0.011693737992157123,-0.002293989199486143,-0.02543193232578559,-0.06631616117599509,0.014892241798410685,0.00786920454039862
2022-05-23,0.039335025438252486,-0.0003161006497306091,0.0234135057686578,0.06003268832822586,0.013803136217565086,0.0315297442519677,0.012146114118756607,0.016432950581559483,0.012988365610090386,0.02185815302767447
2022-05-24,-0.01940297855226516,-0.03266897126205679,-0.050760896569185664,0.01402659786892672,-0.07924462467690263,-0.003959457375214704,-0.04502767059762299,-0.07176955888757142,0.011074927923899218,0.005416943865022483
2022-05-25,0.0011393422152555966,0.025371870055026394,-0.0015582727213538405,0.006940002779542269,0.013968534199474775,0.011108189809913233,0.04957397011792212,0.04762508488803113,0.0010647224620499187,0.019927533603699074
2022-05-26,0.022934638805705843,0.03950431937060653,0.01861030897143461,0.017142335042869276,0.04155510329187199,0.012792916681680314,0.050317643027973064,0.07164265445291097,0.008277324741541373,0.0035240750938504415
2022-05-27,0.039948014427405615,0.0359770770988458,0.04111269804826736,0.01403913578733616,0.0180996324514956,0.027230433121297654,0.052382595195274245,0.0707688185938516,0.009669593360995429,0.0097823034324049
2022-05-31,-0.005360396309914229,0.043030852834664374,0.012787678266211761,0.007286174390501568,-0.007665269631687603,-0.0050264429233175,-0.007416839914205917,-0.0018051917677216725,-0.020580467374942076,-0.016426636678661788
2022-06-01,-0.0008738005415863101,0.01219142464906909,0.0011421790907201646,-0.017700780733675824,-0.02616036785975676,0.0020209506734107257,-0.01903176282820186,-0.023876273341224673,-0.00855123335028196,0.018985162124223784
2022-06-02,0.016671416502211753,0.030965911805553418,0.03222968177124056,0.01596011580940028,0.052760590691272695,0.007897788506589693,0.06712762355212128,0.04571303469577831,-0.0005889775734298563,-0.0017387846994072465
2022-06-03,-0.03931880863855323,-0.0255076393596147,-0.026547546769570454,-0.014037569171498494,-0.041480028869248654,-0.01674676157351311,-0.04552865410450313,-0.09672413884722543,-0.013601198106860845,0.014433956591469068
2022-06-06,0.0052142553516426075,0.01974655443905197,0.01970569389959153,-0.00330909862742831,0.018024875150826944,-0.004714539586273142,0.003519551528166115,0.01591980642197778,0.009366711853048684,-0.002526385589209531
2022-06-07,0.017433136784698895,-0.014447976483889591,0.0028123500518808034,0.0026175249177922003,0.007181462465977687,0.013856979747888262,0.007424965542599718,0.002542820180630796,0.014018651941025537,0.044812625112583014
2022-06-08,-0.005056266416964778,-0.014907309337206952,0.0003797555834678291,-0.01604256196131229,0.005047309324257735,-0.007698982673319695,-0.014586649035330744,0.012397350726358317,-0.0072075559851016305,0.011732966133921266
2022-06-09,-0.03661806235152703,-0.042394573681651705,-0.02032992932883346,-0.02123979931594717,-0.066439061783959,-0.02100259601850579,-0.03270414657782476,-0.008970671737446728,-0.008342348808529246,-0.021844746863890832
2022-06-10,-0.03939400881901354,-0.057588983573757455,-0.032516572147252426,-0.04705591741820127,-0.046897576702488966,-0.045587138701777725,-0.06135185765158268,-0.0316877053198606,-0.009855745176623836,-0.01844344464638115
2022-06-13,-0.03903751750607642,-0.05608072910711982,-0.04384898797814908,-0.030230562893284418,-0.06658757180273586,-0.04333833677667006,-0.08140367174572759,-0.07366972655880115,-0.03129136629622648,-0.046975181371661
2022-06-14,0.006650480672012475,-0.013205363644664271,0.003031246062454869,-0.01677941542929324,-0.003231647740403647,0.009162917347801358,0.012006733849356766,0.023606322357198544,-0.017070619576338333,0.0026050014129028977
2022-06-15,0.019911957884311167,0.05106358079343476,0.02817081886455859,0.011766372475796927,0.033748746583656467,0.029301781456799368,0.04270957448738423,0.0533736162801124,0.005571780229601406,-0.01267114788332249
2022-06-16,-0.04045894090604431,-0.03795462873180644,-0.034581976430557375,-0.01730515797921346,-0.051371049481257015,-0.027340304460912058,-0.05766044042521644,-0.08927688581957327,-0.014345385503973164,-0.037582061203520825
2022-06-17,0.011466965660343031,0.02439607839682275,0.010413818486162584,-0.003532537159513861,0.01768331561566878,0.010880568509522823,0.017725395373176536,0.017029157609637507,-0.008875189863707849,-0.05939455382547701
2022-06-21,0.03223592065504344,0.022895360879700146,0.040250087171866906,0.024470161160616333,-0.041715460719171975,0.024293645249515175,0.042292083493781066,0.08942411634475682,0.0606374215259979,0.06037881507826743
2022-06-22,-0.0038345200192570817,0.0024812460138330314,-0.0005066218831103461,-0.005627365062952669,-0.007670357120175793,-0.002406927838855762,-0.012513032920760177,-0.004015858661335937,0.019299682291939468,-0.040375750821215514
2022-06-23,0.021344024133750056,0.03153073437129849,0.006744735106474851,-0.0109997323489725,0.01843663672331863,0.022384349498333046,-0.008286312059404107,-0.0043156097521520964,0.020476088937586998,-0.030625763528064783
2022-06-24,0.02422152668907595,0.03512809079637085,0.04981540641714192,0.029408887967106157,0.06940868273967359,0.033579337136448055,0.05404455654544501,0.04425503260828766,-0.008378360755443862,0.01963905508203952
2022-06-27,0.0,-0.02821501915746544,-0.018318750374889822,-0.008044576506963514,-0.003945434399068851,-0.010551996831622557,-0.015119935602054846,-0.003206786761701394,0.020014557483125386,0.02421545438941483
2022-06-28,-0.030242314522242783,-0.0527726431080026,-0.03358806132830322,-0.004823389528125214,-0.053378924637288765,-0.03226416995544836,-0.05401458498981016,-0.05133914578061633,0.0054827258532211395,0.027365598101600615
2022-06-29,0.01293968341704131,0.01405345471235067,-0.002735663334869637,-0.004499700314654263,0.02008564518937009,0.014630248559043374,-0.027917165957220005,-0.018100003611393488,0.01419755721734376,-0.037639396238256996
2022-06-30,-0.018192063681919415,-0.025195393281078386,-0.024821911667271965,-0.02360712849426536,-0.016544531477781257,-0.013266543176792503,-0.0249516382037579,-0.0177355774717728,-0.004041560136337358,-0.02854706945122387
2022-07-01,0.016034906719192357,0.03105406439766482,-0.002071445429465387,0.012706281202138374,-0.007594665856093936,0.010650571073347477,-0.04286088213928281,0.012352524133575146,0.007313148185859215,0.022057502852335556
2022-07-05,0.018753802533456307,0.035330514810317494,0.04077583560342085,-0.003810694837096765,0.04973294632175273,0.012518707247141887,0.029913861746050752,0.025215114905161356,-0.023782745019653977,-0.03179647401586389
2022-07-06,0.009561269354900457,0.007286182647943523,0.011490746617132409,-0.006503025603507527,0.009350242182931514,0.012701602224633908,0.011032165771870816,-0.00573722846648063,0.019696226439341897,-0.01820504069964845
2022-07-07,0.023715995691893737,0.017341975999450154,0.036094790239095204,0.024978142550824808,0.014153982195875747,0.008193166249545995,0.04699464215418874,0.05380522947187794,-0.0017673465506586766,0.03144107281039709
2022-07-08,0.004703650084190328,-0.006814197291832153,0.004791486244995611,-0.003143082516711778,-0.007636979711417686,-0.0027608802664196284,-0.001262142387854397,0.02511707828484195,0.00822839884824339,0.0016274413558393418
2022-07-11,-0.014867816201386466,-0.03335256478334072,-0.03129226060503161,-0.013203341156192544,-0.04794772631307889,-0.011838519702698789,-0.044279605064016216,-0.06772231414560198,-0.0032446095632203977,-0.005124502303059712
2022-07-12,0.00681016442197528,-0.022900025593117632,-0.014419079886435504,0.0009743309839157971,0.0023913928092527226,-0.04184481930281423,-0.004630486952780746,-0.005448427397798375,-0.004906007856740984,-0.013401143767336456
2022-07-13,-0.002539673932254871,0.0107459397638012,-0.02366852898216527,-0.009427339736057364,0.0013465156707104496,-0.0037520006685637045,0.005422269615432336,0.016890005886123306,-0.025955116156603227,0.00401572303505076
2022-07-14,0.02027545590062976,0.0020811275557193875,-0.008894113112535585,-0.03556391725671491,-0.033840261096603146,0.005366883080814745,0.01362347636134341,0.005357484236889209,0.0023712327354569957,-0.02024132007118752
2022-07-15,0.011385200772848852,0.026052020207380393,0.012694640040736924,0.044814075016932214,0.04121423539132238,0.010336832359995442,0.02505433993334706,0.007330299130864308,0.05294885779857648,0.016699042886224078
2022-07-18,-0.020859366870851548,0.0018476894058662332,-0.02488720525218225,-0.01032297308243333,0.015244405770811929,-0.009667938421258127,0.02127921479239983,0.001997430616818738,-0.01978850242193953,0.018284707424366393
2022-07-19,0.02637117255926522,0.0383717111840348,0.04290721707545703,0.024476443833292148,0.04986309860670479,0.02055417258334817,0.05386134882899454,0.020505045463666282,0.026748392721993336,0.02489085882709194
2022-07-20,0.013419541716122712,0.037849962832112935,0.0007905604764568037,-0.00017450247393094615,0.04074455297640948,0.01050240947658533,0.04684902464322052,0.007991447618970264,-0.026556103275021625,0.010928772903662114
2022-07-21,0.014981111628969371,0.015036666950921374,0.003855542309093003,0.006786631589938047,0.00043699606461781326,0.009751289647317207,0.013553912642107117,0.09331246499887616,0.005739349196442897,-0.016837338462691767
2022-07-22,-0.008143552135161594,-0.017891585334626356,-0.05797148043645689,-0.004867605180457831,-0.07891965076652033,-0.01706064325213266,-0.04134147501929941,0.0019732780255828208,-0.0020115786369734306,-0.007664578476358321
2022-07-25,-0.007425898665359789,-0.010510843951367622,-0.0036212353845646796,0.004000250954468392,-0.015599303304801197,-0.005893775226141512,-0.017179855580348558,-0.014093787954092982,0.015339857424558031,0.03276018192409498
2022-07-26,-0.008865544256900922,-0.05366832967343516,-0.02343278860755975,-0.015745599724337533,-0.04604862499603579,-0.02713928028552341,-0.029265876080423508,-0.0363152186530825,0.003996031600120777,-0.003897355906303816
2022-07-27,0.033661821154515756,0.05226402422174665,0.07376779587070484,0.01591907241011964,0.06347752838529001,0.06471242169714979,0.07327807343366795,0.05982904612856656,0.005664884623716864,0.02141361558417766
2022-07-28,0.003565299686891819,0.0107708959770675,0.010207682645178993,-0.0037382874150364226,-0.053660850667843055,0.028140706270158748,0.010846050049309889,0.021882347827174065,0.012787172361409305,0.011617254863908098
2022-07-29,0.03226691831536565,0.09859082981024253,0.01821867085622466,0.004779074990551445,-0.010131159722667165,0.01554360523068781,0.009904112765295075,0.056238328890716484,0.0015687975461704286,0.04526812417689892
2022-08-01,-0.006172448116061006,0.003255181148895761,-0.01263114099007483,-0.010018779147676338,0.005203442552246318,-0.009771633347203807,0.015189728930396065,0.0004262206792024022,-0.01291688456780026,-0.0256009230458308
2022-08-02,-0.009330895861622134,-0.009126353187385704,0.0023479700226345874,-0.015708222144027024,0.0016244844835185655,-0.011541069550162762,0.004598694559127882,0.011072869479979633,0.00014982406752715797,-0.004348695913443158
2022-08-03,0.03753454691561022,0.03917484597170419,0.025300507364495378,0.010440844823075496,0.05235388164227601,0.027456175533977976,0.01961643795944945,0.022402858626649376,0.009645547432135772,-0.032960314568712415
2022-08-04,-0.001928170455645622,0.0216251677554199,0.00093106018051372,-0.011063463443898872,0.010431374221664217,0.0041687478724388525,0.016899707475468904,0.004014952135593356,-0.012844496545810559,-0.04298933503003635
2022-08-05,-0.0013899116051659664,-0.012492693140300751,-0.006110426972264987,0.029810988161618982,-0.020493522407795835,-0.002612251782493922,-0.01183115508685275,-0.0686033118290163,0.0024513860982453314,0.014347719838703197
2022-08-08,-0.0029072426036204206,-0.009921207364734218,-0.0014482001568883716,-0.012255155529599066,0.018615604037713326,-0.009197052672570302,-0.06505490405514139,0.007789020718917544,0.0028740549894815085,0.005636934615390368
2022-08-09,0.00030333845979811674,-0.011398203042398835,-0.0057283972984790875,0.008967195179671338,-0.01015420001907423,0.007038396528924055,-0.0405456651590505,-0.0247155543645267,0.0012293885503404235,0.01826927135170649
2022-08-10,0.025857168230940985,0.03465340706112098,0.025982063925870696,0.02575320612137142,0.05657801588407072,0.0240102380343263,0.057487009618895725,0.03816806100817755,0.0008557850496286729,0.009448499993459963
2022-08-11,-0.004441363672990517,-0.014471032455294032,-0.007210486574420194,0.014673482367948963,-0.0047775129788394195,-0.007428504518178445,-0.008602200158632122,-0.026599955270312264,-0.009079456384945487,0.028517665246715163
2022-08-12,0.02119926978157261,0.020479998229218345,0.023616615752316255,0.016428241790604422,0.016816409390191533,0.016893507362363374,0.04186040619982993,0.045690263130780645,0.02013882778148378,0.008654070486739336
2022-08-15,0.006313397028511443,-0.0025808990121560286,0.003281857282054014,0.002698457742369339,0.002158542986053483,0.005329944611356273,0.017117164820763607,0.030493897831355556,0.0017276556120799172,-0.01803375302513627
2022-08-16,-0.0009241163122625406,0.011112811619446402,-0.0031175937466807343,0.009508736216780583,-0.007881132434731885,-0.002592939178889997,-0.008071682886998062,-0.008952025876518947,0.0027138936701598193,-0.009359168965038538
2022-08-17,0.008746239863822634,-0.018684262378250237,-0.017824183009286808,-0.008447680627035289,-0.02607963224480321,-0.00263987085383586,-0.029238285389399106,-0.008407578354357605,-0.0020532487364947837,0.008058426228771808
2022-08-18,-0.0022943062039131063,0.0014064484864398943,0.005172688394882928,-0.007779680521267873,-0.0010871972748269503,-0.003955238359795073,0.023607623178610142,-0.0037131047703819653,0.0004038477042443964,0.02336907313450476
2022-08-19,-0.015217255224417374,-0.02901859297383289,-0.024940201553985755,-0.02505636365269063,-0.039115473854997265,-0.0139507957332993,-0.050471990500055165,-0.02069451464936621,0.005669247852402848,-0.003183645505470598
2022-08-22,-0.02329857480228508,-0.03691702741982209,-0.025665745032684074,-0.016660094708230638,-0.0296688031088623,-0.029794837933079507,-0.046736281693999626,-0.023027123255798403,-0.006862082227710504,-0.0007442959708352034
2022-08-23,-0.0020312418483955244,0.002998007806707862,-0.00333183536223798,-0.009905800035683683,-0.01196953265193487,-0.004727451604730225,0.00859278106630475,0.02230781558771273,-0.016235812377015456,0.04156616556936532
2022-08-24,0.0017924535115980411,0.001346256547678855,-0.001494218326617773,0.0024210433179458523,0.01325648682286661,-0.0023541580859838276,0.0023835928288493385,0.0021677745650455194,0.0012311004117901523,0.0059009353801538975
2022-08-25,0.014812373318050642,0.025676456345101635,0.025702611641893417,0.02347026623181177,0.0332520202687415,0.01103434627642222,0.0393391795912023,-0.0034616690754643124,0.009480454130987028,0.005160166470700885
2022-08-26,-0.03842805342601289,-0.04873552390255167,-0.05561162750699233,-0.033276304569256177,-0.04235866086807052,-0.03935119459952452,-0.09681863578062232,-0.02732301898385137,-0.023011657809882527,-0.012388563160812343
2022-08-29,-0.013784965018291743,-0.00736939497405998,-0.008372723542219554,-0.0024450036182220706,-0.01626467612692422,-0.01072545607127588,-0.028634882253247427,-0.011415491099770154,0.0009821803583680412,0.02272930469054281
2022-08-30,-0.01542365288593161,-0.00820055348874808,-0.004396445995554485,0.00017487824147040718,-0.012708258677374712,-0.00855760595926017,-0.021299788257537134,-0.02531598923616216,-0.013167617333096465,-0.038797110206496406
2022-08-31,-0.010691798346479969,-0.01534276001209404,-0.006631053077575777,-0.0059612364596684075,0.03605636657093076,-0.005720267252488741,-0.024476205423349138,-0.007554668468041173,-0.006735781371858256,-0.007503990599519293
2022-09-01,0.004695706996463859,0.008248627364462172,0.01394771471012246,0.006834949002004835,0.014804237793041113,-0.00410071361186239,-0.07975017488415709,0.005608200169827373,0.008952007441516968,-0.01815734819892669
2022-09-02,-0.013704574736000315,-0.002428212185707223,-0.01737250637193515,-0.007010946863578701,-0.03095289123747731,-0.01680699949397621,-0.02102744876113061,-0.025395567131662106,-0.01470688123345962,0.018157348198926653
2022-09-06,-0.008249113085428871,-0.011040262841267292,-0.009689906293845599,0.00026394822569710566,-0.011165218290231762,-0.011034685762730567,-0.013425958777923602,0.015460425583855752,0.0025726922718929276,-0.006717776835858105
2022-09-07,0.009211228077486831,0.026371849253352748,0.024416290232673058,0.018812606707115032,0.011601405559711502,0.018931256012885898,0.01862053420271097,0.03325755641840769,0.007697003314354335,-0.008567294871933459
2022-09-08,-0.009664368633965243,0.002622535962612139,-0.009824228200450478,0.023028769546220178,0.010358251654199645,0.0016646732068765966,0.019925753962052765,0.019408586563541073,0.011113386574685353,0.008145908866245683
2022-09-09,0.018664611844640168,0.02622824562673727,0.020728473779327773,0.004794458008789889,0.04281922595134858,0.022716979557891186,0.027982263613039286,0.035389242849343666,-0.0028946501365081406,0.016613866787100143
2022-09-12,0.03778509560005415,0.023581047138634757,0.0018961335659438434,0.011762451563652337,-0.0011236720972488373,0.008246876307708567,0.008168259373182956,0.015693156705112052,0.013092289868162363,0.0114369598970426
2022-09-13,-0.06047166414744785,-0.07318946892343868,-0.06080507449858352,-0.03536675874651598,-0.09837487023409992,-0.05654746237625837,-0.09951753755280741,-0.041209445573060305,-0.03308723141185261,-0.02363524091095753
2022-09-14,0.009509991485750803,0.013549201586232946,0.006497356231090806,-0.0023226081485316313,-0.01089957412016247,0.0009122649509325335,-0.00022842384190338208,0.035245873940170286,-0.008185777285307316,0.02424990930742766
2022-09-15,-0.01911159798673268,-0.017816303428596674,-0.02010562303977974,0.014958196710039633,-0.012756824232690719,-0.027493752361410165,-0.015274669441537995,0.0037601953268899466,0.0254497248190172,-0.02950861790940166
2022-09-16,-0.011020528681162777,-0.02201762235626526,-0.0010694521082415137,-0.006724826310480633,-0.022039775229317174,-0.002611579798326688,0.02059262883400097,-0.0013177201460770078,-0.003620926948727521,-0.01723114216860338
2022-09-19,0.024773495325157394,0.009106029090597056,0.0026229867449109067,0.0091822469562002,0.011756308794900382,-0.0008993543396865793,0.013845074331191724,0.018680537647816527,0.00484410862092166,-0.00010708760977383655
2022-09-20,0.0155440197333382,-0.020012830448643673,-0.018902632580257546,-0.01991597408402806,-0.013124591689364808,-0.008501557128923157,-0.015513482980382137,-0.001100668054834369,-0.001433480584194405,-0.00818772861488302
2022-09-21,-0.02047599183264802,-0.03032676622578613,-0.01856162077060232,-0.029259384605614596,-0.027550881218306972,-0.014541181107835872,0.006430432184956784,-0.026021592607865372,-0.020718161518477787,-0.016250078325543958
2022-09-22,-0.0063953484598070435,-0.010430481377003758,0.00862505302980746,-0.011444038791326277,0.004913232752084862,0.008459553670975905,-0.05423065559383661,-0.041438568478665415,0.010451433971743319,-0.00418686197105772
2022-09-23,-0.015239565573073119,-0.030553234112175698,-0.014079156165038883,-0.018788823503650826,-0.01701817809911486,-0.012779519599444017,-0.003589006270695447,-0.04703665354268194,-0.007467993976386698,-0.05468692564459689
2022-09-26,0.0022578347165080706,0.011968890924047326,-0.0057892771261533835,-0.021767159664719454,-0.029194970182951373,-0.001977398847128586,-0.02327924509497034,0.0024668028538151034,-0.010274536997277015,-0.0208572945686322
2022-09-27,0.006544911251471417,-0.00644711979642255,-0.00684841930421545,-0.008841445104976427,-0.014551573911259677,-0.004389252720676723,0.015015830311255871,0.024797737333229056,1.972747842474397e-05,0.020740688557283875
2022-09-28,-0.012732343445880078,0.030980865018271533,0.02581799880216861,0.02001573313109279,0.05225645429249453,0.01951958583649433,0.025688339758140045,0.017065662059063912,0.010897111289115628,0.035742597002339414
2022-09-29,-0.05036634745505891,-0.027577874271049258,-0.02663880128154755,-0.017091166780377063,-0.037411786608485396,-0.01491966151498499,-0.04135863054024945,-0.07053030781738932,-0.00999257970624043,-0.0020279691762396215
2022-09-30,-0.03049993244501707,-0.015803691756381338,-0.018335724803803417,-0.015760392632981544,-0.005365905361501934,-0.019558440296690502,-0.0066505689567245094,-0.011097446407076914,-0.007476310348201793,-0.015569123717974101
2022-10-03,0.03028914345187348,0.02516733048685826,0.030781105422986062,0.03044122993348753,0.021364960665882206,0.03310827603449742,0.03026478030774077,-0.09008354847845335,0.020518986244947506,0.05145350977651926
2022-10-04,0.02530028660400116,0.043978891324203705,0.029960306044774565,0.045722163464174556,0.011976259792605927,0.03325341923448945,0.051025492289135714,0.02862918608137619,0.014749767472535107,0.03579645476866284
2022-10-05,0.0020512123529084774,-0.0011568286989317087,-0.0020683142113066596,-0.012423712644226915,-0.009310260366062799,0.001284889401128853,0.0031846933268189275,-0.035210184423729626,0.007427046270592043,0.03961626692592623
2022-10-06,-0.006647359098768253,-0.005388563475942462,-9.857986941030595e-05,-0.020592897454504797,0.0006473771680703983,-0.009717997972091066,-0.005998602750829928,-0.011191467132615623,-0.015179203939583982,0.029229636521035926
2022-10-07,-0.03740991902130054,-0.04888996644735092,-0.027388119470545584,-0.020176126450773855,-0.041250626031964,-0.05219149348518129,-0.08367976342875083,-0.06533110715825653,-0.027892918283937213,-0.010143349595579965
2022-10-10,0.002352998586350173,-0.007799184311071454,-0.008344298691563008,-0.009385448552648282,0.0025444995636700646,-0.02153313215901001,-0.03419853467926307,-0.0004932430962923407,-0.011935966321502381,-0.021915296993994287
2022-10-11,-0.010308093536428937,-0.01292739007238406,-0.006972911121980448,-0.029284476761078496,-0.04003122278706541,-0.016892177203107515,-0.007224086474563138,-0.02940186584357689,0.001902817127904916,-0.008534752069123179
2022-10-12,-0.00461575480058955,0.006130377153208065,0.00390251893924637,0.016053138972121708,-0.008123760730349183,0.0015073259467069627,-0.007450305149436578,0.003412211010253521,0.00029988294693271856,0.004378152831649136
2022-10-13,0.03306035345579132,-0.0032826427568259787,0.015258158829955192,0.054102952690688384,0.021646104740126546,0.03691798341541049,0.03922067158641919,0.02041257160441261,0.019706150939340528,0.034352077597888525
2022-10-14,-0.03277107527697031,-0.05132600960921381,-0.0255611588200595,0.01650378640772995,-0.027466998698923432,-0.024547584151295373,-0.06324615288064145,-0.07845410579918498,0.006294828410539419,-0.026660268498806594
2022-10-17,0.028706557048476775,0.06246082010978991,0.03470571419808501,0.04114211548121362,0.0558425760111268,0.03849515388470887,0.05720771750656328,0.06770743117966126,0.016908379422796993,0.014313515878690232
2022-10-18,0.009365498384132379,0.022334186457693587,0.007970552780202292,0.0253953983253801,-0.009293770244694194,0.004075342375054234,0.006623637450309849,0.003822165646732409,0.0006323779267957054,0.0017875363262274185
2022-10-19,0.0007651505498075289,-0.011148202689094493,-0.011377385784388648,-0.019800812960098807,0.0032328171774013027,-0.008505570488302042,0.006994652486741093,0.008366694500343838,-0.0036258520839092647,0.029231187814757958
2022-10-20,-0.0032725530817888622,0.0015630456934787908,0.0034068330041863125,-0.003266943120900013,-0.012842186445933995,-0.0013964321631860413,0.011796409912781223,-0.06878698522005931,0.0010755649727617314,0.0013478338499724144
2022-10-21,0.02669934604621322,0.03470527521216521,0.011536511611623924,0.0511942356261416,-0.011623762692383412,0.02496622342854393,0.02206071448641723,0.03395945997966481,0.02437038155303035,0.01840002589485002
2022-10-24,0.014694304788734007,0.0041816570199037775,0.013651178422856687,0.0012264259929718512,-0.0022330901663243133,0.02096657703839889,0.010612749998820155,-0.014987724107085643,0.014637787318983882,0.006966057064371454
2022-10-25,0.01915279862699108,0.006488657531862419,0.01893790142701884,0.0026115266313033987,0.05831834402948633,0.013697461814319387,0.05120986239881754,0.051525211920993325,-0.0025511419670553163,-0.006777095080144273
2022-10-26,-0.019821980855544968,-0.04182438724790477,-0.095855980573672,0.011425859437648046,-0.057547577784717426,-0.08029542911026584,-0.027910357181966647,0.009931639962148882,0.005445511361427395,0.01182996484263357
2022-10-27,-0.030938978676673747,-0.04148511663717591,-0.028962740617311057,0.003940347243548772,-0.28179373685025894,-0.019954096739897228,0.021479924997009826,0.0020011878357876823,-0.0025253095519704367,0.0038194109042968363
2022-10-28,0.07283436088132107,-0.07046806314523207,0.04318742096607813,0.011807964622342664,0.012782807333980234,0.03943293952853569,0.048732391682995826,0.015123446596271723,0.017273439337730068,0.028867987267112906
2022-10-31,-0.015530541425640193,-0.009424419446504203,-0.018658859037312864,-0.0015876431329681488,-0.06281955548334771,-0.01598336430043145,-0.02466192745194708,-0.004297734947231046,0.007068244940813037,0.0009932566265600437
2022-11-01,-0.01769845302021425,-0.056733592543971104,-0.0436873736228616,0.01787250247902911,0.02166147907801109,-0.017206342253163087,0.0034023527241048564,0.0012298580156588981,-0.014223093330102552,0.009877907679566639
2022-11-02,-0.03801856965619156,-0.04945158785215439,-0.03945499557484205,-0.009250526064995886,-0.0501879956692981,-0.03600905761816356,-0.024214642574447828,-0.05801089494975556,-0.0071144339221352855,-0.020766282274755986
2022-11-03,-0.04333029974555702,-0.03109058271107464,-0.04155520989419952,0.0018097798714611713,-0.01816707203232035,-0.026938453714646197,0.015165478327402247,0.0015338580999043428,0.00033092103379312447,0.013501937027165062
2022-11-04,-0.0019493137700427323,0.018638216982674413,0.03706089047035186,0.026990784020180972,0.0209244135347206,0.03278222628103059,0.053317988864230205,-0.03709208198225607,-0.010057362901463225,0.010832081942182064
2022-11-07,0.003894723404472202,-0.004958465035960488,0.021820347010759675,0.005266278255780858,0.06327099022580847,0.02884932470563985,0.0101907931818377,-0.05137700982212229,0.012648060933664962,0.011772814086214998
2022-11-08,0.00416642722713846,-0.006093813282808144,0.004622835993984036,0.0006087651461574373,-0.0025880673549386413,0.0043789456145702345,0.020829102690949973,-0.029766854567743133,0.01462583975862925,0.00316275965219948
2022-11-09,-0.033753051694078814,-0.043613588180190316,-0.017932562649453303,-0.013094018144312972,0.050531107418105,-0.019233850691751344,-0.058230455214342926,-0.07436539035358274,-0.02265805364602345,-0.04576822967672007
2022-11-10,0.08523623434110146,0.11491535104712981,0.07307689492265375,0.04033462609875621,0.09757412642142813,0.07905892345986866,0.133912362807483,0.07132888823212645,0.0064713854457666455,0.014585572527233292
2022-11-11,0.019085385355462812,0.04214992986278232,0.025953460148964713,0.001627511052089964,0.010227336556084722,0.016854384055223742,0.035979721071922974,0.027155202242509627,-0.041440825032808305,0.03074403536108837
2022-11-14,-0.00953080685543492,-0.023084154958510447,-0.0073916984558966385,-0.010326894694541955,0.010561741481958061,-0.022757075566152554,-0.0019621323546889485,-0.02594999483044167,-0.016084190362494435,0.0029151742346483294
2022-11-15,0.011799609231181174,0.004558631983396615,0.02822895165669533,-0.007269946433797231,0.024731070640992142,0.00173719573322161,0.022512758918979935,0.018009160285334423,-0.021126744131044276,0.006681176945348648
2022-11-16,-0.008366442790921155,-0.01856627488370591,0.004156465484800823,0.001353135687415393,-0.03343628854550558,0.00182195922301684,-0.04642283385534187,-0.03934004993858786,0.01677655571058362,-0.010747083619287855
2022-11-17,0.012888457383573238,-0.023650675297741616,-0.004969348695207065,-0.004366654417422312,-0.015845213233185308,-0.00020698735626577597,-0.014753342591559635,-0.020266034660649707,0.0073822042155687285,0.001327569070534701
2022-11-18,0.0037746009264972087,-0.007513650804188213,-0.009500158155141535,0.009760587903144052,0.005369168241204224,-0.0019051515879957516,-0.017242755125759037,-0.016402810087859467,0.028108221931504907,-0.008705499868677656
2022-11-21,-0.021918720655203183,-0.018006920831346168,-0.018961389029223223,-0.005919914499053777,-0.019738450848119867,0.0034349886341364442,-0.005988462738600914,-0.07082202204033466,-0.024466763761228624,-0.00995317539833742
2022-11-22,0.014554556354080839,0.007971580289157953,0.015053573679478391,0.014846018770958244,0.014279711776476994,0.012236314836998902,0.045997569870941814,0.012079065403443036,0.011343393419386531,0.02851622732315288
2022-11-23,0.005908975999231424,0.009929087433161624,0.014424052487455772,0.010607010656307205,0.00715291365479814,0.010353180092108862,0.029550434703381163,0.07530952893106566,0.012576146816391348,-0.005004570548614504
2022-11-25,-0.019788049518560936,-0.0076783312910851725,-0.01020841845793779,0.0019031467422861758,-0.007422157865550269,-0.00036352324283173447,-0.015188549718675285,-0.0018575995078746789,0.014822126323187497,-0.0035270210936491917
2022-11-28,-0.026615386819809926,0.0057642482872482335,-0.014573056907122428,-0.017632884301172873,-0.023889768679061906,-0.02342489619084047,-0.027605415610441254,0.00032805270562665304,-0.010000833244157193,-0.03049282762589076
2022-11-29,-0.02137508009395568,-0.016419307746887702,-0.008994061811185707,0.01631583844140211,0.00623182723937095,-0.005932301699358432,-0.011949674111700124,-0.011491515256992131,-0.008054699403438247,0.006625636674693841
2022-11-30,0.04745011715306074,0.0436140540859465,0.05914670163797849,0.01179305689058912,0.0759724137711016,0.059799265675414805,0.07916173704132011,0.07390252318127676,0.036740646116075255,0.007211274180790176
2022-12-01,0.0018897388769738243,-0.010831192229061232,0.0,-0.014138973959545418,0.019620075100329343,-0.0017651799911571075,0.012449552831796417,0.0,-0.020006640282702246,-0.004861719439199361
2022-12-02,-0.0033768930410644485,-0.014449471106160492,-0.00546096891766469,-0.00795898757268763,0.025008380345789793,0.0012948396471112792,-0.01523082608470409,0.0008214584254523483,0.0016799728153915827,-0.008519925214480506
2022-12-05,-0.008015375162106927,-0.03370736231877925,-0.009603979323091006,-0.028441423366571673,-0.008620752486940405,-0.019081521404682302,-0.01588740954579196,-0.06580520897353867,-0.0020910488944618014,-0.02778097638335049
2022-12-06,-0.025697424924721126,-0.030795718248338627,-0.025451854438398158,0.0016733081908308731,-0.07028867436592659,-0.020512626618827304,-0.03822899837700335,-0.01451975486845227,0.007967698564823097,-0.0281895685643513
2022-12-07,-0.013880763363217629,0.002376766277155038,-0.021259437689761126,-0.0006842054178920955,-0.0016665114708282293,-0.0030645807864895357,0.008284641913485562,-0.03267127201155782,0.006634374545093667,-0.002216501248467086
2022-12-08,0.012059887283493465,0.021140538059143867,-0.01304032183034831,0.010439675927951943,0.012213533715959487,0.012322965334120797,0.0630449499092996,-0.003453386948248274,0.009185576247626549,0.007401330060039247
2022-12-09,-0.0034409247734593453,-0.014043946522882085,-0.009435078603082316,-0.0054331330262081395,0.00493012103529443,-0.008035407269363897,-0.009833253174243349,0.03183338116095202,-0.016042432092666987,-0.008463279069032758
2022-12-12,0.016257277846358404,0.016255164405059676,0.005157453938653767,0.015392491794987168,-0.010320619769475438,0.0284799266653512,0.03092681334391028,-0.06477309340338366,0.012275852087421987,0.024329925288237693
2022-12-13,0.006759425071102279,0.021198289437405628,0.024559186835264694,-0.0009692450256162436,0.046333780980032185,0.017313860831343085,0.03016473405909321,-0.04179828130131225,-0.014095244880251219,0.01087482061192208
2022-12-14,-0.015657736189073884,-0.009887580246293281,-0.005873101504912815,-0.005009672270375977,0.011913726349668318,0.0011670234370529488,-0.022269036367687265,-0.02612261140486262,0.00026021137844750835,-0.007393332166254994
2022-12-15,-0.04798761735772567,-0.03477554111983318,-0.045293428425193585,-0.025123674906731223,-0.04577222854363027,-0.03243869839569363,-0.041709063499187723,0.005533102257132837,-0.020037358398479643,-0.009627071014396756
2022-12-16,-0.014686170493464074,-0.006692740608663019,-0.0066254666081558816,-0.00624551399223467,0.02784798644864658,-0.017500909964504683,-0.022731774007897526,-0.04833680500131505,-0.007571093685676532,-0.0070431801234641595
2022-12-19,-0.01603746170268407,-0.03403503022155705,-0.020370092734245497,0.005938147371411494,-0.04233032554125637,-0.01748007060247484,-0.019315054407614468,-0.0023992055582815475,-0.00019105269468620102,0.004478919287997493
2022-12-20,-0.0005288481505926257,0.003174469440173832,0.006536570276365964,0.004832172461855219,0.022542674617786848,0.005598992612134942,-0.01045184535480314,-0.08396483835074355,-0.006495183235381515,0.014349472276262017
2022-12-21,0.02353036375158287,0.018376816404560806,0.006271087768192478,0.011185294566704035,0.022546950454552506,0.010817924745325495,0.025533912197982976,-0.0016704490129968075,0.013991912936630704,0.012759045143978172
2022-12-22,-0.02405960908486392,-0.034947221566029855,-0.02052632206854628,-0.01141494522137932,-0.022290831202662367,-0.025860244923390733,-0.07302250740412389,-0.09302311928148893,-0.0008534519406369824,-0.020380122722943136
2022-12-23,-0.0028020013677656384,0.017274436611979943,0.01661146006442487,0.004734011353729841,0.007824597240992933,0.002264542453372814,-0.008708304275245946,-0.017706675474399133,0.007974490389374379,0.026101186860880254
2022-12-27,-0.01397569525714054,-0.026265685720911106,-0.020836470426407128,0.0034978362283864784,-0.009875719572876761,-0.0074418028043562925,-0.07402698747631224,-0.12113825810398889,0.0012790193193334093,0.013798605970648156
2022-12-28,-0.03116573319165592,-0.014800721671305868,-0.01580109130219596,0.0054504076531176815,-0.010838678144929203,-0.010308021439657748,-0.0060377725342723385,0.032553261278161744,-0.006676416380932357,-0.01656257698347993
2022-12-29,0.02793051195343957,0.028435658196292006,0.027857638875260556,0.00572121635413973,0.03934692506298886,0.027254980751720677,0.03960150075230873,0.07772640277207259,0.0027021858604149604,0.007537553264072476
2022-12-30,0.0024658991927502256,-0.002140568124387558,-0.002490258105926944,0.006584025216255928,0.0006651013955377752,-0.004949517459418985,0.000753067214088627,0.011102159833173808,0.0005658275168587675,0.010022760174658942
2023-01-03,-0.038122208044017586,0.021435277164066735,0.010036754483547862,0.007577306449145663,0.0359104733323359,-0.0010014308674486823,-0.02067209300737388,-0.13058999220665155,-0.022006274631866572,-0.03496516428776596
2023-01-04,0.010261390895614531,-0.007955122776173124,-0.011738303689410439,0.00928185827459491,0.020864632127749704,-0.04472868169764247,0.02986740864184949,0.04997884108534127,-0.02764221246002445,0.0029066519383396314
2023-01-05,-0.010661232825633058,-0.02401157339665977,-0.021575355417237797,-0.0002216568664265287,-0.0033816219767510963,-0.030086074679768447,-0.03336652599619657,-0.02946907696009933,-0.02924403751483439,0.02212712660164092
2023-01-06,0.03613319187879896,0.0349917378504728,0.013138303382321427,0.018954761918500183,0.02397371981350259,0.01171661942671327,0.040797007560047324,0.02435215499827936,8.155247918222841e-05,0.012014470577275166
2023-01-09,0.004080609871295098,0.014760401298199752,0.007755550891309892,-0.004140764305269184,-0.004239206277229138,0.009689199688873738,0.050458419858321,0.057654579278002493,0.00012241625703179347,-0.018813372904716734
2023-01-10,0.004446494131285633,0.028326693248784427,0.004534215411143719,0.008914054478050076,0.026824910922611758,0.007588260556853719,0.01782077300559451,-0.007711027963739906,-0.008319302825937956,0.0148245405593386
2023-01-11,0.020892479907962634,0.05645956080731301,0.034459430412419466,0.007404080367898175,-0.0007522711050151729,0.029789808424888733,0.005766107174651911,0.036109204525613114,0.015111869028915488,0.011559674051784525
2023-01-12,-0.0005995473806311007,0.0018911574433712077,-0.0042705709820569145,-0.001003147958359529,0.028340374862692048,0.011554746164955965,0.03137583291015903,0.00275546279838757,0.004590157090548924,0.01647506510793793
2023-01-13,0.010068433351979706,0.029476316899670684,0.0108050355153897,0.024921507175813762,0.0019725088069679464,0.003014273804463714,0.02322742388076256,-0.009432465746951967,-0.012382894874896728,-0.0006186443917710463
2023-01-17,0.00871820654365519,-0.021322326395198637,-0.009050857924395098,-0.015574123640437806,-0.011896910630819761,0.004670594908740294,0.04642352103039914,0.07163646233055776,-0.009213740876333101,-0.0019460580202433925
2023-01-18,-0.005384387677261811,-0.0061616190001011146,-0.0018637311468496863,-0.030503209725879624,-0.017438258200466402,-0.019069764515122403,-0.01853047931860029,-0.020825332244057446,-0.01839205029045226,-0.020757760081279133
2023-01-19,0.0004437088509752687,-0.018822579439957077,0.020959366860105307,-0.013415908171839533,0.02325761100462358,-0.01659085828206324,-0.03585413017759506,-0.012580752996881307,0.0169066254885251,0.00639853618025301
2023-01-20,0.019038324935764565,0.037400259951453026,0.052034463234572476,0.002445868925830784,0.023375060106707493,0.03511965406988621,0.062093815020015174,0.04797727392320426,0.004860584890538723,0.01807143397751632
2023-01-23,0.023228517664846918,0.0027724682514327437,0.017896723612854593,0.01608280228249979,0.027598970953052165,0.009776399903833825,0.07315884684687701,0.07457364612008015,-0.001871492862978472,-0.005218811884890885
2023-01-24,0.010012662973259024,-0.012381472357830799,-0.021166595138923418,0.008559247576234332,-0.0009080566461019887,-0.0022287561262435145,0.003744045639795326,0.0009734348560736818,0.011847942519332702,0.009268740966410133
2023-01-25,-0.004711812858329473,0.008888953725914,-0.025711434154953416,0.004827801479740066,-0.011523519156329858,-0.0059254190788871975,0.00300628774200712,0.0037457958683397114,0.0018291042152768827,-0.005285877628698774
2023-01-26,0.014694851630483993,0.020774687057825685,0.02386732812642138,0.006162638177495555,0.04017162218946818,0.030251379826274717,0.024486632859416366,0.1040650092615062,-4.0601588164523466e-05,0.03940417092442834
2023-01-27,0.013591328701844747,0.02998335055905419,0.018793010911064383,0.0024260289412104323,0.029697431100940818,0.0006448579163902751,0.028034825708589856,0.10436164069972145,-0.013142648556799912,-0.018426189693078663
2023-01-30,-0.020282118213673938,-0.016667823165641346,-0.0247582201046044,-0.00851697648409367,-0.03132790796498921,-0.022206226042734423,-0.06088837977721298,-0.06526572943550507,-0.0005348227990767453,-0.017891195813160152
2023-01-31,0.00898068997565371,0.025335155126435763,0.01941015650314689,0.005948077358637091,0.012904368337106972,0.020794892616889604,0.0193806447493832,0.03860663902242871,0.02721018648992554,0.021345050208263407
2023-02-01,0.007869578726586517,0.0193976149644124,0.015958759579815525,-0.0026470831142930734,0.02747679674756877,0.01973845461581581,0.06949449198205397,0.046197213190127824,-0.00439670570499276,-0.011007631992520878
2023-02-02,0.03639221214760668,0.07120315696615197,0.07025972955610994,-0.004667567383707267,0.20930733425238054,0.04581858997546557,0.035922439192919285,0.03711744228973266,-0.05409286037593516,-0.03178786585268114
2023-02-03,0.024106762577433542,-0.08808283393109906,-0.027857998267766318,0.015355978789132523,-0.011937200713684433,-0.02390393338007378,-0.028453835307554593,0.009041655543147504,0.002524227825957937,0.00690340408483079
2023-02-06,-0.018091360849730276,-0.011772272805910223,-0.018105082830587583,0.005865571934859854,-0.0025227341916573974,-0.006134716808732731,-0.0005215189668140954,0.024849222136681733,0.006798698323789674,-0.001699041527198394
2023-02-07,0.019061729546484874,-0.0006852973444615529,0.04503463240070626,0.012115993670769747,0.02944494452470768,0.04116306835867009,0.05012382720525256,0.010470780820742525,0.0034447863673720785,0.028151034487633137
2023-02-08,-0.01781018968010773,-0.020380578012770365,-0.07994197683682036,-0.007055812039934283,-0.04368116786460422,-0.0031069770610194685,0.0014420683991053856,0.02250783702828191,0.01320708349978971,-0.008739690242006388
2023-02-09,-0.006935590108549267,-0.018256648878253772,-0.04486817781140141,-0.01568586740611065,-0.030499122211192206,-0.011728408109095145,0.005927214751462862,0.029516907690852447,0.005180889454090726,0.0037673510144362377
2023-02-10,0.002453068054180682,-0.006433489213979958,-0.004641865298456771,0.004405417733575744,-0.021417109806921172,-0.001974162773800114,-0.04918207894529236,-0.05161833459581209,0.017388633404316924,0.041287029119550143
2023-02-13,0.01863229645759012,0.019579629188155288,0.00042289404262188117,0.010789817603332492,0.029868267172391914,0.030764967309702556,0.024296680239562968,-0.011493498714308886,0.002223059552612347,-0.003897028597066078
2023-02-14,-0.004234204569195809,0.0016060637303953276,0.0007395735436087722,0.004409010343790727,0.00027868357744677063,0.0031276094058928358,0.05287322841765278,0.07237801403011461,-0.005100237579304883,-0.011783920739113864
2023-02-15,0.013807869056052746,0.014537811644538115,0.023589355419023197,0.004181253092265995,-0.013010331688171823,-0.008025106572742635,-0.0090520422964336,0.023567198213512965,-0.003211192699552667,-0.0030111212408050385
2023-02-16,-0.010484187599764256,-0.03020652173405669,-0.014861151945772602,-0.013864713531092513,-0.027004177883435097,-0.026983316719663107,-0.034046915624491046,-0.058631243213632354,-0.00797050601301571,-0.0029334713657234376
2023-02-17,-0.007575281372056692,-0.009726256199159738,-0.01221966809593153,0.0029568768530962466,0.0025484675701235296,-0.015724717208170303,-0.028303592421158964,0.030561678706295534,0.0237837880830033,-0.03921048666475819
2023-02-21,-0.027042505128431808,-0.027324623494127318,-0.02750806807295157,-0.018519482482537226,-0.004638280760938939,-0.021107739006696026,-0.034872406199439356,-0.05394722804913025,-0.01569091127128486,-0.0009888129116379534
2023-02-22,0.002892090037213716,0.012712248376870527,-0.0015263182455977973,-0.007692627137079759,-0.005594341146981028,-0.00460169031593641,0.004781445451591391,0.017528035977254008,-0.0049378263338090925,-0.013037837674886331
2023-02-23,0.003285080222810374,0.0003131233176392935,-0.008326975324713716,0.007978903842820937,0.005361830098639522,0.012878565186331728,0.1312158633475144,0.006006057267467943,0.005710876883536849,0.00916220321025005
2023-02-24,-0.018169279439095274,-0.024509991975448668,-0.01955416611386196,0.008980773684961104,-0.00963689377308454,-0.02202523214446142,-0.016102545472470062,-0.02601977738759486,-0.015082049740236135,9.041438177108486e-05
2023-02-27,0.008213716458239373,0.002776912318089041,0.008268395220809278,0.008690029628681796,-0.005001341269527423,0.0037646331489442236,0.009190732627623937,0.05316324215501689,-0.0020873722817470915,-0.0018074571175076919
2023-02-28,-0.0034537944977956502,0.005000289230826088,0.002111950729947212,0.008336199101765427,0.031354378426752115,-0.002962470280062052,-0.01220153983666779,-0.009290230436857878,-0.015387193700255907,-0.005805930200790335
2023-03-01,-0.014348280470262669,-0.022103959704043146,0.0033254921686223416,-0.005596613975094454,-0.008726787525695105,-0.0127096135853012,-0.022564711331716173,-0.014395089751065829,-0.0015139725867944983,0.008876720002741095
2023-03-02,0.004120559148917289,-0.00043408483069996514,0.017986990704568193,-0.010436711514802932,0.006380275275601415,0.019462557867251203,0.026777357008264054,-0.060322654091468045,0.005205021543203364,0.004588575988670281
2023-03-03,0.03448847624057728,0.02962312838587694,0.017775772599666593,0.018193436717803307,0.059609690985831826,0.01650889334380774,0.024405891703987895,0.03545612908951283,0.001798645518400851,0.012577545077104695
2023-03-06,0.01836981865193344,-0.012192056844170188,0.01567990361780373,-0.005864155689628664,-0.001891215256397819,0.006169918082439389,-0.014164367098331193,-0.02032754273314496,0.004628258077681159,0.008825562371760217
2023-03-07,-0.014602652054599515,-0.002135579508745822,-0.013439955985480517,-0.02984904302817558,-0.002111430539712685,-0.01064537095231942,-0.011187680191427355,-0.03198003067013721,-0.014455692430664422,-0.019519711396935167
2023-03-08,0.008342346620361601,0.003947251242114423,0.004146451375366137,-0.005933006757296775,0.0024899764783850647,-0.0017720117112415333,0.03762911297482115,-0.03089156736881823,-0.006945600983990011,-0.014712114766284774
2023-03-09,-0.015027104638109764,-0.017941053663252087,-0.020690062039585858,-0.05565694583470271,-0.017891726011051077,-0.005454435797850024,-0.031293833255164105,-0.05117763786639216,-0.012164644992604858,-0.007758799151461592
2023-03-10,-0.013975850204486823,-0.016614182739941783,-0.018475625892931172,0.025078071782059657,-0.012070954404790099,-0.014893102041558564,-0.020302146263839346,0.0030026831172517087,-0.006344835977026476,-0.012447589495436324
2023-03-13,0.013178654520524106,0.01856350439768763,0.005282403990403771,-0.018120624209395177,0.007713386736598656,0.021214331929440815,4.344250746845743e-05,0.005978365078895034,0.007251083282981587,-0.011571738784660777
2023-03-14,0.01399083563296256,0.026161301723076753,0.030908088424715992,0.025352211766743384,0.07001691037323056,0.026696102420239332,0.046660672582502075,0.04909578215581386,0.0019391973719812272,0.0037474952325863395
2023-03-15,0.0026179469556217865,0.013816419647146834,0.02251764666292538,-0.04839663225167599,0.01904249173828506,0.017673395226769563,0.006833646267115265,-0.015452165385496644,0.0018279360949059902,-0.0510274958126925
2023-03-16,0.01852151646574669,0.03914078921242492,0.04287178354497683,0.019227649066504465,0.03566467500677482,0.039736232649788594,0.05277596682611507,0.020188342220549882,0.01405958039272823,-0.0058230099608655985
2023-03-17,-0.005468732632490654,-0.010955473953869753,0.012875292618155502,-0.03851424359869344,-0.0465454647590431,0.011626724939797163,0.007178168839457981,-0.021963216854791676,-0.005353155316821648,-0.011848599075179642
2023-03-20,0.015365059023287117,-0.012610742620752338,-0.003944077440093201,0.010515959142422123,0.011184084731138843,-0.026104346206003937,0.006779869713142301,0.01717250122413543,0.015764312479916734,0.025806054423495223
2023-03-21,0.011873376872675902,0.029247763784060337,0.03590187437307716,0.026467474887919628,0.021752494017459347,0.005677087931054007,0.011478190178556117,0.07529223411697607,0.006561846771955071,0.043827654529754054
2023-03-22,-0.009145256238902586,-0.019166746850565873,-0.014883299697248144,-0.026152819147187742,-0.01169263041712588,-0.005456876613544738,0.010215163975040102,-0.0330851466718186,-0.009585599128160215,-0.02315470634079071
2023-03-23,0.006945473070776844,0.00010133363497333344,0.021343546732377434,-0.002677017762330835,0.022124628552109858,0.019529681175976907,0.026949647127753527,0.0055821275337720674,-0.011867483353116569,-0.011346152087066344
2023-03-24,0.008271078977824491,-0.005893146925693497,-0.0015162862499194442,-0.015333058943903861,0.008433236270069732,0.010425947253735926,-0.01526794037207523,-0.009460894526444498,0.01285537329701501,0.001159612978428485
2023-03-27,-0.01236937130163558,-0.0009175342309671865,-0.028669628236939068,0.028257784762016194,-0.015507171783192766,-0.015046540608454948,-0.009304122926486295,0.007325624786097459,0.012339945972422928,0.02168911879456552
2023-03-28,-0.003988267763659261,-0.0081934405189327,-0.014055009948272367,0.003030543042629963,-0.01070593039593532,-0.004169518854803121,-0.004571209606205829,-0.013753472002494866,-0.019529593476737248,0.01239932448932988
2023-03-29,0.019597301565082235,0.03048493870739539,0.0035568744003833946,0.0020153570850811034,0.023004323563144292,0.01900223597484822,0.021501291824159264,0.0244876221590413,-0.01275613325293517,0.017031208540394475
2023-03-30,0.009841544028277653,0.017305747097592427,-0.00494365435009403,-0.0030244965657554614,0.012052555948062213,0.012540870079524135,0.01467845475524041,0.0071949836717746535,0.007409407378461822,0.0048520373139212215
2023-03-31,0.015522920112704435,0.012567761597929928,0.02776080249817293,0.012043675491539391,0.01953476888005791,0.014851190246247436,0.014285783001503398,0.060504162532241994,0.005367806644203254,0.0015516711602179486
2023-04-03,0.007672258006007616,-0.008556175035560798,0.006055047288657042,-0.0011516225734302043,0.005317533028727755,-0.0037182493061383524,0.006745571433083003,-0.06311918518816903,0.044691928566366584,0.05732566599657159
2023-04-04,-0.003254979363240633,0.014925585099441625,0.0034436471906859646,-0.013458391763171934,0.007714025993796758,-0.00017408752482299435,-0.018478426242549417,-0.011307735857578558,-0.0019038872682546582,-0.009604362133763913
2023-04-05,-0.01135462801920778,-0.027799874012424952,-0.0023900994972772226,0.0014898200495849488,-0.015204479364885356,-0.009938407561699029,-0.02105575700463894,-0.03734894534323148,0.031883647059677375,0.01698248291055947
2023-04-06,0.005481215360204655,0.009450740780884159,0.037112557747845776,-0.0010975706151265894,0.02161086138798657,0.02521208547354614,0.0057865486709631625,-0.002482632348555218,0.007005698325809395,-0.01672165105662322
2023-04-10,-0.0161014299923792,0.001077222967143844,-0.01843108750409002,0.0032894252772427664,-0.006266744109431831,-0.007607732677770654,0.019848368623545453,-0.0029764508462149673,0.0046107383772597274,-0.004442677947435657
2023-04-11,-0.00762014403037758,-0.022268227189570028,-0.01029339488001983,0.0049142576175672395,-0.0041995141917177915,-0.022929096883846704,-0.014977930338057093,0.012281322445656457,0.011176124027665817,0.007046892721031539
2023-04-12,-0.004362691242246039,-0.0211385503060785,-0.006762386431840015,-0.0001557399613210341,0.0007011209155178416,0.0023307389547919596,-0.025120539735414026,-0.03403263254550459,0.000422176947893152,-0.0010407245633121116
2023-04-13,0.033534945505643496,0.04565543032053191,0.026313751762663158,0.0038058967028792167,0.029241109576448744,0.022152324349738232,-0.001208659198568717,0.029256539212836878,0.009623832496882916,0.004675122077672044
2023-04-14,-0.0021163467944031455,0.0010736481279812137,0.013315053818438487,0.07279504022313413,0.005160342854595941,-0.012847973466843977,0.011086087186755456,-0.004853036816821088,-0.02782398055237491,0.002415711851987928
2023-04-17,0.0001209744578443929,0.0022411286119839928,-0.02699847934980868,0.007897435019428575,-0.01194523626929444,0.009253159842981166,0.009077348313001716,0.010966636750077955,-0.012663212103583588,-0.011701134117623163
2023-04-18,0.007477190023295716,-0.004291801457498827,-0.013969084083575356,0.011165344224970468,-0.004441940344141873,-0.001489972094848835,0.024329525271505083,-0.014703352511066695,-0.0017229771013840848,0.01934086593597381
2023-04-19,0.006943760606887839,0.01936168847711433,-0.0030668704399129435,-0.0012735928789226727,-0.010101762987945297,0.00027746312474904994,0.009496704182119758,-0.020389861131667686,-0.03690812970436789,-0.003168833653938899
2023-04-20,-0.005863377956703929,-0.0047091095790211925,0.010598336838260551,-0.002907833904440673,-0.012267783460929197,-0.008145366346428163,-0.030055839539154097,-0.10254036525166675,0.0025880867958006813,-0.008010066934672898
2023-04-21,-0.009829286119832857,0.02989264254702952,0.001139104443493387,-0.00191924676905587,-0.0008451649575642064,-0.0012242443934089354,0.0005531145154299348,0.012741333042302827,-0.007495315344338507,0.003194424157202167
2023-04-24,0.0018768348919710263,-0.007036666520682404,0.005298513241734282,0.0013510081663084385,-0.0004698690336483838,-0.014060981889135486,-0.0028431990465547876,-0.015444550452118741,0.010526817441424755,0.018701790976932343
2023-04-25,-0.009480336239533087,-0.03487276836944828,-0.020208607010378157,-0.021983392665735936,-0.024933546765446134,-0.02279383342085255,-0.03006815443974708,-0.011633104865311444,0.0060764750078566,-0.014315211201951878
2023-04-26,-6.130847037094818e-05,0.023224398457013323,-0.0013490229640888295,-0.01788274328682237,0.008874084926309865,0.06993135882733545,0.026882738359965658,-0.04402465397224694,-0.0184029437138429,-0.009225451543374053
2023-04-27,0.027999904034095795,0.04507277127081395,0.0367291323210482,0.013368963486434548,0.13037448665114107,0.031525479512117496,0.009966710022842353,0.041032719267455574,0.015450971482935425,0.011882490052838288
2023-04-28,0.007512584509424554,-0.040605781087400955,-0.0023261972425997935,0.008645485797931908,0.007350499946333426,0.007940249451061593,0.01902718379402133,0.025394246651119615,0.0032973910119287147,0.012841710422634578
2023-05-01,-0.0005304906176057613,-0.03277395882406449,-0.0013051327343541952,0.021186200335712124,0.011830584425266646,-0.005548412313009075,0.04098782232711536,-0.015208459761728233,0.007309390141184105,-0.03150327189840072
2023-05-02,-0.0062106763969790365,0.01536391753200235,-0.01769287400412096,-0.016279478070284174,-0.016334673490399458,-0.0004910108275270363,-0.02451102281202191,-0.009436987371174365,-0.0046710746896402484,-0.04066948121823383
2023-05-03,-0.006488188323926498,0.00019301691085338006,0.0008541883927596835,-0.021390318312988925,-0.009280532815940126,-0.00331249313942121,-0.014568392534367348,0.001869644402715088,-0.008038022156419498,-0.01990626098617657
2023-05-04,-0.009963010283948527,0.0033710455381283566,-0.006853877631751749,-0.013772853231591674,-0.01491886374014409,0.0033124931394212503,-0.008670052624414117,0.0036667412660127767,-0.0044229678460486,-0.017666368589983758
2023-05-05,0.04585892572817334,0.015835527254169667,0.008370595027846199,0.019346500206488836,-0.0031740259028949606,0.017011783290107607,0.03976201600605823,0.05350549046047228,0.014263170154547677,0.024591370007532677
2023-05-08,-0.0004032119871086381,0.0016076240119395433,0.02062501875815951,0.0024103083604482124,0.0021028391773609476,-0.006458672114638495,0.01628913414490283,0.01012145995502574,-0.003363912107557807,0.003948795076912484
2023-05-09,-0.01002137497185419,0.007437086747609261,-0.0039048462543003993,-0.0048266809708740095,0.00042855962599081915,-0.005360479968053455,-0.020096973902067567,-0.015486902413259212,-0.004557596428984385,0.00027488005743649076
2023-05-10,0.010367186497306448,0.03293503350092615,0.04016972046131277,0.0005131795633335119,-0.0012434349203752763,0.017148493569813395,0.010930255012379087,-0.003612788634512576,-0.0006321800989341591,-0.012910541597323789
2023-05-11,0.0010940586272517004,0.017898556144584802,0.04222770241822194,-0.0031556519729540006,0.011559802943449264,-0.0070690427572709215,-0.010685381756475256,0.020786425091438347,-0.0026768614422752316,-0.018264890226588473
2023-05-12,-0.005432449746054493,-0.017263494264582374,0.008031500838386472,-0.014436830789593902,-0.008432779204176658,-0.0036828408409731303,-0.008362887016964736,-0.024114596337054404,0.005040889284943763,-9.457327155695964e-05
2023-05-15,-0.002901134041963382,0.008489121836596263,-0.008546332475214037,0.008391175597937596,0.0213688662321456,0.001584458486838043,0.021399626423921625,-0.009750860107846383,-0.008935779427198767,0.001905420941026214
2023-05-16,0.0,0.01959105037675755,0.0254228862069947,-0.006751772081605474,-0.00016756507364383875,0.007340872043937326,0.008940005379664304,0.0010214088288270423,-0.01477411637278653,-0.024568962051430446
2023-05-17,0.003596478168509246,0.018349125212474244,0.011067335804229866,0.03028408286223873,0.015250382040199788,0.009407153018487272,0.03249930394872191,0.04313493317739194,0.010554396444685409,0.022186597933015056
2023-05-18,0.013573508809049851,0.022684486585828632,0.016334009182996413,0.007555410659166069,0.017820480944227786,0.014292196834435946,0.04850927017399406,0.01727768584344739,-0.011576245350698589,0.009022292621373244
2023-05-19,0.0006281686149566853,-0.01621197208021114,-0.0005700935480755653,-0.002296634978442579,-0.004913924185361199,-0.0005651845218865928,-0.013155109433878407,0.018206255962432197,-0.0008558861449754044,0.00462221294251828
2023-05-22,-0.0054958005365820396,-0.01072394478867387,0.018482567808389503,-0.008297162779479221,0.01085121633204441,0.00888151793922452,-0.002818715447940759,0.0473245988875953,0.003752018559990039,-0.012214438260754076
2023-05-23,-0.015271001766897408,-0.00017395019575110725,-0.02011309199737578,-0.010487263884064022,-0.006383055767186168,-0.018603854886352012,-0.015776765199043367,-0.016549549453013485,-0.002457972296040553,0.013531053937713526
2023-05-24,0.0016308072837419331,0.015189747065965913,-0.013636875595703877,-0.00919344127390932,0.009960715061501658,-0.0044827365558096025,-0.0049000027241720276,-0.015569850375932186,0.0028949332679264975,0.01112206652207901
2023-05-25,0.006669939422468498,-0.01510276818575663,0.02111540860323557,0.0024350902975504686,0.013867591263833034,0.037736910541923956,0.21808798563642762,0.008547333224801432,-0.006530792170102551,-0.018101231812990372
2023-05-26,0.01400639745233072,0.04347586628475364,0.00910974883249533,0.009317766717196602,0.036333696153170975,0.021160267054735216,0.0251162069026237,0.04608376548838008,0.007964675952524987,-0.006551888646802272
2023-05-30,0.010603110621600069,0.012822304345733589,-0.0075721456814246526,0.003789961369214835,0.0018301385364713214,-0.005059698265854458,0.0294745951343505,0.040530008769500823,-0.0034741729691735988,-0.008899223948099179
2023-05-31,-0.0002820042675434146,-0.008916850747084985,-0.006489905490859323,-0.012812669487260148,0.008345271440192915,-0.008550513580565595,-0.058442574498483155,0.013676132280176065,0.015283246755168262,-0.018039371812354578
2023-06-01,0.015895470497541794,0.017999210602823053,0.006894063400698408,0.01368546928787408,0.0293695522894276,0.012678472042350893,0.049904925537760186,0.017450979367424225,0.01302957402945351,0.011482147795553755
2023-06-02,0.004763960040528661,0.011983006127262639,0.007649238412503785,0.0207881153658612,0.0,0.0084434302225094,-0.011201843066452461,0.030608082827557156,0.01198148622416867,0.022954417420343355
2023-06-05,-0.007599957802882706,0.008415221280893264,0.010691098712882976,-0.009872734619800684,-0.0044851935476260835,0.0016086565084917034,-0.003974460767494231,0.016868648629117366,-0.0027862610643024787,-0.004454094733556818
2023-06-06,-0.0020623092546554096,0.010400614095251953,0.010263729728818706,0.0017959047034895217,-0.0009954480442815028,-0.006750129945992059,-0.013286222636539335,0.0168599499197107,-0.021547681017554252,0.008134868006818173
2023-06-07,-0.007786619256139284,-0.043421904903774046,-0.03851402449273325,0.00964200666549839,-0.028128692552617105,-0.03135434512197938,-0.030872999019639174,0.01462307267215497,-0.011220060062266482,0.022173472772222133
2023-06-08,0.015346682737571364,0.02460606952762862,-0.002943090326933268,0.00028400712902997027,0.0037108493087674786,0.0057967697996886836,0.027244053739862623,0.04480209933086133,0.016660942063009783,-0.0031377625668309326
2023-06-09,0.0021575258409245886,-0.006621468748440394,0.0007367267085134526,0.0019876568214545476,0.0013976265417625945,0.004692785965441829,0.0067287126184588635,0.03981660778824774,0.006891259713221535,-0.007421925711792128
2023-06-12,0.015517727560482268,0.025121316164936732,0.01146946566565349,-7.08823426154567e-05,0.022762085115664986,0.015365622217252697,0.018198253263206197,0.021974491562613167,-0.002088819977787987,-0.009073628654531575
2023-06-13,-0.0026152303770336895,0.0007108476079609743,0.001535677074030441,0.007208171240201235,0.0009955914402306426,0.007325647736255318,0.03826355403205752,0.03492701634188564,-0.0026017853249244915,0.00018804706208509577
2023-06-14,0.003485428129906925,-0.0018966774409432219,-0.0012929793925750895,-0.00373897564962402,0.007454203629783599,0.009082417323024923,0.04702185735793525,-0.007449046704933148,-0.06615327663741297,-0.01209853280872512
2023-06-15,0.011136398324989206,0.005443175548084132,0.011416727555511472,0.011244754514673572,0.03055072545751968,0.0313985694567483,-0.008032715808051791,-0.0034719442089692484,0.01712400357324582,0.006917854269766353
2023-06-16,-0.005876833031713128,-0.012826801009232924,-0.012549488700988787,0.0011873097506925722,-0.0029491990779341366,-0.01671469301397524,0.0009137819400342302,0.01796971375181672,-0.016010974953773148,-0.007203171583736983
2023-06-20,0.000486269464176723,0.002308282311188502,-0.003487034152571114,-0.005108624268933088,0.011780697134004639,-0.012581434409969708,0.025804999097516605,0.05201270640767318,0.0234954744593812,-0.023190869902041066
2023-06-21,-0.005691330598511162,-0.007581513078945846,-0.020932306154944933,-0.0014743798537420279,-0.009505593198504596,-0.013371098972137407,-0.017570281880596634,-0.05616662426467672,0.01555834975398359,0.011133433416730785
2023-06-22,0.016390188292662502,0.04173475821321792,0.02133846013401841,-0.019440197365289017,0.011438257762687329,0.018269453546889358,-0.00046476584227764234,0.019654473293680905,0.004812647556367577,-0.005502928104222313
2023-06-23,-0.0017128962537203741,-0.006320292959406817,-0.00659931107136844,-0.005243902063008072,0.01342389349732827,-0.01390193002749468,-0.019147908753609368,-0.03073851253541729,-0.004288629026063905,-0.008750655228057952
2023-06-26,-0.007581516889194656,-0.01558513561942593,-0.03324197085949049,0.002445828933258712,-0.03618155112093852,-0.019348745277158064,-0.038077504641863213,-0.06251408245574486,0.004309407748273958,0.018288823063015353
2023-06-27,0.014946714171706309,0.014424567940817595,-8.455790530392302e-05,7.180405207847993e-05,0.030345759761123,0.018004896968383324,0.030156744960568072,0.03729619858071868,0.007279487822904573,0.0024899737116580666
2023-06-28,0.006307862618061928,-0.0010843421189455317,0.015513227068047997,-0.004391759714125263,-0.006149926530068144,0.0038184545099970144,-0.018291170449740705,0.023813875097039847,-0.016948971967375784,0.008097313021044572
2023-06-29,0.0017949390068603848,-0.008873661272556729,-0.009027171066770522,0.03432713199761463,-0.013267286621958557,-0.0023850929240125094,-0.007200405135592847,0.004905252914132209,0.004185531247728232,0.012258341464357985
2023-06-30,0.022839813150148887,0.01905113813636069,0.005025137822391243,0.01391673203857073,0.019173622959623188,0.016252992560332555,0.03561323382678498,0.016446493545468958,0.008776690745858115,0.005141530024220782
2023-07-03,-0.007815150830529584,-0.0010745214685311468,0.0016695783969426568,0.008012220103859,-0.00335095623920853,-0.007516283550545025,0.0026202455054229424,0.06668035183063045,-0.00575880744926457,0.001955950083768749
2023-07-05,-0.00588866724622629,0.0012279637641415527,0.015311639635507707,-0.006683822320243193,0.02877585307300513,0.00047321063667357254,-0.002265671371210876,0.009461225032650612,-0.014034594068480266,-0.005130984123463482
2023-07-06,0.0025056634426495485,-0.015614479950363446,-0.013561788665828892,-0.009935809422702578,-0.008117930280929078,0.009184365936417969,-0.005069922487223224,-0.02125228365266279,-0.003955148574600385,-0.03803561532964307
2023-07-07,-0.005908762580189349,0.011001878790426247,-0.005258830142539389,0.007859439910191056,-0.0050127336174379325,-0.011938427880733113,0.009455509032978059,-0.007659314226953743,-0.016714669714211417,0.0023293329635223803
2023-07-10,-0.010915323257915244,-0.020630536429565062,-0.025687290528229448,0.005596198501780305,0.01221306581055421,-0.01611292925905904,-0.0076283168174164605,-0.01771977662648564,0.0031798025515633187,0.014722348144271506
2023-07-11,-0.0028138333681077656,0.01289534927354112,0.0059080169332361146,0.01551792806404527,0.014146350409208095,0.001927144221584252,0.005319949368574128,0.0006674942605875906,-0.00034555095094764314,0.012152359736604983
2023-07-12,0.008945358879601854,0.015563949723523061,0.015165299790442125,0.004939423804872085,0.036374588492915194,0.0141264944310349,0.034693551196096774,0.008121354742896705,-0.024471247337944133,0.004895024588085956
2023-07-13,0.0040491668406373365,0.026406663898050423,0.046091798120425215,0.0048483589139122025,0.013071362953751076,0.016062402291085163,0.04618163345208694,0.021496049775542363,-0.008783233462543342,-0.018481198382451384
2023-07-14,0.0007871302626381235,0.0028254136578632553,0.007041120496307616,0.00602730625702631,-0.014591594149530889,0.0075012784708914215,-0.011110643970487746,0.012444771516691934,0.06990513882934186,-0.03504353705118869
2023-07-17,0.017157553265668972,-0.008350743114511814,-0.006158148615119973,0.02381784440707082,0.005649742649661763,0.0014180984642134557,0.021582704142603777,0.03148434056863512,0.008109981271689505,0.004349396001138679
2023-07-18,-0.0013413510977440906,-0.005480667866621604,-0.007165741418189313,0.0018238560648840272,0.004593098346537826,0.039028269113757875,0.02198987119201419,0.010141906463636843,0.03235790381585577,-0.004547439648098772
2023-07-19,0.007046889140828726,0.01886777143765127,-0.014077192904174462,0.003832006040128844,0.012610555065440742,-0.012343184567370349,-0.008818706517872926,-0.00711596075110357,0.007372676941947921,0.00691219752327784
2023-07-20,-0.01014863192500154,-0.04071113790508541,-0.023464255807552615,0.012242664025167618,-0.043626635827269715,-0.02339305397142033,-0.033632799435835144,-0.1024426640636013,0.0010716623438596395,0.01746125746853928
2023-07-21,-0.006180743692761794,0.000307687993656272,0.006855681173623545,-0.007714658205949629,-0.027683503732242275,-0.008977166640677357,-0.02696413228453014,-0.011015199637560409,0.004531153848420234,0.004631092015922793
2023-07-24,0.004211249239465601,-0.009273613091557636,0.012502740363645988,0.019492588806903625,-0.009046617024424984,0.0038902700965716148,0.006815219969983984,0.03417588510139735,0.004235581580863073,0.015567645015990417
2023-07-25,0.00450329881903357,0.002558849307688174,0.00557975702871191,-0.007496441140888464,0.009759977545768803,0.016866112061607028,0.023635724559777204,-0.014148526638195701,0.00441344882321969,0.001515242563349741
2023-07-26,0.004534819604112413,-0.007618281489535843,0.056162422486998605,0.005976411391261888,0.013827251645056611,-0.03836406417231242,-0.004981934973502067,-0.003511861575139069,-0.005751254037695594,-0.0055986898038341325
2023-07-27,-0.006602700734787835,0.0007800788687019062,0.001005165707538652,-0.011090932128041709,0.04306872389131383,-0.021093034194239253,0.009808529954686502,-0.03322998965193553,-0.005467568124181908,0.0031352933964545826
2023-07-28,0.013417487449203552,0.030410134252966122,0.024277764710514065,0.005688207166750007,0.043227801994930495,0.022867597861783058,0.018348960014530166,0.041105070589749985,-0.004602539362559284,-0.012024149093823832
2023-07-31,0.003160886775279369,0.0110572111941032,0.0010553628937119152,0.006669662807130841,-0.021364588391640692,-0.0072665702708672114,-0.00044919080786686073,0.0037087357528333273,0.006856382542629852,0.0291411256052962
2023-08-01,-0.004284974274262279,-0.014998135236778893,-0.00885461726124522,-0.0049503681712742215,0.012817775439490312,0.0012493821747546496,-0.004762215166417641,-0.02406922380883306,-0.0032242147573540267,-0.005798115390369672
2023-08-02,-0.01561125132378966,-0.026781097330387048,-0.024392373399629713,-0.011389244687589313,-0.026374315378634414,-0.02663453679401004,-0.0493180477084628,-0.027021352113566002,0.00011877067801678936,-0.012552718535331754
2023-08-03,-0.007348549745672455,0.005444917932495522,0.0005450238983708078,0.006094662406451961,-0.0035697560643829463,-0.002568190734938441,0.0055414635302347805,0.020295602012260543,0.00011888502050218793,0.01723131227498162
2023-08-04,-0.049211355338161684,0.07945180513430172,-0.002650466499021685,-0.0021129195214692493,-0.007885709912579435,0.003422886018609813,0.0036997922603069023,-0.021279912186420162,-0.0042278397371199915,0.002796575408684082
2023-08-07,-0.017404273476258825,0.018808843040995626,0.026345794366806216,0.004731741553588431,0.018588386946355808,0.007083406161475118,0.016360553273123468,-0.009538785882980292,0.01580742929024305,-0.0020500621750369342
2023-08-08,0.0052976181044985015,-0.016161386274731373,-0.0009888800694880888,-0.00562935542230933,-0.012460194279438825,-0.012375570764563599,-0.016718706717894348,-0.00698396541730477,-0.009600699181700801,0.00493200581705052
2023-08-09,-0.00899453413604725,-0.01504759501753799,-0.01333065941061315,-0.013498522999877473,-0.024052619186722666,-0.011785029876940328,-0.048394004021490446,-0.030537632908455258,-0.007440778774834897,0.016843993973986466
2023-08-10,-0.0012356095671760398,0.005137245447970533,0.00023160883780874985,-0.0014968157282271896,0.001735118537380113,0.002170062274370179,-0.00390843767768365,0.012922436522360333,0.002724852325078834,0.005098411070459833
2023-08-11,0.00033744400483924533,-0.0010831058272496987,-0.001002798156676848,0.0057790689699125436,-0.013500786151237228,-0.005963468902909456,-0.03683614393128151,-0.011024937980288016,0.008957169977134383,0.015409323554294389
2023-08-14,0.00934945849079737,0.015485316080358403,0.013568888377646249,0.00206971266808239,0.01497161953801437,0.009394876299516172,0.06853077256362168,-0.011981650600334395,0.005731404141841414,0.0008042347749500164
2023-08-15,-0.01126349683967803,-0.020846133672850414,-0.011872534323920433,-0.02578672727768096,-0.013944498675133527,-0.006750579765868961,0.0042650931811637725,-0.028771606269163794,-0.008333181618334011,-0.026008554914407758
2023-08-16,-0.004971642657361057,-0.019066286976507706,-0.00835662130046851,-0.004252082397648125,-0.025695780109140077,-0.002431292723245739,-0.010386197194487815,-0.03210324714965498,-0.006196595545011244,-0.01697006167039906
2023-08-17,-0.014662168500535271,-0.008102713606702033,0.009434859972120398,-0.010441210643113206,-0.03176061713612136,-0.011047079468019977,-0.0032706678001007032,-0.02868774932252366,-0.019248362133655307,0.019186571887044184
2023-08-18,0.002812361907407764,-0.005688597043229265,-0.019116219092787157,0.0022850432565919795,-0.006475208535529595,-0.001262972582810767,-0.00103860904906255,-0.017161267109647337,0.009028842060574282,0.015015894711564337
2023-08-21,0.007707123902623461,0.010899633762398327,0.007113938709017725,0.0034175863585676094,0.023206320213649156,0.01691874186092339,0.08131554621750921,0.07071456218373605,-0.0015260856333978914,-0.01216030193250281
2023-08-22,0.00787366461429895,-0.003197806521519639,0.005515876791868113,-0.020956388389409747,-0.007965588719595339,0.0018003454604762212,-0.028047397726088594,0.00822448994977978,-0.010787824878287361,-0.005627115123669445
2023-08-23,0.021711561030839616,0.009415529041193322,0.02516856372899055,0.006740133397801751,0.022825298309380383,0.013980904722286865,0.03121501835863597,0.015615669490355368,-0.005907451175913555,-0.008826858245496118
2023-08-24,-0.02651898402637454,-0.027530224045928062,-0.01976039880874087,-0.0009505465361968336,-0.025785024837937244,-0.021733138447594384,0.0009968937392223092,-0.02921607421029239,-0.0027417444150745485,-0.007494189082587806
2023-08-25,0.012563778576511751,0.010713027528748599,0.0007704753483415861,-0.0012229853618460843,-0.004368895192726911,0.009363465710741366,-0.024577038837426245,0.036493404628287436,0.002087672485993537,0.017707768667093903
2023-08-28,0.008807261035464323,-0.0009008643247144191,0.00866261574624867,0.003462021155678304,0.016535269726440528,0.002226815003085639,0.01759814302303782,0.0009635784854130897,0.004406342894801251,0.008371385245768755
2023-08-29,0.021575730269155463,0.013206715007284348,0.026810789924668708,0.008099349101955401,0.026282681905560473,0.014445658477335995,0.0407717388147592,0.07406603958973092,0.003150045159729286,0.005936910755280452
2023-08-30,0.01899099291211537,0.00118530020246871,0.009687794573767484,-0.004041364626405048,-0.009745632239313682,0.0011562527584438413,0.009790852836008048,-0.001089320005828064,-0.0026413230053366817,0.009696886796781806
2023-08-31,0.0011715616388422935,0.021532889699268778,0.0021318037663736913,-0.012428518584153374,0.002673651162906296,-0.0031374534325787017,0.0018456634621324965,0.004582681990043304,-0.030887306718908335,0.0027918875870238395
2023-09-01,0.008427819771546248,0.0007967306725371615,-0.0037522824682299015,0.00334303757054824,0.001654490196526088,0.0027420037727182204,-0.017289602494790106,-0.05197055872941742,-0.0007137337625618631,0.02073852034114571
2023-09-05,0.0012660271822694097,-0.006173016781758742,0.0008105675947951585,-0.011095178643877351,0.012640041417120437,0.014768888191006031,0.000803672046156571,0.04579063580383254,0.00955037262435687,8.8204335532478e-05
2023-09-06,-0.03644973816147449,-0.014011920021062172,-0.009695682180460614,-0.00165413780202347,-0.0032704689343855745,-0.0020106679163603078,-0.031026076244804104,-0.017978069897591802,-0.008081535579676174,0.008595031853855956
2023-09-07,-0.02968581342418595,0.018228281379293984,0.005932096866479939,-0.008590827661227998,-0.0016728562871706283,-0.008961918042792871,-0.017577797390038032,-0.0017083203640211426,0.01636623913911745,-0.004902449669265943
2023-09-08,0.003485724171599822,0.0027527518216119884,0.008246347676993166,0.0007647963691582071,-0.0026147316246591746,0.01312909752897525,-0.014573208667304176,-0.01196040362366716,-0.004482611600407865,0.014462763330726646
2023-09-11,0.006600743936890492,0.03462479564658769,0.003951662398276121,0.0043706369706083634,0.03194587809348395,0.010919261064048412,-0.008683552372391452,0.09615118904304938,-0.002895420447161043,-0.012621426313357074
2023-09-12,-0.017207636235484738,-0.013153992385327589,-0.011606708494300231,0.012929953457123016,-0.01936961105908684,-0.018426361925715264,-0.006840652768979314,-0.022549196320499374,0.0010841489809752794,0.028752125752940578
2023-09-13,-0.011925798478349608,0.02530902952298205,0.010071855958660532,0.0004782766453256623,0.011207786272213738,0.012847834603405807,0.013613234926786594,0.01418033641106544,-0.00012512216506338272,-0.00897704415915598
2023-09-14,0.008744220157492067,-0.0008979168301894522,0.010116123696505393,0.019211954272310393,0.02159695934809031,0.007824871256180763,0.0021082808287951906,0.017320639037477315,0.007805462955254032,0.017705540059004484
2023-09-15,-0.004162641212089759,-0.03037658988565322,-0.005081569724287211,-0.002952300697408884,-0.03729005567332405,-0.025355615555791536,-0.037576685626353086,-0.0059953082833390835,0.006389960599695672,-0.015475217343151437
2023-09-18,0.016771973392602623,-0.0029247348968620985,0.005877821655171049,0.002080849897472082,0.007431241705117211,-0.003519193230162543,0.001502262962927929,-0.03376463807907184,-0.001315887436615768,0.00802275536797638
2023-09-19,0.006161885724081566,-0.016930564270193287,-0.0012307473017921051,-0.0012750012323072873,0.008294853755632813,-0.0012466435449933083,-0.010195785137640334,0.004588376260533905,-0.01117198431128491,-0.002638753258238903
2023-09-20,-0.02019467187236248,-0.01714838747973992,-0.03164577151913752,-0.004239067923847089,-0.017859504749916023,-0.024268858141289804,-0.02987679920489531,-0.014780377139554338,0.023582680417823132,-0.00795808129821155
2023-09-21,-0.008929330798648152,-0.04505328140436448,-0.024984502902816664,-0.007852687848728796,-0.01323488515869825,-0.003873368000085978,-0.02935739984219955,-0.026588996104119158,0.018142669844739404,-0.01418944706620413
2023-09-22,0.004932262861497642,-0.0016251248796010811,-0.001457623425289107,-0.009629253553329381,0.011263990935498654,-0.007917605449353266,0.014354007364031675,-0.043236555785455495,0.009848782045058636,0.0015673221772846849
2023-09-25,0.007353254083973802,0.01651413665688319,0.006581150807299372,0.0049286735577894,0.005834347057704151,0.0016703250660594002,0.014600943880294577,0.008579557642104906,0.008225193349206218,0.011160703801254121
2023-09-26,-0.023676462857025078,-0.04113311252209692,-0.019563475113122085,-0.010433369690335913,-0.006235562280869532,-0.01715187602056805,-0.0073930915585712995,-0.011687984544270934,-0.009510352810009419,0.0015475150079928134
2023-09-27,-0.00893720508881832,0.0,0.015206408160286171,0.005848015131490313,-0.004089270753390193,0.0020801405035269257,0.013202499088837149,-0.014939798128788435,-0.003408792895661336,0.032038505647723634
2023-09-28,0.0015242567874862003,0.0,0.01346782343745707,0.012339616224871144,0.0206755233148708,0.0027139311266940074,0.014516777416303358,0.0241549898062297,0.012566466646887276,-0.006091721922314931
2023-09-29,0.0030418319083463045,0.009008352994332738,-0.011019607964664196,-0.017566557179423476,-0.012413852858180429,0.006704796833752651,0.009470126198474229,0.015465456415727708,-0.0116536492872865,-0.015946389348064034
2023-10-02,0.014726547156596784,0.018240461143240686,0.024979656600668223,-0.00865686840291213,0.021779130075291166,0.018979369214354735,0.029068457513877932,0.005500013317318054,0.020378416328190704,-0.01672339197730934
2023-10-03,-0.007800105452599264,-0.0373007704408456,-0.01305352172598756,-0.007400157111711296,-0.019350389809543386,-0.026481716266018845,-0.02865454771447822,-0.020356864105244222,-0.00996053625311139,0.0017281628270589785
2023-10-04,0.0072821234465628645,0.018115851921521226,0.02099694002275238,0.0044746801521998985,0.015300503000211248,0.017617334451366724,0.011969379477664185,0.05764957536105983,0.0022545969170011614,-0.03809903847424939
2023-10-05,0.007172056835818666,-0.008222697494164894,-0.0012577926733415411,0.004207371683192559,-0.0025882550626913172,0.0012530612092467625,0.014583874659386167,-0.0042593870629195184,0.010926739109077281,-0.02276852969649548
2023-10-06,0.014642765717335351,0.015753318962097584,0.01841222699324219,0.015277995514502828,0.034313624402383704,0.02443606477253484,0.023749093991368018,0.0018441397469999051,0.01648386500233343,-0.016839813425285607
2023-10-09,0.00841568473911072,0.0023417029658428425,0.006087043944845101,-0.00227688313878323,0.009245986229790452,0.00779203304688626,-0.010743416470744973,-0.0033063672235030548,0.0032337566458279063,0.03439290635747292
2023-10-10,-0.0033578318069556346,0.00946698516860395,-0.002604324880469003,0.006060131623503599,0.010871712876756624,-0.004344835365156469,0.01152981853501409,0.015097007960672728,-0.004320513587204191,-0.00424631142093631
2023-10-11,0.007873106346469315,0.017986831598422272,0.01787499690516454,0.003427171919155291,0.01841016462940546,0.012197227473961902,0.021770804098353594,-0.0023926822540326844,-0.00020986428770976688,-0.03651186229679813
2023-10-12,0.005048357133759334,0.003785588962598881,-0.011305019198832787,-0.0023290830605947324,-0.01122746913321815,-0.0037976122469032692,0.002965453587966575,-0.015789985181823882,0.002686642196199134,-0.000187687518667132
2023-10-13,-0.01034598252147369,-0.019381108651019514,-0.011652912295768779,0.014908013343572321,-0.02964922944922631,-0.010411564732326973,-0.032121945597912385,-0.030395093236742683,0.026031228093891936,0.031434553232105644
2023-10-16,-0.0007271962007747997,0.021042247787508333,0.012587840315513943,-0.0010139772202157036,0.020320319308263498,0.014870842709755912,0.013849684086046598,0.011088356477393282,-0.0025432571027059828,0.000727777862755861
2023-10-17,-0.008823588574136102,-0.008181257764936053,0.0044472999557800125,-0.0021669228638590077,0.008835227665844606,-0.0017454817977060975,-0.047924961363671775,0.003655911168542864,-0.0025683387098872495,0.013011961717412784
2023-10-18,-0.007422204719914562,-0.025733286363791553,-0.012676456428298682,-0.011041447262227843,-0.021936409598227475,-0.0058892909881296885,-0.04045416467286718,-0.04893148784195894,-0.0010998814724322004,0.01390752448676437
2023-10-19,-0.0021633460763869623,0.00210493209093831,-0.001523496593052375,-0.004258371236917984,-0.013211131430935929,0.0036584776717161985,-0.002253727184918277,-0.09761624872658338,-0.008298257542278612,0.0006197149509649304
2023-10-20,-0.014813613659423146,-0.025477545009301914,-0.01573107607054526,-0.016236697863726654,-0.013387904985297908,-0.014134153328692103,-0.017104735065971956,-0.037588294506417,-0.008690116630197345,-0.017314257621462922
2023-10-23,0.0006938764920968808,0.011043686017449744,0.00661512783852406,-0.013735147600306676,0.017216828688997043,0.008079468050164159,0.03765159236236129,0.00042444095402800134,-0.010414310486847123,-0.014782689611628291
2023-10-24,0.002540429194522213,0.01567921771001468,0.016781526952520637,0.0012051173293899141,-0.004660394071237309,0.0036673328954544174,0.015882490811594277,0.020719371046622376,0.006555025942811296,-0.009731970481597413
2023-10-25,-0.01358368968676665,-0.057387204557163146,-0.09992406935681307,-0.005469305241605568,-0.042550038739992184,0.0302170661140954,-0.04410718524728626,-0.01911750338776431,0.00987475354634001,0.0018433364031819654
2023-10-26,-0.024913315567276686,-0.015106526502479031,-0.02686858936441532,0.002560464220413803,-0.038039548355141395,-0.038236129746821175,-0.03539740266247818,-0.031855023921114375,-0.0034952411613494087,-0.00915856187438704
2023-10-27,0.00793774334479527,0.06609496003096194,-0.00089984131798928,-0.036683152194973534,0.028647882340331617,0.005838596363900667,0.00430554069234094,0.007456619810883741,-0.007027347346911955,-0.01923597533845731
2023-10-30,0.012230252515688586,0.038169415629497834,0.018570816191618683,0.012669023169130367,0.019787353637313345,0.022485683191863053,0.016189276737683552,-0.0491375588495086,0.010107665279859929,0.003121670223595505
2023-10-31,0.002814822412028716,0.0028592165427562357,-0.00305782384850216,0.011863447272774835,-0.004603290087705278,0.002368557161823538,-0.009299451826600462,0.017479077618859314,0.01045452503664201,-0.00028344334303953816
2023-11-01,0.018565238853260547,0.028955362245697565,0.01892037321487208,-0.0008633832527683061,0.03451548050335151,0.02326998836048759,0.03718613534984491,0.02371578467512363,-0.007421334712990841,-0.001985960178357157
2023-11-02,0.020481853047793475,0.007779930147075702,0.008191031965275637,0.017692052362264343,-0.0031474750765501194,0.0064805925314902636,0.027520969986819414,0.06060741733192271,0.008485374441971031,0.03231959404685168
2023-11-03,-0.00519445067513863,0.0038312748175106013,0.0125492393978716,0.011110804431928823,0.011927205184736514,0.012779632887432153,0.03387480816711115,0.0066139872231546415,-0.009803080719978782,-0.012264511824059337
2023-11-06,0.014499487723549752,0.008191461641482902,0.008868504128110464,0.007523810570471683,0.0038070816359838324,0.010517039304007854,0.016440030598975815,-0.0031418755173999516,0.0048103899051124615,-0.017880019196222383
2023-11-07,0.014347410091539973,0.021031053723631822,0.005512821577615201,-0.00048593523998983064,0.009517780171297618,0.011156832320470557,0.004449107302466154,0.013183964542986627,0.008158336603730451,-0.015803978159917836
2023-11-08,0.005867656552344172,-0.004424354026475328,0.006620636858864373,0.004918192354909531,0.003006343483595484,0.007378542639408161,0.013379624283082182,-0.0003150737899407528,-0.00204731349610284,-0.01235886631177362
2023-11-09,-0.0026279561001748336,-0.010471269344291862,-0.01221016591514771,-0.00297586658889214,0.0024049421199984254,-0.006934896458800241,0.008040873847748719,-0.056160489658582134,0.004220184653775242,0.00029140183584573263
2023-11-10,0.022954378616003933,0.02083402648617425,0.01788276080528059,0.014722387662712293,0.0253200361062118,0.02459196544312802,0.029072698112509718,0.021996498496030296,0.0040921113967969805,0.00764355635347853
2023-11-13,-0.008620747344534403,-0.006779695661997966,-0.003778268848582179,-0.004448753371941059,0.0012768836831118355,-0.008121412076812884,0.005878881573731567,0.04134183399945281,0.0025098191791168446,0.010451184043573359
2023-11-14,0.014184757307444881,0.022262486894446033,0.011516353097848434,0.018082185194129446,0.02139815292793036,0.009743164110284261,0.021084302439008287,0.059438019477541446,-0.0038964981009955895,0.003842818490847972
2023-11-15,0.0030364070482252394,-0.017993607290294027,0.007455932471585903,0.008719623201642525,-0.010761938818022058,0.00040580584897951594,-0.0155871290483918,0.022614155469065075,-0.0038002760609659437,-0.006059026434362744
2023-11-16,0.00900150142713455,-0.002587108521031568,0.01701390483309712,0.011354949233073645,0.004438317902569862,0.017430490706323534,0.0120364806742181,-0.03883534904080814,0.0026154183837531365,-0.011643869216542894
2023-11-17,-0.00010558828874617517,0.016319176713110995,-0.01190115889137518,0.009005307651554205,0.0025402950974743803,-0.0169436736698251,-0.003684851772608894,0.0030349323976646067,-0.006560871956338593,0.024106734344676056
2023-11-20,0.009235569454253635,0.006522368493262836,0.006923060314136106,0.003070642354545832,0.014607544556983064,0.020314103435469542,0.022286012459663444,0.005533119144943252,-0.0022214054399688184,-0.004392082486415081
2023-11-21,-0.0042397637472943814,-0.015378098422388055,0.005270355929001336,-0.002089836874674584,-0.008834031295076166,-0.011645632769420476,-0.009267201855386039,0.023490974516940124,0.008356306524286655,-0.00038298179202078485
2023-11-22,0.0035082627782869647,0.01933932343605667,0.011036288747050142,0.002350944339082032,0.013294887811363955,0.012731158531949888,-0.024895060480959033,-0.029408274734311717,0.007698181312561402,-0.0043171083331711045
2023-11-24,-0.007029039271027228,0.00020445580612358505,-0.013082759980287375,0.001368590260052322,-0.009592189194945734,-0.001112066987565073,-0.019483977556249456,0.005280386261856706,0.006123314176758594,0.005369618615570513
2023-11-27,-0.0009480123071442153,0.006723903692254734,-0.0020504421641848875,-0.002282131076313645,-0.010491518884901213,0.003121588685731874,0.00970661833552383,0.0026721746625813217,-0.0064360336517617495,-0.005850564981863748
2023-11-28,0.00320904558021097,-0.00474961512561893,0.0057748399991766316,0.002282131076313671,0.01273599976073067,0.010744839236093356,-0.008765287149615442,0.04408335693193017,-0.0056451404831365,-0.0005773134792986742
2023-11-29,-0.005424385478439529,-0.004840585148378569,-0.01623906112347046,0.005067418784873929,-0.020233329312987568,-0.010111177917615033,0.006648621233849977,-0.010512266581044115,-0.010321008219115045,-0.015128180563291467
2023-11-30,0.0030581521417658956,-0.001573209061844679,-0.018391832309366536,0.011340183152497773,-0.015318518478013418,0.00015839366359934827,-0.02887141768871125,-0.01676961998268328,0.033074461253298486,0.003900825855274978
2023-12-01,0.006768449475778238,0.006413794210223246,-0.005068259510854722,0.004857241492079007,-0.007147521808788634,-0.011680099871069405,-0.00010688902208434549,-0.005220199323597404,-0.0071566557110639365,0.0024304323313639963
2023-12-04,-0.00950990532024801,-0.01500697967354326,-0.0198373527521564,0.007305818750980505,-0.014887764237141067,-0.014442659710446728,-0.02720321943793751,-0.01370144313218934,0.0020448912190175086,-0.005452220458085783
2023-12-05,0.020844518294207835,0.013986300502114904,0.013217840006999286,-0.00012648961380950783,-0.005420464812672378,0.009114674617922697,0.023026595498253772,0.013240755825754019,0.0036045045941720012,-0.019619053976974162
2023-12-06,-0.005703280839225877,-0.016198024273178,-0.007432913100101915,-0.010564021283327217,-0.0026427353879947347,-0.010036177429912486,-0.023092268035021946,0.002719129460769398,-0.001327469281290446,-0.013330369143197306
2023-12-07,0.010088305693537697,0.016198024273177868,0.05178139483543386,0.0030660671835080183,0.028385298608990795,0.0058129204264140725,0.02373635952713783,0.013568409275163597,-0.0022953523612634697,-0.006986162614188946
2023-12-08,0.007384982504756222,0.003669683224747049,-0.014268877169953332,0.010973408836709329,0.018685918573752645,0.008803250082221303,0.01934141810654601,0.004933396614923965,0.002732105015645816,0.011416056928983967
2023-12-11,-0.013011633300328375,-0.010432734440314026,-0.012673613534288012,0.0036520886231341896,-0.02270528120322166,-0.007860440935077768,-0.01867618589228567,-0.016957231787828677,-0.011139253379286916,0.0007026418280542036
2023-12-12,0.007888971606698738,0.010839635496016388,-0.005793490397642645,0.008885677719651354,0.027113315251673025,0.008261057291184832,0.02184973005107705,-0.011452714531076777,0.0037451341604647797,-0.015885164707143004
2023-12-13,0.016553713123899444,0.009179334477907091,0.00037699819066959185,0.0033583558297671156,0.0015545573972972162,-2.659196319559518e-05,0.009003094006491746,0.009573866272891631,0.006010941918823778,0.008833832482517064
2023-12-14,0.0007574129226230617,-0.009586235533609468,-0.004763675800280246,0.018028490671545237,-0.004701155967028847,-0.022802564272167473,0.005433408625641342,0.04797595720291628,-0.027271597474917277,0.026535248046667622
2023-12-15,-0.002729531740317661,0.01714963889276147,0.004990085138414894,0.007533111707788825,0.005238751856183026,0.013032005419663484,0.011106766110472522,0.009711688394547188,-0.005857231942578046,-0.006716867904869764
2023-12-18,-0.008539662273787762,0.026971809898698733,0.0238461428441365,0.006033826062306008,0.028550512790447877,0.0051653172558282015,0.02398895800507183,-0.0056173183184346845,-0.008641652690643483,0.00740571750193278
2023-12-19,0.005345946348899338,-0.0018191003361762064,0.006239698659723113,0.013266620303667312,0.016519015544672694,0.0016357938280234202,-0.009490490989417918,0.020185249870892544,-0.004778374262387033,0.013096342016303306
2023-12-20,-0.010771869833268137,-0.01091834083412718,0.012291469039879963,-0.011343327728864075,-0.003087359828605612,-0.007097969261471916,-0.030560435653467992,-0.0399767793773106,-0.01559697496101804,-0.016841785312685435
2023-12-21,-0.0007703276095525802,0.011243426514228085,0.014923534298407889,0.005687795963488395,0.013677309763523476,0.007847821138381051,0.01810537451030537,0.029345860784192233,0.007627041717145672,0.004532340556739924
2023-12-22,-0.005562797873252344,-0.002733830879625901,0.0075910916827058895,-0.0005971636643556502,-0.0019788615240330645,0.002780121146898883,-0.0032713470824868836,-0.007731210565404946,0.0008267194600769314,0.0017676683875106874
2023-12-26,-0.0028450030001463634,-6.514686816695571e-05,0.0002122460079526556,0.005896460791464806,0.004066437613272252,0.00021367619932320556,0.009153162713449861,0.01598774007390915,-0.0005381131307236204,0.0022543842091936554
2023-12-27,0.0005178466199727939,-0.00045644547960358643,-0.00815947581943673,0.005980056671511636,0.008419018300133004,-0.0015760318820887392,0.0027963372984752865,0.018647455510860632,0.0052931551265522105,-0.004710523251529285
2023-12-28,0.0022238492115208516,0.00026087992298881607,-0.0009980376924909559,0.0052988295120010055,0.0013687255280503431,0.003229584999472213,0.0021225763074918056,-0.032104151730159784,0.004027818554846136,-0.014565572615628068
2023-12-29,-0.0054389899048477445,-0.009432812028151797,-0.003857876925506886,-0.0011750301764177483,-0.01224254668511928,0.00202310368315627,0.0,-0.018738327073791184,0.002986561478605246,-0.0020981407452564825
2024-01-02,-0.03644266850572633,-0.013317252487412825,-0.010940960287112996,0.01157307461112981,-0.02190736388092251,-0.01384394616920472,-0.02772210004873052,-0.00024148746074577508,0.024152152523889654,0.0235257251006266
2024-01-03,-0.0075157467190681655,-0.009785543802100045,0.005413306716459752,-0.00436812445589935,-0.005269605427180575,-0.0007283891141550723,-0.012513640070880043,-0.04096122279932548,0.004975210611311879,0.008366754149344775
2024-01-04,-0.012781489502673191,-0.02661905587134582,-0.018379713164743572,0.00661410438337469,0.007663423297031544,-0.007203295817768423,0.008978115811174258,-0.0021831499656647054,0.0062345849643006225,-0.008757501351410027
2024-01-05,-0.0040211487424575134,0.004623714384981175,-0.004850970181105325,0.00500491208038633,0.013818782715294329,-0.000516584592402358,0.022638504782518918,-0.0018509415250833076,-0.014850515272819444,0.003025031664216918
2024-01-08,0.023887366924360293,0.026229678338986727,0.02265462414779084,-0.001452354113410515,0.018885549261389967,0.01869560304685003,0.06229926388090598,0.012386614576639277,-0.0016018369665044931,-0.016802215891807835
2024-01-09,-0.002265981001372861,0.015109875810597672,0.015083074236741894,-0.007937528021538848,-0.0034352586865082258,0.0029315576682366414,0.016832769788117534,-0.023096839566935645,0.0034424480994573597,-0.012463378492328358
2024-01-10,0.005655395428788248,0.015470650615520465,0.009391645005389016,0.002107396044844586,0.035833010152519836,0.01840369530542525,0.022514643054417707,-0.004350632806278706,-0.0013571653390053917,-0.009880911638212185
2024-01-11,-0.0032277608910044977,0.009387897135060054,-0.0014065599147807435,-0.004219148159325732,-0.0021615707017171703,0.004847559214647957,0.008646999998370597,-0.029145966144498332,0.0037872479498217817,-0.00020295594993108984
2024-01-12,0.0017765493327085583,-0.0036152239546972612,0.004003993442129324,-0.007366946071273358,0.012954146847677948,0.009934201115271926,-0.0020450628346192225,-0.03734939877742937,-0.03424791823398042,0.012889263545331769
2024-01-16,-0.012393722246604585,-0.009487311793446907,-0.0011224071026064981,-0.006289960288863494,-0.018950737404554493,0.00462268178409945,0.030103445719195286,0.004649070658851297,-0.004535570102563852,-0.022870903348868897
2024-01-17,-0.005186930664733307,-0.009512302504832145,-0.007184120664327861,-0.005371985317258095,0.0024735407852808683,-0.0020517455127774926,-0.00585219500564705,-0.020025473044372827,0.011091144415579908,-0.007294308096900058
2024-01-18,0.03205162773607229,0.011729719012639512,0.014107802357130488,0.001973057894753401,0.020846866507818713,0.011233886183314062,0.018628858497145656,-0.017172815629643214,-0.016518444593056156,-0.001857868541237722
2024-01-19,0.015413550103358407,0.011915672389449407,0.020010438625915547,0.017114755782017828,0.019274509042515806,0.012113364754001484,0.04089850814909328,0.0014620115002590317,-0.025062625674273427,0.0015483921318126632
2024-01-22,0.01208993210815802,-0.003611493461086361,-0.002667917734610253,-0.0011751296777211774,-0.004364692035517695,-0.005432910371633943,0.0027361212789756115,-0.016105240597581734,0.018553499783149793,-0.001341772732273342
2024-01-23,0.006631206992733359,0.007979485588611064,0.007166638895870509,-0.006605816455318641,0.00891831238886176,0.006009428410655549,0.00366440503078503,0.0016270106278732431,0.004919638915365024,0.011195110311085997
2024-01-24,-0.0034899927619174557,0.005433174197432314,0.011226237904753158,0.00889593794179466,0.014177151658026675,0.009133543528348926,0.024565171178019277,-0.006283434610725192,-0.004452034823846881,0.017113415491127854
2024-01-25,-0.0016979547196054685,0.005594095679664069,0.02109371607336875,0.014209384598480746,0.006327502706892901,0.005721842034801048,0.0041469861790261724,-0.12925817170128795,-0.03940379168585847,0.025084396229492125
2024-01-26,-0.009053713868951737,0.008647102438040672,0.002105132621049832,-0.0038236026425776492,0.002438697525870208,-0.0023245200914224842,-0.009555886052462,0.003389065826718794,0.019667468179349303,0.008482421753251307
2024-01-29,-0.003592213222617806,0.013359331333490848,0.008635852119230205,0.0026086334567810747,0.017305022682001025,0.014232429385906607,0.023224376501486992,0.04105548959785763,0.0026593600076883694,0.0012614779542492332
2024-01-30,-0.019433495026300554,-0.014113732972622603,-0.013444049690389962,0.020287326591355483,-0.0023967317310089518,-0.0027617823975827245,0.004934589561910619,0.0034508226289791306,-0.0018450027738293295,0.0165403719527105
2024-01-31,-0.019547476991662444,-0.024189614134501332,-0.0779650576012288,-0.010894989869435738,-0.025108817283889567,-0.027316070464101998,-0.020064715420703778,-0.022699471099276523,0.016014622771480497,-0.019648111776346074
2024-02-01,0.013252520529890592,0.02594906400632865,0.007537480856694732,-0.003619848484231019,0.011822922937119274,0.015474120135174635,0.02408702230177942,0.008347821172369478,-0.009029671155784522,-0.00409358520538423
2024-02-02,-0.005419900507550659,0.07572554877189726,0.008605412620048498,0.005739541840937961,0.1849650795922505,0.018258069162845204,0.048512966421509054,-0.005042858776994556,0.006074548511907534,-0.004110411548882513
2024-02-05,0.00979852685091729,-0.008768909348284514,0.009089174758788949,-0.0013169667907833554,-0.03335054412924825,-0.013637624241020734,0.046830318121665195,-0.03713468972636411,-0.014350912130651,-0.004127376790092006
2024-02-06,0.008594672189489033,-0.006834432372405122,0.0029188776478437477,0.0034323602307150093,-0.010261340176117167,-0.000394433264658998,-0.016124705379762294,0.02206779799027196,0.015212989983235751,0.006869419477710196
2024-02-07,0.0005809787213818411,0.008125368023266808,0.009943419718543598,0.0018828847208212348,0.03217816210190334,0.020890520418113418,0.027126691477962424,0.013309178288648728,0.016931329274059596,-0.00029328030335140024
2024-02-08,-0.005771358353255408,-0.0040544313336464575,0.002539009899908931,-0.003597730196956896,0.0008725948578193025,0.0001448538530087852,-0.0065550040214510386,0.010500153377802503,0.0013468916329470524,0.016974906205772397
2024-02-09,0.0040855158354821935,0.026781354306300166,0.020956380347882275,0.0012006821581092082,-0.004029357924465322,0.015431670918415148,0.03515817677337892,0.02093365777497024,-0.0036021065029460593,-0.02138707027929084
2024-02-12,-0.009042550837802504,-0.012168901576895616,-0.009914846551286357,0.004447018908277545,0.0016862563816620205,-0.012658329021509313,0.0015929511220099995,-0.02850600281752684,-0.0011197236869046215,0.013662897411143921
2024-02-13,-0.01133852450969316,-0.02170298682855135,-0.016332607401320292,-0.008741594624346967,-0.01890216519812614,-0.02176383147848481,-0.0016621430687096853,-0.022088768605910858,-0.0015273227248211445,-0.008646185133857006
2024-02-14,-0.004821308717307259,0.013780303876272836,0.005496785301457274,0.010106002286198764,0.0281999200621329,0.009618814799504525,0.024270353461809505,0.02516701014711292,0.00017398967713449473,-0.004946175302728702
2024-02-15,-0.001575985976817636,-0.006925273760105457,-0.021960616250377627,0.02157991842535649,0.022459607805069386,-0.007181000463054661,-0.016949266608065186,0.06035334314528131,0.007593040262827114,0.02825640112591671
2024-02-16,-0.008466062732845815,-0.0017094021256489145,-0.01588533757707679,-0.0046810059874629086,-0.022375114980030752,-0.006167887081419737,-0.0006196607532090814,-0.0024975038337594173,0.0012853376555505426,0.0
2024-02-20,-0.004122282859608056,-0.014439139136134756,0.004260766351343433,0.0039022540074314044,-0.0033225787430581307,-0.0031481477334085873,-0.04450794694932884,-0.031447068575792124,-0.0009400183916731787,-0.009492754275943045
2024-02-21,0.004177060987492982,0.008996959517601153,0.010082248200110978,0.006488805098761891,-0.0068563141850810335,-0.0015156793126281651,-0.028923045182729867,0.005199145723306879,0.0017449135944025834,0.02023209563157787
2024-02-22,0.011181090645787374,0.03491338968982024,0.010745356550694564,0.011924058598103231,0.03794364433126003,0.023273835334325185,0.1518699399362232,0.013463405650618309,0.008641283288637495,-0.0008588264057245643
2024-02-23,-0.010084553405916534,0.0023457610294128446,-0.0009026427521815905,0.005012865961153856,-0.004329180150834719,-0.003187479278769525,0.003545911131843066,-0.027943686650054866,0.001404481784945269,-0.008820706675043088
2024-02-26,-0.007479066169320782,-0.0014869599257995307,-0.04540234909184292,-0.003429885732160319,-0.004742248217396974,-0.0068469862546132335,0.003483037151448147,0.03797371074003026,-0.003648018620836932,0.003940514910158173
2024-02-27,0.008081442772509266,-0.006833819221537168,0.009477195298965874,0.0004906669477397283,0.010962211211499378,-0.00014729856328992864,-0.004955848564076346,0.001653606167566249,-0.02291366260993085,-0.002112470702995292
2024-02-28,-0.006647543572624178,-0.0021920379551390117,-0.018165147476964585,0.005056758852365498,-0.006240485073907408,0.0005889879538974193,-0.013276973116113441,0.011499231283567918,-0.029931816439285816,0.002783803805578641
2024-02-29,-0.0036998339187235213,0.02057680546309288,0.015136393445742975,0.00907032369715901,0.012544358331388396,0.014415423449830255,0.01848558358359207,-0.0007921787106965236,-0.00943676039741176,0.001915278144989793
2024-03-01,-0.006048699613352767,0.008225899848415687,-0.00957915265569661,-0.004147054417093966,0.024526795852525273,0.004486477966246985,0.03925138985524492,0.0037575170226514664,-0.008279852530413256,0.012550126285014868
2024-03-04,-0.025708816902432746,-0.0035975271186564546,-0.02802512495941667,0.007473757953780343,-0.008215850961327814,-0.0013968322670959209,0.03531960632965468,-0.07424463938175002,-0.015771252038803852,-0.014082055225360575
2024-03-05,-0.028853334924569308,-0.019676533274039055,-0.005112549122142745,0.009967356415031686,-0.016127371462628253,-0.030018053689860616,0.008540089412549481,-0.04012679843323044,-0.018262037895773235,0.012190530966508606
2024-03-06,-0.005895442242013106,-0.0035094856867787733,-0.009618598881709213,0.005184144188672944,0.011903088817450126,-0.0013917826577516084,0.03133115397820585,-0.023512123304642613,-0.0011629007690077842,0.010639969202930321
2024-03-07,-0.0007098782907483388,0.018897104445031784,0.02242530043592445,-0.00879711414264963,0.031938278745947624,0.017381412585435456,0.04377419238298312,0.01188110874296599,0.012991793544889612,0.0056037906084411004
2024-03-08,0.010184615972638245,-0.00834829600574499,0.00763585892108338,0.001861132774883915,-0.01225777440936027,-0.007162549759264701,-0.05707533889007649,-0.018701625030085045,-0.0006922383533342458,0.009362785121724877
2024-03-11,0.011762098626482346,-0.01952208072253206,0.016552239974867,0.0003719308275462878,-0.04520041431342778,-0.00419363338608567,-0.020242622230847537,0.013763678693560029,0.02605452810489932,0.0058878104291500985
2024-03-12,0.0027746504855502363,0.01975013161880721,0.006010721107823648,0.008198162298874146,0.032870521141233726,0.02625171471314268,0.06912645548004565,-0.0012947061441473569,0.0004088602342477783,-0.006441628631601248
2024-03-13,-0.012196614703212162,0.006648685830772736,0.00927092988352716,0.008079318587630306,-0.008399298754418538,-0.0004334973226727809,-0.011214605678534061,-0.04646099727496628,-0.002762645566602768,0.011108642371995707
2024-03-14,0.010868159239935622,0.012327433453265669,0.02340254934599741,-0.01797852427536405,-0.0075756501129661796,0.024087268890578852,-0.03292778724354298,-0.042056898779332184,0.0020471779407148674,0.01755716617611772
2024-03-15,-0.002198915234490065,-0.02452200827324045,-0.013508213790852644,0.012319561470238036,-0.015841438084468706,-0.020912345557413687,-0.001217295765369857,0.006563076277915342,0.003714971854992034,-0.0017958295882250777
2024-03-18,0.006352188669061323,0.00034392410567333365,0.04501222126386695,0.012325151112137119,0.026258239763844716,0.00215897574901285,0.007011161363183365,0.060664152342604714,-0.007710762941643856,0.009214202312362032
2024-03-19,0.013493541600855722,0.008105519638180665,-0.004411229155657837,0.005847947007353636,-0.001490181268598562,0.00975285174119132,0.01060441508017002,-0.014372034891457558,0.012791292628284313,0.00700997406187899
2024-03-20,0.014601955480429333,0.01271024074657137,0.011563420651607653,0.01302200386580588,0.018527998404642473,0.009024032904415663,0.010836038689956905,0.025017133837829976,0.0018429774940473174,-0.0008847583790812068
2024-03-21,-0.04171541923773037,0.0,-0.007693966805499424,0.013809308917575123,0.00442131895811037,0.009688815931532174,0.011693698401382463,-0.016299696542812377,-0.0051526576426809785,0.004415550417317236
2024-03-22,0.005295964182425035,0.004033399915744371,0.021249568589556428,-0.012333408900842746,0.003577941830748859,-0.0014682831779522835,0.030736342096140016,-0.01158171211632812,-0.0033001273816842865,0.0
2024-03-25,-0.008334831230914984,0.00468522019633587,-0.004653543351293713,-0.009196837477508654,-0.012956991214297362,-0.013809584526228645,0.0075333384261293615,0.010481683435756076,-0.008586540542343358,0.010169229157257048
2024-03-26,-0.006694962405196483,-0.007876935918428052,0.003990061224578337,0.004660055461874361,-0.01427569514477478,-0.0028656780021892292,-0.02602997359378439,0.0287772826285837,0.013146861463819715,-0.007529328357459614
2024-03-27,0.020990746393716675,0.008544428374293455,0.0013265243367591296,0.019178570479284136,-0.004102179279382418,-0.0005217751360410876,-0.02528427949692873,0.012084083617363902,0.001603409879368857,0.010316593480280217
2024-03-28,-0.010615359861926858,0.003053793447902987,0.0003974512167185483,0.0039017085332914937,-0.01690792678174991,-0.0016861559883520085,0.001173772678565166,-0.02272190773999231,0.003239505616795586,0.010985746006249106
2024-04-01,-0.008491706152474833,0.00326551461029285,0.02976551667382333,-0.006813176049051212,0.0118125682448433,0.009109348071603105,7.7475188525043e-05,-0.0032477284143495326,-0.010158441232391947,0.006431402600119938
2024-04-02,-0.007023248645721097,-0.0015484091821309372,-0.005999170758861609,-0.00040207210374340873,0.012177596000944873,-0.00739961314183842,-0.010132610935226598,-0.05026651935105258,-0.0666181673563031,0.019385290155032677
2024-04-03,0.004785971478136507,0.009474051539763393,0.002326524531310976,-0.002820094624980555,0.01866387694022853,-0.002351713773452546,-0.005470405626154673,0.010447544054431742,0.003486137431463778,0.00016772187126319762
2024-04-04,-0.004904460915051346,-0.013300069884866008,-0.028746522509153796,-0.007637730291819884,0.008214791815301421,-0.00613122096833595,-0.034989881506589576,0.016083269202606634,-0.009528772960943272,0.0035143046214262848
2024-04-05,0.004491758094654825,0.027777320574842966,0.013002280629957829,0.009158171471255071,0.031632676596925695,0.018117550569217985,0.02418592661593324,-0.03696743555877544,0.0007902895236272362,0.013688167270911955
2024-04-08,-0.006685799951462834,0.0006481667921116775,0.015292313435619197,0.005203009324574811,-0.015460258325187937,-0.002187755292380343,-0.009992304876429605,0.04783676362708771,0.0005703882036603672,-0.006779238144669255
2024-04-09,0.007216321704644215,0.0025885563003378185,0.011237879359363455,-0.006723531599660963,-0.004535944482756274,0.003972342654480152,-0.02062835080327795,0.022295607975213145,0.008124716359704428,0.005212501663258929
2024-04-10,-0.011201871942803308,0.0015069094018642995,-0.0029417828804066755,-0.00855780180775004,0.005652554442485076,-0.007109701820013829,0.019549175889468088,-0.02937344256551801,-0.021259057846341987,0.008381857038683214
2024-04-11,0.04236098738145726,0.016533742520170792,0.020726444493391526,-0.000204747919258042,0.0063852544800837895,0.010972721830502003,0.04027444792887286,0.016399556773736196,-0.018682343471476424,-0.0033605828014518376
2024-04-12,0.008589725639330385,-0.015566165935951603,-0.010594616144524015,-0.06686434295208696,-0.021757763179031296,-0.014191273751588716,-0.027182598674445436,-0.020541749097701737,-0.005721255877012498,-0.011728066192032142
2024-04-15,-0.022106153320174134,-0.013577002419975346,-0.018363407919525822,0.000547040990648831,-0.02306148774572776,-0.019772063388841143,-0.025089510825684967,-0.05757465973833702,0.014534056086793944,-0.005748796380672272
2024-04-16,-0.01935328681354437,-0.0016350785294987403,-0.002974886018985742,-0.011493520398410274,-0.0009400038930751863,0.0022698739486931383,0.01630817792212649,-0.02743506868222295,0.05087903506143749,-0.0083064244415372
2024-04-17,-0.00818077485537317,-0.011190509048215303,0.006906230642728143,-0.003990184418937682,-0.011248381469793107,-0.0066311122849906316,-0.03943360069453883,-0.01062208397137564,0.02131161880032943,-0.0005056986376521881
2024-04-18,-0.0057306968524378655,-0.011428682278624262,0.003467282082007383,0.0064761981258180425,0.015322086325784905,-0.018551951276207908,0.007539799369244503,-0.036155647217109545,0.029194441663417954,-0.0009276864842782885
2024-04-19,-0.012287855352796015,-0.025944630354616176,-0.012383343584703074,0.024793330066508374,-0.04218891534624535,-0.012820849488091503,-0.10541161544280458,-0.01939578390268632,0.015991393554418056,0.011409550311274
2024-04-22,0.005077851348200029,0.01477882204751945,0.014112585258272104,0.01924321620882988,0.0013711060893355552,0.004599443417693439,0.04262188827725607,-0.0345935559693179,-0.019953055515860144,0.0056562587691909956
2024-04-23,0.0063715228800004355,0.0129496869735391,0.01259000166663989,0.014310379436905012,0.029393702772486416,0.016351162083997766,0.03588117058350522,0.018345226676437152,-0.010333570822325824,0.0038909339243310575
2024-04-24,0.01262235272751268,-0.01656734624660272,0.005482209544110974,0.004880248842851035,-0.005254737559082662,0.0036489701624185865,-0.033883470643448675,0.11387415621830609,0.002301003827471179,0.0001651612388649158
2024-04-25,0.005134017815166127,-0.016673704471388103,-0.019865395522269503,0.0015007920076649847,-0.11161659408651768,-0.02479994079618943,0.03641589405583596,0.04845814470471284,0.013372092659517576,0.0023104807939621965
2024-04-26,-0.0034787660044710835,0.03368654484295438,0.0973475597291404,0.0006203278017532555,0.004318009076184171,0.01807927234621725,0.059924159846633754,-0.011168015552988686,0.0030126726399551038,-0.028168573449376493
2024-04-29,0.024505067581295798,0.007432568410519159,-0.03431275145330981,-0.001085929712268366,-0.024364531113983547,-0.010067252989128007,0.00025067114324587686,0.14242723171122051,-0.012840808383641655,0.01414166008073414
2024-04-30,-0.018439871816899038,-0.03349007554568368,-0.02049138574217293,-0.007999444695563055,-0.005679109748011382,-0.03264642660265117,-0.015560915195990253,-0.05710084205665045,-0.010959065444988486,-0.01151708138076944
2024-05-01,-0.006065195764396712,0.022599831917240992,0.00661301724257705,0.0006255162129625408,0.020751479886079775,0.014306515971520061,-0.03967654583653752,-0.018113707174260838,0.0008473586014049188,-0.019121358105958833
2024-05-02,0.02179263838548758,0.031455365813882176,0.016703218942148098,-0.0010429391432983154,0.005653665598582721,0.007316103723585407,0.03288272537753157,0.00011105007606901516,0.01813619773861574,0.001808215679344508
2024-05-03,0.05809538571453091,0.008033933494385928,0.0037141182855506922,-0.006018121839619075,0.02300797400748459,0.0219274133589817,0.034045644292085196,0.006533843535574036,-0.0010553503489040895,-0.00206675886216849
2024-05-06,-0.009148389445791903,0.013283331052944075,0.005129171687202705,0.0077905300177260935,0.02990500906867435,0.016776864773380803,0.03704643309398271,0.019511437908750914,0.003911463904605916,0.006444806418090759
2024-05-07,0.003789918728909885,0.00031790155490520083,0.018565260311702685,-0.001302871742878134,0.005482211602936674,-0.01020819775073639,-0.017362795155839227,-0.03834210509362018,0.013221720688065602,-0.0049803050607942646
2024-05-08,0.0018624724800574552,-0.004034374926922967,-0.010979569671741872,0.02013467572223295,0.009268506633758779,0.0029273740638189353,-0.001569265330558263,-0.017530851194269642,0.00448147906851845,-0.00017238265825071268
2024-05-09,0.009964345817121639,0.00794706169253194,0.0034184224263872614,0.00941134024165305,0.005949158640892303,0.004326291653333221,-0.018587385728872148,-0.015864649448707812,0.007562523456918341,0.019524264829892654
2024-05-10,-0.006914043994615595,-0.010716874256865036,-0.007737591375958569,0.006409991537539789,0.0016393471723653533,0.005852068180031785,0.01266336996210564,-0.020562350450525728,0.011335253222741907,-0.004061060940120542
2024-05-13,0.01749155019304487,-0.004865607224493341,0.0029012679836252758,-0.00020134832656707046,-0.017348205488034445,-0.0024623288536212416,0.005780218579896596,0.020097034145307512,-0.002088670458481805,-0.00042391332801759685
2024-05-14,0.006154512363412068,0.002676374471979152,0.007069575883761894,0.013891941254117348,0.00817153290343664,0.0068410725966660466,0.010530654288819984,0.03239754278801776,0.004173049856041757,0.006052131872484477
2024-05-15,0.012144056890267034,-0.005789979151338669,0.012658661737897238,0.0029730852830117077,0.02032810834764301,0.01733275668787654,0.03521055610147359,-0.020254418706909572,0.007116196475517166,0.007703799882243217
2024-05-16,0.000632085589567823,-0.012770048240180699,0.009634115243307055,0.0017795543940383096,-0.017407833139034958,-0.004952244990885326,-0.0028678007135751384,0.004873391179277019,0.007162116172638572,-0.0060056159659978925
2024-05-17,0.00015816164160813148,0.005809980560830076,0.010735531461338635,0.011393276781849876,-0.0027932567331798303,-0.0018543043959484665,-0.02012509077841976,0.01487402019069651,0.006425053804612305,0.014904969480951769
2024-05-20,0.006143072527574267,-0.006300279871404103,0.004872930313699847,-0.04601550048538947,-0.0065267403892990536,0.012134196611335718,0.024576851447850316,-0.014245067870223688,-0.014205618118522747,-0.008140788710592105
2024-05-21,0.006833971028911167,-0.00212713491141393,0.0052428637066463946,0.01994516243668998,-0.009020203715461562,0.00866132897605013,0.006373286765852993,0.06446711975223302,0.012144885790696489,-0.006933952405798135
2024-05-22,-0.007566889622572013,-0.00010914608364277473,-0.008299723921605778,-0.006083201240019368,0.006756826811084611,0.003443606167607689,-0.004581326291925653,-0.035399542384592614,-0.004210933565593146,-0.020315067229965286
2024-05-23,-0.02128318079350534,-0.011423056748417279,-0.016175125155433897,-0.007033813437810779,-0.004284651557009706,-0.008209789107901799,0.08910608646619932,-0.036007818288810785,-0.008707550649911017,-0.017206575052215248
2024-05-24,0.01645211785043221,-0.001658392028660058,0.008263318040916895,0.019063469365184858,0.026357445323561775,0.007373310226605859,0.025397329448336493,0.03116576011599187,-0.016897925107580442,-0.0007932054015373704
2024-05-28,5.265746852614795e-05,0.007715628907514658,0.008025087523271466,-0.006046865550580168,0.0035485283486914776,0.0003718307657398693,0.06747583560788391,-0.013989415788236143,-0.008874882830428364,0.0126164695698109
2024-05-29,0.0015777890255329252,-0.0007138953246986688,-0.0028384050572063477,-0.006991952330961901,-0.011653043475571296,-0.002675924561714929,0.008079559358867587,-0.0031733327174769638,-0.038369733808595693,-0.010766586935749925
2024-05-30,0.005241362969396643,-0.014944634490046925,-0.021781812538643516,0.006139376118707401,-0.015530220327970527,-0.034370128481740765,-0.03839370190549273,0.014648923152829736,-0.006353698192078337,0.0031631343532409987
2024-05-31,0.005006067683534732,-0.01619107105787046,0.002263304575519655,0.016420016171385513,-0.0004711007943473599,0.0011087713487436806,-0.007877019269218822,-0.003978997402597566,0.028087196866474512,0.02828298854088436
2024-06-03,0.009215999224510807,0.010710931098535235,0.003876339957605664,-0.004005446772171124,0.022578083733518644,-0.0038859027897176907,0.04779368741849572,-0.010102569596006488,0.00417009185841661,-0.02425572361320448
2024-06-04,0.001648075927400472,0.0055916049316681584,0.0035740639033845782,-0.013267792840755572,-0.0010476518171601882,0.006147594263794232,0.01241808785705119,-0.008659479988969872,0.016053119608235973,-0.015674813319816863
2024-06-05,0.007790341385350332,0.010759365441920877,0.009278402308353889,-0.009585860892522424,0.03718349704151008,0.018903575939180073,0.05027082703563618,0.0013151256990527008,-0.004699401997266288,0.003985984134608818
2024-06-06,-0.007121709277499844,0.02031303453242799,0.007497125389885563,-0.001775688531501059,-0.002629498847179839,0.001201998126632183,-0.011847203861243214,0.016660454613497404,-0.0023879354024953997,0.007486227868355974
2024-06-07,0.01231576155073182,-0.0037909438439048654,-0.012927640722380345,0.015320440285207218,-0.0016216109422281517,-0.001579509660371143,-0.0009093922526984696,-0.0025885260992180074,-0.02262825871595762,-0.010762313185953883
2024-06-10,-0.019333372664281603,0.014864526720524128,0.00429459880874402,-0.0017017971968133802,0.019366778287715835,0.009439705646741119,0.007433582953066189,-0.02101026729322036,0.008745133268720453,0.002922395868371124
2024-06-11,0.07013144053277892,0.0009083768397987709,0.009157451575105263,-0.026653422897425026,0.009642737209198482,0.011179130821247883,-0.007169482680408141,-0.01817434057762428,0.0024617264556452034,-0.008079726919096858
2024-06-12,0.028177567951384257,-0.0018175795783648761,0.006602597619780856,-0.014667682246493029,0.0026962361825653694,0.019182486577390634,0.03486589228220883,0.03811347747393242,-0.00636821693328886,-0.011116325484080626
2024-06-13,0.005476087718752531,-0.016508777761010902,-0.014903162664983371,0.01105968437864911,-0.00935898790678624,0.0011782331471069823,0.03461758143050916,0.028799010597446485,0.008542194463225834,-0.008055561991356668
2024-06-14,-0.008201950033699779,-0.000925185330377967,0.009262718686603465,0.0006194816013756623,0.0011114537850330872,0.002239483199700408,0.01736260119134668,-0.024746085007725318,-0.0003618832982634749,-0.008487238990879992
2024-06-17,0.01948054074837888,0.002175536021534634,0.0025421115567254913,0.0061733084471505655,0.004887138154162234,0.013020018453100404,-0.0068478539589265745,0.051619109593938894,-0.011765460583994152,-0.0068975099637665314
2024-06-18,-0.011045210295960742,-0.006814429382413544,-0.012204683653301839,0.010306845793202096,-0.014193411483959696,-0.004537665327016097,0.034517169401505336,-0.013860022086213656,-0.01686151467138361,0.009368974177194265
2024-06-20,-0.02174758175866565,0.017836847681061675,0.006886980351560146,0.00844132382455881,0.004414852111441463,-0.0014347718757655298,-0.03604532995789972,-0.017957490517488177,0.0071875010286474115,0.021346646930413653
2024-06-21,-0.010499393975513022,0.015886019163884733,0.01871226067025001,-0.012000884634326086,-0.013889202088645766,0.009112365256754774,-0.032720999942027075,0.007899471520701,-0.0039912634981845345,-0.008809034023998404
2024-06-24,0.0031276686265077507,-0.018738006784044702,-0.0022853215571779,0.013057368148517936,0.008312534539333477,-0.0047022414045277405,-0.06917921785807915,-0.002352322975825913,0.015197097961636982,0.02927135479962662
2024-06-25,0.004458263853892413,0.004140733544431204,0.02648467768352418,-0.004081045832343143,0.023160806866104947,0.007300179451859277,0.06537958230075966,0.025790114652126835,-0.011247150344620885,0.002801731920317971
2024-06-26,0.019795998917311906,0.03827288718411035,-0.0008152345742827008,-0.003236493029357572,0.004923186742208262,0.0026795757147421314,0.002455637240051837,0.047022052078927956,-0.0009498132848061112,0.00034970080639413884
2024-06-27,0.003977995099310788,0.02166336912708652,0.00828614745302582,0.008774675050928596,0.012472458666442253,0.0015249079017873265,-0.01925070300191461,0.005332819818052439,0.0049459828375781854,0.004273762364742302
2024-06-28,-0.01638766020397002,-0.02352451121310858,-0.017739099479111314,0.01539527831451953,-0.02996948079844944,-0.013114221893965735,-0.0036358440372195613,0.0023273813203096337,0.04584511245856648,0.0019129154933160398
2024-07-01,0.028689016060040026,0.020233739225558187,0.004601066149749374,0.015648732029204065,0.0009118374136128379,0.0216455708005479,0.006133020262254105,0.05877983360300819,-0.029108274350507276,-0.0013908289343938889
2024-07-02,0.016109552342613274,0.01409893985494711,0.012220798194050822,0.0163178696555468,0.009505433304375914,0.0055677383818076,-0.013200187485346451,0.09710195030947986,0.007231476666224834,-0.006808122256143686
2024-07-03,0.005794185025533637,-0.012123208336190894,0.0031260131450982064,-0.0006708132144037642,0.0009022716338644377,0.0032387632724617888,0.04471761340708874,0.06337304899541438,-0.016901033848780465,0.005066843660979043
2024-07-05,0.021389894686700706,0.012123208336190851,0.025398683728136872,-0.013338951261229522,0.05707019816892308,0.014628804494445735,-0.01928364545172357,0.02060688228437311,-0.0038449048962211877,-0.0121861268593928
2024-07-08,0.006517598365065061,-0.0035563498917093785,-0.008271320958866972,0.001853877627906353,-0.01980910969436557,-0.002827125754512401,0.01865948764074801,0.005629789876539415,0.002721575267769924,-0.010552139110401202
2024-07-09,0.0037679426477799636,0.0002508745118109151,-0.0002644841169764481,0.011918829264135473,0.001283746218249055,-0.014474489199425473,0.02450275056361275,0.0364508858978897,0.005644685573529381,-0.011115183306960057
2024-07-10,0.018628856985933685,0.0022548901390979956,0.011574042797360014,0.0008182846104320866,0.0088101812016032,0.014495896600416882,0.026513952050209073,0.0035389720904070512,0.017764105902061986,0.008794730442940511
2024-07-11,-0.023494739995793993,-0.02401082970854252,-0.029783079965777524,-0.00168567751954229,-0.04199634595198595,-0.025084078121589345,-0.05727626224805168,-0.08822077208547265,0.006823989296132859,0.011813418251563982
2024-07-12,0.01296654579805057,-0.0028751754997392003,-0.0026980980259839007,-0.012172970728965877,-0.027345424581736746,-0.002532402328666327,0.014339242520580628,0.029434316513726216,0.014116007060990796,0.0001766668169860801
2024-07-15,0.01660477678407363,-0.009142411458262565,0.007858081927011363,0.02462829782686112,-0.005447014875137844,0.0009036391900479205,-0.0062092099347597915,0.017609829570940913,0.00747885354741455,0.01698209631588571
2024-07-16,0.0017901573313151738,0.0015554679731073517,-0.014091189644392155,0.016853014151942677,-0.012921644990256515,-0.009828754388532958,-0.016326704753526787,0.015396997777534727,0.06297641593708309,0.007178570390589283
2024-07-17,-0.025621370033234458,-0.026724318518412248,-0.015893511962597986,0.015099379746168604,-0.05843360307229263,-0.013437522668846099,-0.06853519852753792,-0.031919700332288976,0.04351280191101562,0.013693956432921652
2024-07-18,-0.020748689783322366,-0.022493376002440963,-0.018566976017655504,-0.03228581379449673,0.029559558277802468,-0.007127534836636995,0.025934095509905695,0.002933302220995548,-0.015717594768447706,0.00981243762794831
2024-07-19,0.0005798251887972192,-0.0033798282769946274,-0.00016901757342679423,-0.00095279736394569,0.0019733650900322346,-0.007430485160779853,-0.026442717953840986,-0.04107613843938729,0.001752800675716167,-0.023247986557962636
2024-07-22,-0.0015615859024863106,-0.003172184996925187,0.022320372240685844,0.0023804824340505955,0.022009049703367537,0.013249470379807539,0.04647376440038797,0.05018271902171053,-0.012101141590236845,-0.006916295718108811
2024-07-23,0.00467732423854306,0.02092444370758336,0.0006603080250140428,0.00023777466913632394,0.0026431465565489956,0.004302861145879514,-0.00771962930902853,-0.02060764898795659,-0.00688108932844415,-0.016267558614407353
2024-07-24,-0.029175752613832963,-0.03039119500388669,-0.05170156460359943,-0.008306999870536666,-0.05774476803112696,-0.036513366166639985,-0.0704563158078279,-0.13164294360339135,0.009062972825515044,0.014009450238730242
2024-07-25,-0.004816132906842135,-0.005434169444389781,-0.03148163099871813,0.0003833414049635412,-0.017186756539060377,-0.02478584698930658,-0.01739328114011796,0.01953112906763447,-0.00012514741486248108,0.020823391736393766
2024-07-26,0.0021585889168413237,0.014626968944213104,-0.0016752731089127839,0.01696367952173098,0.02674489876242397,0.016286419235863592,0.006922836736476879,-0.0020452089625195087,0.017779728167414625,-0.0008520517776682086
2024-07-29,0.0012838510883196284,0.0038282625594168156,0.015036056486014273,-0.006570736444439278,2.1374195870972052e-05,0.003427084132127562,-0.013087088918460341,0.054450283723543685,-0.0052267246226867835,-0.010538524946068713
2024-07-30,0.0025627679114106705,-0.008166388972744573,0.004473032048258987,0.020374480907321475,-0.005425670550710476,-0.008968357831967191,-0.07304016186149506,-0.04170207944562914,0.016762259563884805,0.017672441882625133
2024-07-31,0.01487953617458846,0.02858958980412218,0.007313684012141025,-0.011168647341721526,0.024819430030152932,-0.010864725955591608,0.12055339404512593,0.04157282172336867,-0.00029508437627115213,0.0035478266030562087
2024-08-01,-0.016892656848242902,-0.015685476578311947,-0.004557509010959741,-0.02300697622929063,0.04712088112528699,-0.002968379937002411,-0.06907217334330484,-0.06778709499652093,-0.005900983832015485,-0.013925703851121126
2024-08-02,0.0068459205809468585,-0.09194763210362274,-0.02430319861350519,-0.04333770948821474,-0.01947546650282351,-0.020882635576146266,-0.017923667156258094,-0.043301714320780345,0.029349833128466413,-0.0005987248009940452
2024-08-05,-0.04936563244440699,-0.041839920325843556,-0.04548032892265484,-0.02152154731464771,-0.02575182896238494,-0.033201868017701225,-0.06568877639937816,-0.04324862022379944,-0.03426819900475107,-0.018217587161806104
2024-08-06,-0.009796050640925261,0.005635490449044775,-0.006046678768117004,0.027529363295279916,0.037867233138411394,0.011223629063539433,0.0371318397302141,0.008810602088580683,-0.002828744804297656,-0.0053292063793501515
2024-08-07,0.012420768692514864,0.005174089797253657,0.004098128804100232,0.0002993978142836313,-0.010518752722771602,-0.002957327268024348,-0.05258160510673978,-0.04526769292244102,-0.004001865723493428,0.013226898755698718
2024-08-08,0.01649645962239474,0.0184440734555928,0.01925456448207791,0.018098616709532323,0.04148602511827337,0.010635301497579276,0.059464225779561626,0.036255901329012616,0.0002825210346113565,0.018924151748503905
2024-08-09,0.013642509887181598,0.0068522199395901024,0.010070736030857246,0.008490939951985653,0.015846279459361366,0.00823529935528426,-0.0020980077503768946,0.00581690373893266,-0.013297881265544247,0.008110118234946607
2024-08-12,0.007104555157224513,-0.0008389728264874979,-0.008467379040460174,0.0018932156109533775,-0.003521380091479062,0.0019438887002344212,0.039954687270221806,-0.012629388585244743,0.011618726068912582,0.0012614052977628469
2024-08-13,0.01704690863212029,0.020354930507755713,0.011456742612968899,0.008451612925338345,0.024108615616658283,0.01754387036586478,0.06326507853750328,0.05103246867853809,0.015708621989481097,-0.009626079457888216
2024-08-14,0.002031665293720934,-0.0007639034445704183,-0.02335792560823531,0.01100000905553639,-0.003373328588738842,0.0068602440216231925,0.016566113471988664,-0.03152675190710158,0.009411450335053369,0.009205833455433247
2024-08-15,0.013439917830377603,0.043090966761615855,0.0057823280607314,0.006211684529331524,0.019867380187122086,0.011754503051246356,0.03968299307798706,0.061436309145650216,-0.00010344023617394348,0.0061673978703128685
2024-08-16,0.005901075443882924,-0.002988857651035908,0.010239038410385237,0.011374502095013107,-0.018615144575711222,-0.00609888717859512,0.01390265379007325,0.00920378250292453,-0.0033353140706343363,-0.004727777614559782
2024-08-19,-0.0007082123398142163,0.006530104639669463,0.022510834932102684,0.006893021412247227,0.0035202766048018624,0.00728577793479293,0.04258635400121966,0.0300815962441386,0.0019024645119702043,0.0030418795793331443
2024-08-20,0.0027410073983211787,0.0036964682293246748,0.003055210053863949,-0.0043259698244860235,-0.004829554131012157,0.0077274773099658385,-0.021380801723366795,-0.007300267158314731,0.003225730370129103,-0.03389294387311312
2024-08-21,-0.00048565799431217927,0.006852561474421805,-0.007987224187615122,0.00037296893818997265,0.0158776680805604,-0.0015548343454544807,0.009775403364560894,0.00976670507756732,-0.004453503495206966,-0.006391492325061166
2024-08-22,-0.00829419053415454,-0.02234539227075752,-0.012437705337188661,0.009414871383227741,-0.00605393041337083,-0.020460687700786948,-0.03774648778039043,-0.05813634375381778,0.001123953174154925,0.007699858132116439
2024-08-23,0.010235680014973334,0.005153271352930898,0.011049942438768974,0.007725313930874111,-0.007415645747325764,0.002979647761487223,0.04449392110570792,0.044835591431516886,0.009955139704606202,0.013763428358495347
2024-08-26,0.0014977013129365655,-0.008736614913990125,0.0032550189768554526,0.003931513358665984,-0.013115674881611585,-0.007949378850382004,-0.02275047003506006,-0.032803441227522996,0.004472516912786117,0.02118058472051121
2024-08-27,0.0037345363947242772,-0.013654075452589952,-0.008946879134646174,0.00459768096234763,-0.0038841538035665744,0.0008462674346471987,0.014445479551026902,-0.018939062709292416,0.0003744809340111682,-0.009556483858623042
2024-08-28,-0.006776371617467972,-0.013491668231426824,-0.011174739991462644,0.005028827576114127,-0.004479003983928254,-0.00785984407860359,-0.021189671362615244,-0.01667672472989858,0.0020240520072312956,-0.009906199300009001
2024-08-29,0.014465145148880126,0.007698580379841969,-0.0065919585765061885,0.004148894573264665,0.0027822972390569955,0.006118509767866343,-0.0659779577062868,0.0025726237078790366,0.005135056190496899,0.01372283286851584
2024-08-30,-0.0034439641183555787,0.036396721617948,0.009841362436293617,0.011588089667562473,0.005945133767279845,0.009683866990678788,0.015024028948001074,0.03725544123667223,-0.0023183964589665635,-0.0016097657005274503
2024-09-03,-0.0275821282780787,-0.012685159527315687,-0.03754270323219571,-0.02022082279473776,-0.018488947699778286,-0.01863164432492297,-0.10009666007274318,-0.016529275820300126,0.014265579917181349,-0.02116518973785087
2024-09-04,-0.008656049477503452,-0.016706139175178974,-0.005799759971738088,-0.004412906007920671,0.0019130383614140766,-0.0013197952841799135,-0.016712973735379985,0.040981513663141275,0.00914502435469597,-0.012286129646271085
2024-09-05,0.0069039597507134405,0.025968075788917713,0.005036900588547281,-0.0077808616198092664,0.008003035706172258,-0.001247969523798219,0.00937130983569498,0.047876016035803666,-0.014487618122350467,-0.007833528578800687
2024-09-06,-0.00703977635381635,-0.03722372046282126,-0.0410234777954574,-0.024042769274718982,-0.0326239003673253,-0.016517054713684597,-0.041712409457305574,-0.08824048544582774,0.002331523797363061,-0.004694181741285884
2024-09-09,0.0004074640735919906,0.023127387297091972,-0.013425619773351195,0.0202675441341855,0.00899456400534412,0.009957729152202723,0.03478597062825894,0.025949973905266994,-0.004668496304213617,0.020822190216994926
2024-09-10,-0.003628047782142972,0.02338469252840609,-0.0003361737724717621,-0.05328340323035539,0.0,0.020685733396326986,0.01519362623608753,0.044759273955983725,0.0082640865692138,-0.03711183301717348
2024-09-11,0.011518636253436099,0.02730414417528586,0.016676945855868822,0.008091319822839942,0.013849887839346063,0.021117698776630306,0.07834760198924683,0.008628742512625562,-0.015613015159637643,-0.009975572763111312
2024-09-12,0.0004938135357212315,0.013350735010507195,0.023084279334154256,-0.003044663322055914,0.026547953512059297,0.009317290893846248,0.01898045349612208,0.007337206636805016,-0.0022576260257816164,0.013668453660592071
2024-09-13,-0.0012128813824108175,-0.002730969055689944,0.017748369696450855,-0.011097157350172056,-0.0018660121986740648,0.008372368541904445,-0.00033587920159958205,0.0020864851607279924,0.009976750449728585,-0.0007195257560861514
2024-09-16,-0.028168101409063093,-0.008616597457795744,0.0038030065508237905,0.017177318644064042,0.017325608656123044,0.001740327176979064,-0.019671613289849867,-0.0153589759450266,-0.005214154403483661,0.013937530236325416
2024-09-17,0.002170297742130168,0.010705675426824473,0.007940316299855872,0.006665016381416016,0.005684677321415036,0.008794161734558511,-0.010242419262076237,0.004794890315022082,-0.019159275660968617,0.012958010571889927
2024-09-18,0.017829881347589237,-0.002410931547252041,0.003070830723118559,-0.00825389720105683,0.003034603675476976,-0.010023779502525644,-0.019392583111544955,-0.0029445960609886415,0.0046433601320039946,0.0034970136593587835
2024-09-19,0.03639510459591479,0.018283807518041345,0.014474496418146729,0.014114752141463799,0.03856268751983783,0.018125939560204186,0.0389255933202048,0.07100962175825201,-0.006184483456058001,0.012316970528346816
2024-09-20,-0.002931691555953585,0.009070295653554553,0.008903117581011817,0.0028940207109787986,0.004016125982514873,-0.0078264522197865,-0.015992245157327778,-0.023519752638904136,-0.003593414312771095,-0.006313003845981717
2024-09-23,-0.007609904430239669,0.011829538769620484,-0.010693292631214523,0.0016567091444218253,0.005436314505117798,-0.004051686304327676,0.002238966322359697,0.048140375327935025,-0.002769359237333948,0.017968916178609896
2024-09-24,0.003966123923665201,0.00041255068996117736,0.002714767274795625,0.0007091681208254195,-0.0019151725752770878,-0.010061675759257274,0.03888644517382675,0.016935793509053217,0.003099614451273422,-0.0026448243829064483
2024-09-25,-0.0044077920185332,-0.007400007450933529,-0.004941478623181852,-0.0066385677172792965,0.008801379579829998,0.006826911145217484,0.02160658435004566,0.010757148762662457,0.0019453503540161877,-0.019671126288461488
2024-09-26,0.0050672747834295635,-0.007141186533660476,0.007649084616339981,-0.0019524967957040803,-0.0008273091131478953,-0.0018530023156952448,0.004282044698255265,-0.010953821465680538,-0.0026061912726531486,-0.017313680287829612
2024-09-27,0.0011859335986876128,-0.0168284107446147,0.007469078035927222,0.0034261928103092587,-0.0008458463701797158,-0.007657167365269767,-0.02151332448392542,0.024249227064234113,0.012173135566202834,0.02642083238956841
2024-09-30,0.02261436593990698,-0.008763077056375612,0.011522300279230728,0.0017087043874348254,0.008913947180151623,0.005312670152797718,0.00032945386759180277,0.004482044837533062,0.004852048405166691,0.012015270133742552
2024-10-01,-0.02957464927194047,-0.006460997690134298,0.006850279438378284,-0.018282318076393227,0.007015394185632582,-0.02258627699548313,-0.03724639414458618,-0.013894251852425751,-0.0023631936083667758,0.022855688291641175
2024-10-02,0.0025166418825796504,-0.002000651545077023,-0.006789912516729344,0.0012068164018621292,-0.006369182919605451,-0.008498359252022634,0.01568826552025279,-0.03550382703625727,0.015328577658583798,0.01317057756312316
2024-10-03,-0.004906649546057622,-0.015270736231762942,0.0,-0.009987513648000938,0.0172385080677698,-0.0014154808314884898,0.03310190175919791,-0.03414806745440706,0.0007426592674789849,0.008685080624381909
2024-10-04,0.004994771266885047,0.024697907897679776,0.00720896925172417,0.03487836499317624,0.022347297528069476,-0.0011530751903144412,0.016709387424790154,0.03839570976808335,-0.002618298035947875,0.018188983613477122
2024-10-07,-0.022788478434021726,-0.031093362659704415,-0.0247256260128586,-0.0013740786345015782,-0.01890423445035134,-0.015794842572333313,0.02216683422478524,-0.03768957599969925,-0.013007111150871517,0.004316498155746137
2024-10-08,0.018236744961556348,0.010563468311108654,0.008553497626687208,-0.000853713258329326,0.013773369806056859,0.012544905224485375,0.03968140734058667,0.015124010919583781,-0.0033987784174148747,-0.026920443381212068
2024-10-09,0.01656043075820059,0.013319379012842232,-0.015449195446715492,0.01258948905299453,-0.004022432331365546,0.006609277370647142,-0.0018076260383813859,-0.014210915403026646,0.016439575417396976,0.0004096468953404976
2024-10-10,-0.002180565757251618,0.00796086049904925,0.0013582210475821372,-0.0027213643094061595,-0.01137661585518325,-0.003888234090135705,0.016152308494313056,-0.009503630132407154,0.010900785772289812,0.008563324712438458
2024-10-11,-0.006526525364819804,0.01155904643352474,0.007131454134395387,0.043442031050457346,0.010427890821698092,0.0011537591757273084,-7.414295172611436e-05,-0.09192353886888906,0.000585431665606695,0.003809484744584749
2024-10-14,0.016345411264896696,-0.006802098901968148,0.010481618172154893,-0.003650480886042082,0.0007962118006912825,0.006750724889095847,0.023968781673093943,0.006224848869363662,0.012215132021993548,0.003795092763000847
2024-10-15,0.01096435662917942,0.0007995584839864811,0.003026321639831106,0.004100321642255387,-0.00705364671280556,-0.0009548161068614077,-0.0479939571249118,0.0018690482583788197,-0.08459988331095625,-0.0305223279679402
2024-10-16,-0.008891228344318427,-0.0042714734594326426,-0.0018146565370458908,0.005605118593130255,-0.016302205250394518,-0.006276510991617214,0.03082679750253985,0.007983687088569507,0.02669497513425594,0.0025725305672596377
2024-10-17,0.001594942649190543,0.003418620886077508,-0.013594184119656686,0.0034816431881980994,0.00024273165921545066,0.0014408914975963948,0.008876035725900778,-0.0019899714413276278,-0.00933745776467635,-0.002572530567259695
2024-10-18,0.01220187388786606,0.007755306570388279,0.0030030817050050395,0.004224134531960262,-0.0007976921637954439,0.0034496331564147515,0.007783824958979369,-0.0008605378505268966,0.006304727215606894,-0.002828983090012478
2024-10-21,0.006278084577474756,0.0004232229251258213,0.003969540845767216,-0.010571659188567973,-0.0022751161456746735,0.0014815237609915727,0.040543718902484184,-0.008417707909120813,0.0032601128332279267,0.0005830348867139944
2024-10-22,-0.002625164359778162,0.0033265052557146266,0.006500591286653378,0.005009756795668524,0.0118395379402911,0.02063202242372631,-0.0008355711642384343,-0.004029147285192923,-0.002821437130937377,0.0051498502644715905
2024-10-23,-0.02186021659325295,-0.026656796914304174,-0.014394172557585962,-0.0031728330748873332,-0.03198318876890702,-0.006830151974473876,-0.0284671801066823,-0.020018310718538105,-0.009202134935553727,-0.0035688175887348484
2024-10-24,-0.000823625939923417,0.009000562616286057,-0.00036873435089541885,0.007002802144980897,0.007229647873372426,0.00030608806183333564,0.006072130594986665,0.19818699146920774,-0.006806182547245494,-0.005669974142081098
2024-10-25,0.003636415925019152,0.00774968161813032,0.015549649153142628,-0.01193866301690881,0.009587814153876023,0.008019895005225524,0.008015631795548912,0.032891334056112616,0.006664299723624962,-0.0008365319011713763
2024-10-28,0.008562672971425022,0.0029769707636567114,0.008735238516233493,0.014247311591948723,0.008528591712347851,-0.0036503196196577747,-0.007232813713983211,-0.02512824530239814,0.0012038431619158401,-0.004949921763445582
2024-10-29,0.0011562712771404301,0.01286871001658346,0.017598309286444555,-0.011596913489045365,0.025816028313318633,0.012486578016835597,0.0051817985502315474,-0.01145548515134625,-0.0055173676306276955,-0.013718595743028247
2024-10-30,-0.015396018047432859,0.009907234588807736,0.02778139642423916,0.006751488526887231,-0.0024978670381842513,0.001341840038058593,-0.013614327010080907,-0.007619899978935549,0.0014754751214647896,-0.005043363760901786
2024-10-31,-0.018377192191068547,-0.03339535403553647,-0.019388792695960614,-0.011157822452013551,-0.04178698044892692,-0.06243674656470667,-0.048373981749653634,-0.03035306639591626,0.002731990340357115,0.0007709210499327482
2024-11-01,-0.01336857722678268,0.060018526321249224,0.0010512449653784421,0.004585830395475661,-0.0007401585679367071,0.009844262394454057,0.019690131324357343,-0.0034882074251496174,0.005405929277254335,-0.015794494076161236
2024-11-04,-0.00404570819269286,-0.01092182223034851,-0.012040136975284707,-0.014275756515077195,-0.011491227490470053,-0.004665234825317199,0.004789336298930915,-0.02496977961188894,-0.01739963744447235,0.03134366864382598
2024-11-05,0.006465203504127892,0.018822662731709527,0.0029501718863900396,0.007750547884591545,0.02074004461999933,0.007317788131700101,0.027976856310467833,0.03480162701711456,0.01646557324197584,0.0029463709924459586
2024-11-06,-0.003272276440207543,0.03733922736991443,0.03910958075514428,0.10925371983008449,-0.0006639170867820804,0.020971462330288276,0.03993230295097754,0.13759466024737685,0.050985331949597944,0.01700319850396939
2024-11-07,0.021146993635296214,0.014192148444279072,0.023737384239458117,-0.04419058322825305,0.03377325154813215,0.0124172680157902,0.02220896417441543,0.028630012464395397,0.014574237726110181,0.0012389896581262716
2024-11-08,-0.0011889714121385414,-0.008942557238934116,-0.013367033762753758,0.0025351148969980407,-0.003996477778698508,-0.00681628160035248,-0.008431757938450964,0.07869717552417867,0.016966632410718097,-0.00033027386608947495
2024-11-11,-0.012101585643438287,-0.006457525082191786,0.011151608714489841,0.00970031059848713,-0.01052452761734029,-0.01077870780577807,-0.016183695131060227,0.08580690404849912,0.015212942566004046,-0.005298398828482928
2024-11-12,0.0,0.009958024917575062,0.007017060592145462,0.0011278804121812457,0.002825373292241579,0.01193758848248288,0.02064444252601546,-0.06342678815128278,-0.01706600495055439,-0.0009966792393766456
2024-11-13,0.0039613681193352126,0.024539669362855586,-0.015201394817368055,0.006656627281149244,-0.008276096265780991,0.005116654567756724,-0.013715464018789278,0.005313266949669512,-0.014420102965244248,0.009263157540346931
2024-11-14,0.013676359555615192,-0.012312812938838414,-0.018620431795627692,0.0029397781280972256,-0.004908432489654038,0.003966696728548974,0.003344314132310995,-0.059448133931949705,-0.02121817658079024,0.0006638013043535896
2024-11-15,-0.014209523868344266,-0.04284745921407266,-0.017755393180427497,0.014122368722841953,-0.04081049005949785,-0.028248026648954726,-0.033112466552432836,0.030196972790488486,-0.0015521213809068929,-0.010422412616526051
2024-11-18,0.013332926109904214,-0.004501522120521847,0.016159478620187923,-0.0011421238135254105,0.0005773795954876189,0.0018298332196110664,-0.012972841607801752,0.054664350493325395,-0.004365878797715597,0.008346602116803655
2024-11-19,0.0011395887601670345,0.01432430133148399,0.015958708807999208,-0.007948971140280793,0.011994987871554535,0.00487067948746246,0.04778737867398429,0.02120595242401374,-0.02168683246395294,-0.01406237207765108
2024-11-20,0.003149100785451033,-0.008491035845116046,-0.012087337892055875,-0.009548079500341845,0.007864348902055916,-0.005520291008981252,-0.007647718415685755,-0.01154032611298051,0.039920150517804766,0.014145455303538777
2024-11-21,-0.0020982982677535743,-0.022430287385072762,-0.04861110021752524,0.016394427150616824,-0.004306256678330712,-0.004326278653182042,0.005332321832623484,-0.007012172684276001,-0.0050249266896150524,0.013292239196497743
2024-11-22,0.005890135969549004,-0.00637175235688548,-0.017269226755294975,0.015365963987820018,-0.0070396288577806105,0.009953580251833386,-0.03271035116354412,0.0373345373484672,-0.011141622917748603,-0.0011486811724681857
2024-11-25,0.012966437741126095,0.021728540914003922,0.017388583458531656,0.0069763246187487015,0.010620519025923989,0.004283374461294996,-0.04267292814880989,-0.040430888534493496,0.025003454562862702,-0.015056655063538796
2024-11-26,0.009360464058107474,0.03132358260823746,0.008729992227577716,-0.0012794461569247684,0.014807275778926923,0.021730137772362233,0.0065948370794716195,-0.001063755153845317,0.0015833684174950556,-0.016811366369835164
2024-11-27,-0.0005532952624121473,-0.010251516694207487,0.0006502785924870867,-0.0007203966306381066,-0.007595836806284423,-0.011751208254068099,-0.011606644920912157,-0.015914020837727676,0.0026168993818758003,-0.0026312551255347236
2024-11-29,0.010164119329824764,0.010395828320660513,-0.0016559383518349063,-0.00028017844031762574,0.008954950253737175,0.001110491205092667,0.021273593620852658,0.03619593916712737,0.00298708780654444,0.0025464488320959358
2024-12-02,0.00947754631336291,0.01347372166869659,0.014922239434350261,-0.013992966052600626,0.03172084097060726,0.017602667846744,0.0027447815745265058,0.03397975234247804,-0.002756922383935451,-0.0009330041153335414
2024-12-03,0.012690944396716697,0.012872961773847143,-0.000875147651346955,-0.005824046867871793,0.03451709956646903,0.0005103741260495548,0.011689217651780666,-0.016005713052796626,-0.0054214182402874764,-0.0015284903265569603
2024-12-04,0.0014824442943987145,0.021872981158048213,0.01752940400433396,-0.005817065998467598,0.0002118511204675801,0.014321779956355172,0.034200876209872694,0.018355288553428408,0.00914469475666821,-0.02923255726468251
2024-12-05,0.0001235326588589325,0.01089568506430291,-0.009970796723979857,0.008509293201172592,-0.00793335594132295,0.011817646792919495,-0.0004821604419583077,0.03178623389945424,-0.053502418643186396,0.004365678202155461
2024-12-06,-0.000823312487509616,0.0289577215747153,0.011919031533021611,0.007629142011573795,0.0240785222838584,0.002144105328483775,-0.018226669049069347,0.05202108959673976,-0.05202371026875999,-0.01059779657066222
2024-12-09,0.01597295166684451,-0.004149028072046304,0.004915884284555889,-0.014455469087768343,-0.01648737121455699,0.005508142233801121,-0.025814886210277353,0.0014634148953150045,0.023644275833621452,-0.0059168368870063815
2024-12-10,0.004125196716571002,-0.004654999543156226,0.05437632966192577,-0.0039040926649649144,0.009327835043100316,-0.00604941450003073,-0.027312691889504383,0.028328310501358537,0.008118784645111612,-0.0020393483245159513
2024-12-11,-0.005179438715064517,0.02293094704166905,0.053774445177567666,0.0027550028538855438,0.02134245796546778,0.012686306179952983,0.030908361403944217,0.0576113551148347,-0.05764642545374977,-0.006678937333385683
2024-12-12,0.005945936150050901,-0.005618085452278564,-0.01776168908650935,-0.008246466364134309,-0.0029917027597091525,0.0012685882031941264,-0.014242019539056438,-0.01582716714006912,-0.033873891692705875,-0.0008938379949557306
2024-12-13,0.0006854591615692313,-0.006616567663893641,-0.011210737055994627,-0.006604638809983209,-0.016689119872892545,-0.005106889429058768,-0.02275584086138682,0.04244899941747966,0.009109888477140535,-0.00880271800971036
2024-12-16,0.01165936107652652,0.023763519526408726,0.03539993501926397,-0.0015016075793522863,0.00705749473996338,0.009612376000436598,-0.016902029406532425,0.05960057359180242,-0.043147871544686384,-0.021614039924191284
2024-12-17,0.00967265630162667,-0.0076711237701660145,-0.006325231349229663,-0.005105305935060216,-0.007719124243473941,0.006335171216699346,-0.012271893453089164,0.035724138195772255,-0.02638314125673509,-0.004249818063821695
2024-12-18,-0.02165444410971981,-0.047078410933269275,-0.036583630911262585,-0.03409534456077877,-0.03658072450136439,-0.038284723185572675,-0.011415398538858645,-0.08642421525210743,0.028827475945869898,-0.014830270452193177
2024-12-19,0.006990059157491245,0.012482931876037162,0.000583571526291184,0.011180033910524557,-0.0027162328534766477,-0.0008233196617319989,0.013637014607913951,-0.009038042516689774,-0.02117432320752036,-0.008587747002568185
2024-12-20,0.018641115109464066,0.007273430311082978,0.015266840920039918,0.019721957786614307,-0.01747979629898438,-0.0009844657958410928,0.030298631592942174,-0.0352567708528249,0.021994386919985846,0.0034061716745975245
2024-12-23,0.003060172150662865,0.0006222471909635992,0.016682640784002386,0.0033192470130794646,0.024640426256158462,-0.003096853190786421,0.03623228227389461,0.02240426356053564,0.01234036283965982,0.004053312800222666
2024-12-24,0.01141258455414217,0.017573311182246015,0.007575303709048106,0.016309898812617702,0.013083990724303649,0.009330328242263534,0.0039302246608490955,0.07099116636191981,-0.0004741747638806937,0.0009402318121956771
2024-12-26,0.0031707796809900615,-0.00877006267142877,-0.0026039145302452606,0.0034195459642464266,-0.007266252301075367,-0.0027809400826373978,-0.0020704187342730253,-0.017787254049436575,0.00992892373407658,0.0008454835534777876
2024-12-27,-0.01333053752377513,-0.014640913829901727,-0.014625933441211797,-0.008135305328204013,-0.005884410011891781,-0.017452981309023695,-0.021088412374471833,-0.05074526160258332,-0.0022720295852072113,-9.379858139154893e-05
2024-12-30,-0.013352258788576578,-0.011010096307821616,-0.007916618505026495,-0.007700582028264864,-0.014390987184458155,-0.0133279305871085,0.0034973419256118647,-0.03356928885086787,-0.00430343770325161,-0.006784759145958441
2024-12-31,-0.007082884988829897,-0.008668295678212696,-0.01019618832573026,0.001628438601416554,-0.009738599863286262,-0.007869226637281334,-0.02354960955637037,-0.03305021011916344,-0.003827793507723233,0.016969365026871575
2025-01-02,-0.02658616171226001,0.0037760870596221323,0.0006864716079863016,0.0012090063540475743,0.023178931246728863,-0.006951835770878205,0.029495923352909896,-0.06274403546918701,-0.0026722129259334074,-0.0024199966782841695
2025-01-03,-0.0020114679136594873,0.017866865271653997,0.012381435460680792,0.01357407390670347,0.008954472319608322,0.011331238709872472,0.04357436336197106,0.07895504556688626,0.01668816890275288,0.0051122212436218286
2025-01-06,0.006716400145041065,0.015139723199454136,0.026142590346137216,-0.004887306085016179,0.04142058976642801,0.010573389378003598,0.033756203745379874,0.0014850709586745647,0.0013052001951055533,-0.0011131911987778153
2025-01-07,-0.011453177553195243,-0.02446088330127337,-0.007034326571890627,0.009586441433099037,-0.019726773778790146,-0.012890857901917702,-0.0641860798536641,-0.04145067133894483,0.0011284906454437573,0.00933072322207978
2025-01-08,0.0020210720191753064,9.006065292234922e-05,-0.00790891018366937,-0.00016449279517910257,-0.01167200897136183,0.005171660715242975,-0.0002140784098977137,0.0014697002488738569,0.019774061703171433,-0.016877014604381558
2025-01-10,-0.024399103678973594,-0.01446508722386957,-0.009896682771715348,-0.013499265230134403,0.008381020564821305,-0.013301807985565137,-0.03043495635733917,-0.0005065652243020289,-0.007328769274400867,-0.003654011135790888
2025-01-13,-0.01039804598980548,-0.002194768679336334,-0.005377954464138354,0.01793142278626244,-0.012302095206915307,-0.004209787068224673,-0.019916109374847002,0.021478195369560783,0.03852328058085209,0.025484411300966087
2025-01-14,-0.004789455299651392,-0.0032094484707197966,-0.00709271612298314,0.013260881607094797,-0.023417278514979368,-0.0036501197316002546,-0.011094844498298478,-0.017382638722844804,0.004793101066444805,0.003926794671674227
2025-01-15,0.019484820220812046,0.025346561447878488,0.030583158827647408,0.019527666106089556,0.037763173132984405,0.025275033463256293,0.033436017771396404,0.07731423282838396,-0.0005886244304262089,0.01618254846495316
2025-01-16,-0.04123899607434342,-0.012117003196939351,-0.01359241766549186,0.007579686841888052,-0.009475469700542409,-0.004066261409926297,-0.019792218288816856,-0.03420597069137618,-0.06231554530117069,-0.0017054006062469762
2025-01-17,0.007506931152324158,0.02364641617601076,0.015890978555860358,0.01904906994265112,0.0024017221356359077,0.010426325342441686,0.030524290218032952,0.03018125256143425,-0.001626929736210109,0.008943008979537854
2025-01-21,-0.03243613718877153,0.02089205157407654,0.010404886313298563,0.014822340542739336,0.006003915413969266,-0.0012360054332434811,0.022403312692880224,-0.005713813715474868,0.029439194718928627,-0.007596318981838537
2025-01-22,0.005330735982338231,0.018466503377704703,0.0016142523227327603,-0.0007226670758545719,0.011355320918934323,0.04047655315034565,0.043355306092807584,-0.021355043154943146,-0.010089072252062571,-0.017557158012980946
2025-01-23,-0.0007597666927844427,0.0017431021503980866,-0.0019678629092965607,0.01176309469014165,0.020556973713344192,0.0011422802626848334,0.0010195334947002786,-0.006598243859181292,0.019153001520695677,0.005644609855523266
2025-01-24,-0.003942403722869548,-0.0024241067445138365,0.01120088474066832,-0.004182669153223947,0.017197516530218733,-0.005949915126455553,-0.031744415697371145,-0.014164587635274254,0.005158451543379326,-0.013619301946058468
2025-01-27,0.031285677190938464,0.002424106744513845,-0.042861677850794914,0.0038062667972526268,0.018954713371868014,-0.021625705004121303,-0.1859461722030469,-0.023466650856007368,0.020464706935552933,0.013800931830262137
2025-01-28,0.03589211752088442,0.01152955641148476,0.018031604314240356,0.00484066520259304,0.021661570478435112,0.02867192208015929,0.08549725780967952,0.0023640734639690623,-0.0019151902620780869,-0.019523165087691422
2025-01-29,0.004606184324655427,-0.004545214548105975,0.0005631166155843858,-0.0020986455589851335,0.0031980257362126817,-0.01094969347026095,-0.04187561123168072,-0.02284170549807513,-0.008106781816667925,0.0058142238532075795
2025-01-30,-0.0074222408144265315,-0.01030306500192206,0.027557996505203332,0.006170590064275744,0.015416635269325733,-0.06380186044062715,0.007650487335505322,0.028327903495885404,0.01378678056634697,0.00824783765472009
2025-01-31,-0.0067146479891791785,0.012872778270920829,0.015560191120015048,-0.00347312275065,0.0031681530267757,0.00016874874482936177,-0.037434872724052735,0.010734640646320742,-0.005661421056685628,-0.025324730090754467
2025-02-03,-0.03444236049586725,-0.0010944834258047257,-0.013769619421928149,-0.0018349000592511383,0.011942654535081526,-0.01002445923520442,-0.028811121282842432,-0.053090087069197885,0.010433848374518712,0.00243078177094655
2025-02-04,0.02079025970009404,0.01935490231141661,0.025270696834120508,0.004226372924626158,0.009603130169533266,0.0035222643456849717,0.0169142414685658,0.02198853609615247,-0.00499238051272662,0.026447019781015976
2025-02-05,-0.0014185590534160665,-0.024633742288564034,-0.07571945267055742,0.009250200451244299,0.0009650673808373724,0.0022286613307579218,0.05077482923000554,-0.03645352337012321,-0.010394046856899868,-0.0007278141714416349
2025-02-06,0.003221032494771673,0.011200132499427723,0.001410117363426813,0.023643100196570545,0.01005062301504029,0.00610279252641872,0.03037573252766905,-0.01023279935109268,-0.018264767371502535,-0.013284021424187298
2025-02-07,-0.024260610569480243,-0.041375225115693685,-0.03321791912986525,-0.003980450407020918,0.0035469809581722966,-0.014705117624347919,0.008974293933287724,-0.03451714290429038,-0.005695000080736311,0.004233317753471737
2025-02-10,0.0011865519541721385,0.01726234455405195,0.006078484320490529,-0.01740949229758217,0.0040226761360703965,0.00600996454062177,0.028322908335860222,-0.03057719520938892,0.011958060606314725,0.018921719744878072
2025-02-11,0.021596995616734754,-0.0016312726853763525,-0.006186324665406048,0.01446829490112878,0.003339813537262463,-0.001893956646295306,-0.005781508993400884,-0.06547989008634725,0.0010306223527258684,0.006288231535106149
2025-02-12,0.018105177708689794,-0.016591608211964908,-0.009270179573965052,0.0016713553765152645,0.007722254539765533,-0.005850235326253526,-0.012578721029277201,0.024091057420887543,-0.012286809584823252,-0.030548606754957467
2025-02-13,0.01948224854777441,0.006270442838655877,0.013685174083113007,0.003153436645634355,0.0043744234816926,0.003660283663118245,0.031155074127870386,0.05613428883532556,0.007141538983599612,0.007239702071452101
2025-02-14,0.012630594967861392,-0.007363076447512864,-0.004900875471416082,0.0009765636883435763,0.011069904453404271,-0.005152758502644317,0.025973566179412162,-0.00028100285016493403,-0.014544672678343307,0.0010167024570670584
2025-02-18,-0.0005315647253765999,-0.008916663909923439,-0.007913205324588241,0.012075027246652083,-0.02794329465333557,0.0029582265703962454,0.003953169975721242,-0.004873623368530301,-0.04448917294700028,0.0174013622047418
2025-02-19,0.0016346913736276455,-8.819720145894445e-05,0.008129227559572688,-0.0025036912506622073,-0.017745105966258876,0.01244534475325291,-0.0012202011247701263,0.018050813649058695,0.020380917912934643,0.0014516998856853964
2025-02-20,0.00391285274048504,-0.016685221316839496,-0.0038397076942105627,-0.04560819468418482,-0.012769950518871543,0.005276690728641602,0.006300731612349596,-0.01723217010242546,-0.017011428513350323,0.015294915837067807
2025-02-21,-0.0011396081644735152,-0.028673529284667792,-0.026908286271076512,-0.009641381456490357,-0.016381745387616234,-0.01921594644985502,-0.04138416849201374,-0.04797223327197698,-0.0743498951975378,-0.011765331432286735
2025-02-24,0.006292526993913915,-0.018030235415601108,-0.002284683942538912,-0.011035689544814601,-0.022817068802164178,-0.010366846472641824,-0.0313576567953871,-0.021756545199510743,-0.010561182358555255,0.005226108213353277
2025-02-25,-0.0002428776543699362,0.0004230045694208501,-0.021598409678322272,-0.015190922695431253,-0.01603797122430205,-0.01521412329803787,-0.02841668995456816,-0.08762494178787733,0.01901548587836795,-0.01393686295512222
2025-02-26,-0.027412370805952997,0.00725744971005982,-0.015453521219989438,0.005385693642448366,0.02434011083395561,0.004588582761995684,0.03606312473440632,-0.04043677756749929,-0.014540317995953535,-0.0024636015568783717
2025-02-27,-0.012812691387152448,-0.02652073681079192,-0.024793947838874668,0.0010042028838056212,-0.023215410892913832,-0.01817642015218111,-0.08859155609872982,-0.030905910133740465,0.010663558929192702,0.006283815429128653
2025-02-28,0.018951084186947617,0.01681666750153127,0.010508487617865098,0.02138699430288129,0.01501801386881338,0.011298085602732997,0.03893256748339041,0.03837459125197188,0.013566400542615651,0.010655673718340673
2025-03-03,-0.015879584903652395,-0.03479859601476046,-0.019390524123198277,-0.01534485679984413,-0.019875967986301164,-0.02164370183682172,-0.09094889967224491,-0.028844050845269347,-0.016794190510805395,-0.032592112908269744
2025-03-04,-0.00886161467129036,-0.005968420431592876,0.023141805287433256,-0.040602933682662205,-0.023243447945275227,0.00030885233368355185,0.016779374349874386,-0.045311188236941684,0.016057063146675432,-0.00204365852665232
2025-03-05,-0.0008055574465191736,0.022128220043401252,0.01221180864467944,0.0051019564479897065,0.025408795609744583,0.03143501940622593,0.011230823529807194,0.025621016692865903,0.0028824690659309815,-0.01972088197705563
2025-03-06,-0.0017406835873191322,-0.037456115209580504,-0.003879904644102966,-0.020038117329154205,-0.04444825454219006,-0.010351951445150723,-0.059085943776481666,-0.05770651942025788,0.024365624984211152,0.020464433321079823
2025-03-07,0.015767522493994435,-0.0072509229263983,0.008722981799346871,-0.017430156508055444,-0.0036216268152344006,-0.0090610910485678,0.018991863491692174,-0.0029651004058366417,0.011740848733945002,0.012924901071587825
2025-03-10,-0.04969407536537053,-0.023922554740530594,-0.04589496043713826,-0.042408804290564386,-0.045233214044836094,-0.0340059449174844,-0.051998854242922256,-0.16754574067757613,-0.02297342555184794,0.02518018951616371
2025-03-11,-0.02962380670226798,0.010482560161564325,-0.011094131046301855,-0.013352060612534328,0.012827560709222034,0.0007626153707795385,0.016501773429872007,0.037245079838722016,0.012046578787172718,-0.02389691282193278
2025-03-12,-0.017633248059899076,0.011631581915007516,0.018542015455993686,-0.0054262306793499224,0.0226080931311402,0.007384816215004264,0.062294619238939614,0.07319368705023706,-0.01019495285004717,-0.0002747972604974118
2025-03-13,-0.03422267576860307,-0.02546092021137873,-0.02637556424654207,-0.011962487069128006,-0.047802773835075446,-0.011810586452155544,-0.001383353947761324,-0.030323348875332088,0.0008518182953130392,-0.004224113796144504
2025-03-14,0.018007449695951448,0.020723473340341268,0.01663417593073098,0.03168769035897514,0.029199251816371563,0.025518485647730637,0.051349506075918684,0.037912677650069934,0.014698657496829777,0.029289922740423815
2025-03-17,0.0023859725357845284,-0.011227182074080659,-0.007277641682893962,0.006389631803128005,-0.004453576792208746,0.0003604121012344178,-0.017745105675053947,-0.04906823105490024,0.020999801780604996,0.016485307821423684
2025-03-18,-0.006140314258336676,-0.015030126840267754,-0.022280642118272385,0.004436061359183917,-0.03797434991010004,-0.013416177263012344,-0.03490302676016759,-0.05483544563443516,0.009533105015552008,-0.0010554334063144412
2025-03-19,0.011917947358570942,0.014007778521538292,0.019842881664529653,0.017465880962769558,0.0029149602780776857,0.011149567865415448,0.017944173562609855,0.045761190368065426,-0.001191595096986144,0.01545538923606595
2025-03-20,-0.005310391928647177,-0.0030218279679656837,-0.006672932505995641,-0.00041839917877553275,0.0033160966727315794,-0.0025300805010517132,0.00855759672320247,0.0016944590202751025,0.015968755242462697,0.004236797005511022
2025-03-21,0.019289650746223203,0.006442448675219972,0.00728300004073757,0.010902310944798398,0.01734018115339913,0.01136108557600508,-0.00702711052246302,0.0513547158131408,0.010796111869216668,-0.0034571856630572144
2025-03-24,0.011207392284337526,0.03530037223454001,0.022251826206304816,0.02626304951973095,0.03720287482500067,0.004640715039364293,0.031034323089008616,0.11273547481030481,-0.0006773520789860715,0.00259402626658934
2025-03-25,0.01358908980631859,0.011981521917604297,0.017029812871864582,0.01230005199270108,0.011982667806036035,0.005277715255324882,-0.005948050495023446,0.034423463077927825,-0.005961572999454879,0.006798848144317389
2025-03-26,-0.009971320874512928,-0.022515953159889142,-0.03277809152325519,-0.0003983064545836693,-0.024781356065952997,-0.013220924886847275,-0.059134257491441015,-0.05742390273973778,0.00924747954913748,0.014306632224964021
2025-03-27,0.010418206350687718,0.001142864416179142,-0.01723223231495211,-0.011659982809724502,-0.013843734747453228,0.0015628628138508176,-0.02069434936884807,0.003925268964187628,-0.004797217777141392,-0.0032180099447085353
2025-03-28,-0.02694003354278616,-0.043855989217514546,-0.049983638224803666,-0.021468405201018306,-0.04382886916219593,-0.03062433599252162,-0.015920741714038286,-0.035704833212183235,0.0006202826375318254,-0.0013581729724130025
2025-03-31,0.019226538745356993,-0.012846835734262254,0.002006680614761715,0.010037986167536265,-0.000659219417550704,-0.009042851465469355,-0.011832338692772962,-0.016797411271064034,0.01483017784472136,0.010141183080541637
2025-04-01,0.004760628267686374,0.00998885850959942,0.015591881701383675,-0.006708183361049222,0.01658745560871678,0.01795241208313827,0.01619958874575572,0.03525624951763979,-0.0012035480886221242,0.0009245521795879736
2025-04-02,0.00313149630418324,0.019785262896236874,-0.00019129715085575453,0.008825795485515316,-0.0035386667132990294,-0.0001308788273190025,0.0024480710105487763,0.05189662060946535,0.0001530334080585238,-0.003113133518485286
2025-04-03,-0.09701335938325019,-0.0940813573992858,-0.04107665079747522,-0.07223222121382664,-0.09385222388247423,-0.023913885891821262,-0.0812809923803167,-0.05630172235818194,0.03241974875351287,-0.05401573712254484
2025-04-04,-0.0756802390377645,-0.04242073641032032,-0.03456054459469499,-0.07778683590752147,-0.05190526852380491,-0.03621370108621614,-0.07642299666234827,-0.11003572551557192,-0.0288900803378793,-0.07467602493679805
2025-04-07,-0.03742608084216728,0.024606997782102066,0.007867307529268284,0.019590042678169252,0.022567398048419417,-0.005517591787538286,0.0346999436663738,-0.02597878190231111,-0.000667070581230887,-0.01350840655576587
2025-04-08,-0.051101835883449784,-0.026597259717812963,-0.014067967747294522,0.011267983657140337,-0.011298342558052952,-0.009264270140063645,-0.013818794195566005,-0.05023573100190593,0.052676025445007116,-0.021305651548647372
2025-04-09,0.14261744902614956,0.11312358861813517,0.09241615392602397,0.07747504897045016,0.13763444325603427,0.09652468068725822,0.17162068141896455,0.20449058000160142,0.04493600856400241,0.04870984905615283
2025-04-10,-0.043318714611892455,-0.053085113655140896,-0.037818018244718477,-0.031338593092829846,-0.06977719675345972,-0.023684715063598562,-0.06094729175802365,-0.0755220285780395,0.027114010112014062,-0.057080556141351615
2025-04-11,0.03979219156609035,0.019941079422269643,0.02787629235664599,0.039244491895688544,-0.00499150592806074,0.018446933065227707,0.03075767108114559,-0.0003566259450699316,0.008493335035123466,0.03161729502219753
2025-04-14,0.02181440036785725,-0.014987065296594422,0.012207502821544269,-0.006285639096966396,-0.022492964848353784,-0.0016489950808063717,-0.0019852372644194064,0.00015855643290671638,-0.02091898608466026,0.002421038470897828
2025-04-15,-0.0018782124525660647,-0.013989329016472998,-0.017503361233583637,-0.0067970785528366166,-0.01891776908803059,-0.005377931369312721,0.013368756833628433,0.006950209565496345,-0.005928208802701391,-0.002808893662005528
2025-04-16,-0.039711549127792865,-0.029726389380639047,-0.0192486290296278,-0.015214015174743797,-0.037530312849188625,-0.03729276232867007,-0.07119155886989582,-0.050690742903996715,0.0024815334418707958,0.010516802373787259
2025-04-17,0.013853172532603585,-0.00991534732389348,-0.014253571240405816,0.01018278994564195,-0.0016535648521906158,-0.010359836095107615,-0.029131198002330435,-0.0007454979855451015,-0.2533407580777855,0.025864729384989987
2025-04-21,-0.01958320694582564,-0.031126527586896723,-0.0233590047423015,-0.012886643733821446,-0.034116179850893324,-0.02382839604734276,-0.046177432034535525,-0.05918076725792799,-0.06547406183013585,-0.014792742372907088
2025-04-22,0.03349770805221996,0.03442328337941731,0.025407724553818952,0.028414652798813552,0.03172027371108364,0.02121471192960325,0.020225301724121302,0.04499438204493094,0.004340098123891049,0.02761700519147051
2025-04-23,0.024040263112388,0.041953201051518486,0.025292973386195308,0.022205904403166107,0.039180114316140595,0.020426838465949736,0.037901413158226226,0.052271947159751794,0.0018241956542979886,-0.008624392092592885
2025-04-24,0.018258483033462374,0.032360982528496264,0.024982996190434044,0.015488763588881327,0.02445480480180396,0.03390142271594046,0.035577974453903545,0.03437870754426389,-0.008706845158777649,0.0116668473707266
2025-04-25,0.004357700335927208,0.013048475365695443,0.016685817737390096,-0.004465338656383434,0.026139465411756976,0.011679614712273868,0.042132889657851204,0.09351849398026,-0.01331141765151063,-0.0005525721135438656
2025-04-28,0.004100999953070603,-0.0068492053390797475,-0.00837039597907699,-0.001355994566668566,0.004503127364911189,-0.0017625363858295127,-0.020752545360519608,0.0032583903115033577,0.0032432618293964243,0.000552572113543955
2025-04-29,0.0050788544402886595,-0.0016529240033086564,-0.002805774403442387,0.005739637735685942,0.008513130780451917,0.0073357870430896185,0.0026634883746729137,0.021284373105168935,-0.02597732329502494,-0.0024885793131182313
2025-04-30,0.006089154733784381,-0.01597624814818092,-0.008527771187469507,0.0,-0.00986021086835761,0.0030913106086178613,-0.000917693919167829,-0.03438223363024816,0.00538575951687983,-0.025516663892800304
2025-05-01,0.0038513204585281517,0.030860378884021808,0.015620399712381517,0.009237018217238328,0.041407731045534336,0.07348614189461014,0.024397036741896447,-0.005829314402079844,-0.026500046276007952,0.0014190765472419384
2025-05-02,-0.03807750054973233,-0.0011573530932636395,0.016783389563667327,0.022507909344543893,0.04244459391399034,0.022959613092205088,0.02556424074860387,0.02356864125337387,-0.0018984860703988658,0.00405669456902263
2025-05-05,-0.03196390239753881,-0.019292122294797282,0.001096786592765753,0.00019793831746092093,0.003761498615228644,0.002042545029052079,-0.005956621373113901,-0.024495847170982712,0.01215321173737492,-0.028071238777880266
2025-05-06,-0.0019124477436542242,-0.00721681069789819,-0.0059858337397237634,-0.013192522404081135,-0.020159320115145003,-0.006578563954497464,-0.002463001633647401,-0.01767474071206643,-0.02577333020877732,0.01384764428759383
2025-05-07,-0.011450128136799588,0.019801632738363693,-0.07536690605116304,0.0005616123014167908,0.016045885664411473,9.224078949013456e-05,0.030531374558073913,0.0031546161942166075,-0.008783502408163618,-0.0009553704593652216
2025-05-08,0.006298630949919598,0.01770048072706834,0.01897573899378439,0.01622749590207909,0.0020087222321726007,0.011061243483462463,0.0026448147092960903,0.030659773437438274,-0.01419021116453364,0.01386002143116659
2025-05-09,0.005252178501204581,0.005089047328858073,-0.009966540612784605,-0.0015397661546802935,-0.009273488798258483,0.0012772050468481692,-0.006153354064050305,0.046108194570086934,-0.012816690979508145,0.011622583821719538
2025-05-12,0.06123260765537327,0.07760926703827985,0.03669970783071711,0.02716819503855558,0.07624304325088416,0.02371769770301294,0.05300626430561795,0.06528003118679684,-0.004977773989822755,0.017092857211005705
2025-05-13,0.010101179253206504,0.012999853383055317,0.006729748793484232,0.011318342723882893,0.0256294158367826,-0.00026715172174336216,0.05481138362597715,0.04810492051681205,-0.19586220219067085,0.0027445531776098954
2025-05-14,-0.0028217890724693564,-0.005312830342904736,0.035953390308354226,0.009949874390417134,0.005063178348247448,0.008425001369417345,0.04079445148776378,0.0399319216619113,-0.010881806223552344,-0.008993398712532736
2025-05-15,-0.0041531193839410676,-0.024458403999516362,-0.008562940123154521,0.006939979848097254,-0.02375725542891953,0.0022535126613567507,-0.003775565279316689,-0.01407694599861275,-0.11572770093965609,0.010089404350732968
2025-05-16,-0.0008989878747773597,0.002044981599618388,0.013509277812507041,0.00026166818287576206,-0.005513045891920741,0.002512640710313931,0.004218720774885204,0.020670491941373468,0.0620409329007912,-0.003598290311040661
2025-05-19,-0.011808533337582812,0.0027687076543830617,0.0021038367057016924,-0.010066758898686877,0.00014048180305284942,0.010075321385333938,0.0012549174991100046,-0.02280219175263177,0.0789487464343076,-0.01602557163412692
2025-05-20,-0.00923883715308381,-0.010189475975831261,-0.01549108596244091,0.0030155675876636394,-0.005213131583809354,-0.00152666213461207,-0.008816651237104279,0.005044436283555748,0.017851924866725634,-0.014379361882456808
2025-05-21,-0.023329135189360545,-0.01456138756787949,0.027547286437387013,-0.017618970943967305,-0.0025144734080051736,-0.012297867208924758,-0.01938595586624129,-0.027122740878422213,-0.05957941671350377,-0.012367608401779116
2025-05-22,-0.0036186981790262067,0.009796778074282274,0.013611175603753453,-0.0014182293214874673,0.0016821843973933784,0.005047157840065869,0.007784537318433863,0.019004252475032086,-0.021046333229116337,-0.006678639123679407
2025-05-23,-0.030711201244835125,-0.010443315729919826,-0.014145311805724975,0.00015332514190729538,-0.015052116609614632,-0.0103421754559979,-0.011661706977991132,-0.004997253689502847,-0.0037148010627055398,0.0005824188554047662
2025-05-27,0.024983634850397583,0.02471808928544102,0.025955740333611702,0.017414924836134882,0.024044345712002008,0.023077888304662165,0.03156320356848609,0.06709725458197968,-0.001930300548230171,0.004744602873628416
2025-05-28,0.0010483354048508517,-0.006330074379308311,-0.003128071068167838,-0.006808183840663011,0.0019597575090979495,-0.007254621792452919,-0.005105423993951654,-0.016644185010272462,0.010487213240698779,-0.013714058991668146
2025-05-29,-0.0023478901995321877,0.004775584008620333,-0.002905096087945846,0.0033342341469043382,0.0022813659773386723,0.0028820391502763724,0.0319735338001223,0.0042777491260106125,0.00020132169560123597,0.005664128471559787
2025-05-30,0.004491076894813233,-0.003360050181079145,-0.0006985341990808084,-0.0014004710705303042,0.003775637066354227,0.003655925702098571,-0.02960254144965075,-0.03396601533337422,0.012465119022267915,-0.003805070523305677
2025-06-02,0.004222971920528316,0.007967779780350723,-0.015905563592480326,0.0024967426345732734,0.03551669556662955,0.0034912670828017084,0.016513571067676532,-0.010941091649071494,0.009264333960453251,0.0073045388280905295
2025-06-03,0.007753855637832894,-0.00455906882030232,-0.01700466960551011,0.006064853390356353,-0.006054908305228241,0.002162280790676564,0.027568251234318608,0.004599945784019605,-0.011552507390694819,0.007251720912991303
2025-06-04,-0.0022162836174873693,0.007361824330479417,0.011190204788523088,-0.007728576800515366,0.031151014874619156,0.0019420499819249367,0.004944344619611214,-0.03614067809813415,-0.002792427403395843,-0.014556259741081934
2025-06-05,-0.010856493087603674,0.003276044436817532,0.000951527139694515,-0.008628428027351361,-0.0048522498762754735,0.008179976484342917,-0.013692477144002707,-0.15384948606327908,-0.015229771551471124,-0.004605008738708044
2025-06-06,0.016265311589657865,0.0268593707089079,0.03200133258743201,0.014326965933117247,0.018939640339991105,0.0057565439831664044,0.012282330840399416,0.0360138325066553,0.024639949899632644,0.02367892552965453
2025-06-09,-0.012186604353181927,0.015840481625608374,0.014990565080098495,0.0037936784147111044,-0.00524509504566952,0.0050259098185064304,0.0064007667796065594,0.04453121583281344,-9.8771162959797e-05,0.006690974354060033
2025-06-10,0.006037906567603641,0.0028993089092673027,0.014153575515894431,0.0069488080713082,0.011944589199579223,-0.003878462387048046,0.009281521634984823,0.05519232015438431,0.0019768961712634836,0.02120822219573462
2025-06-11,-0.019380381731049234,-0.02047379463536856,-0.007023575655756804,-0.001676708697333398,-0.011829370327077208,0.0036034432589252476,-0.007810937621434968,0.0010421025390305668,0.022040430422009403,0.01930500692836135
2025-06-12,0.0021107094022437905,0.00018763973740831241,-0.009347116562990138,0.00033547351923678647,-0.0011243263221475826,0.01313740717075899,0.015078528293546032,-0.022679683166052338,0.02524540263718101,0.0038349454018014035
2025-06-13,-0.013901333555272014,-0.005360427367806205,-0.005879597560852844,-0.012340758831966087,-0.015244840501798602,-0.008198533336373638,-0.021117980385975357,0.019242741328905938,-0.01572751397939568,0.021546856392782185
2025-06-16,0.00997799125420141,0.01868340140955021,0.011951050643939875,0.020213025656512774,0.028568919447180777,0.008762249888579429,0.018977775134110173,0.011674257976472,-0.011825975378253702,0.0032057525548325845
2025-06-17,-0.014109748545778743,-0.0059407894922023025,-0.004649618836081761,-0.0031116971595152097,-0.00698898506383578,-0.0022984082372658823,-0.003947360668708717,-0.03960360944657592,0.003925189389386381,0.013423024064995345
2025-06-18,0.004793205338059429,-0.010764380578029788,-0.015060232779398528,0.01633958355505224,-0.0020961524275432543,0.004591609959804895,0.0093925027228024,0.017857560202303197,-0.005421351034567177,-0.007130651978591149
2025-06-20,0.022235474358199368,-0.013405860444963278,-0.03930387462377343,0.003788909751133215,-0.01947660259867903,-0.005931349809233502,-0.01126757310977725,0.00034155282181088666,-0.017039072645228158,0.013252152640872625
2025-06-23,0.0024843579641847862,-0.005835109391705959,-0.008739481297922902,0.011820672245913535,0.023435661042069688,0.01785392919372585,0.0022220025713612103,0.07910624722725408,-0.004413481174579491,-0.026145278286140397
2025-06-24,-0.005973029135193325,0.02041663831593163,0.00951935293952093,0.010687732363934803,0.019380589017257917,0.008421152289271351,0.025543199048136216,-0.023827555571310416,0.016295952811092924,-0.0309003037344566
2025-06-25,0.00627085632161283,-0.0036726605052767557,0.02317476474001209,0.009905925944361306,-0.004954834695298915,0.004397553030850552,0.042427200443476455,-0.03868634165630777,-0.011849270747058457,0.0002768902618616479
2025-06-26,-0.0027821851506041706,0.023911043937020576,0.01661759355146195,0.016375990547840696,0.024269925684468188,0.010467814811230445,0.004590706361105659,-0.005418374727754274,0.001984654513418538,0.014838137640137793
2025-06-27,0.0003979183634067224,0.028065998915184062,0.02834867594832634,-0.005695961047751029,0.010330941596429275,-0.0030401845655282918,0.01745723344614839,-0.006621400161764133,0.02121917156610604,-0.005561393197686584
2025-06-30,0.02013598512579886,-0.017665207343808734,-0.012966691875110048,0.009705279465380764,0.00606095999976524,0.002959668187111396,0.001520362465989865,-0.01861926308527601,0.009210025954561057,-0.014550303419623847
2025-07-01,0.012833554762505453,0.004865337820140418,-0.0022155272806623463,0.001723147949887742,-0.0258985529772242,-0.010834317913543303,-0.03013495171069394,-0.0548353231730864,0.04441965555013052,0.013269557800725036
2025-07-02,0.021987209167053007,-0.002452467458083949,0.01579813351756416,0.005460085647528919,-0.007886735135746992,-0.0019529267652533882,0.025440120604468992,0.04848766871497916,-0.05865662937081911,0.016433352642806688
2025-07-03,0.005211365348392025,0.015744829251554494,0.0049697070065429045,0.018411637237474136,0.007594828749107548,0.015658016819526364,0.013203382511556708,-0.0009508330128998894,0.0032136974955993556,0.010302341116900175
2025-07-07,-0.017001567384060678,0.00026851753624536286,-0.015379751867221443,-0.013708487143463162,-0.0009184257726390464,-0.0022477122660855987,-0.006927443504392212,-0.07030747928005848,-0.015810567184763823,-0.009762287634228508
2025-07-08,0.0002856961320083142,-0.018562963722362966,-0.01384041957997884,-0.031981841615752835,0.0032243594094181907,-0.0022125750804845453,0.011060857368697092,0.013080017887538436,0.013051975885577603,0.027343040072513206
2025-07-09,0.005366196217183966,0.014392611963869897,0.012878401132524208,0.001342887990882328,0.016664263926196608,0.013778461175865961,0.017840047955757138,-0.006501707849529647,-0.015689476557066515,-0.003421139241215669
2025-07-10,0.005997105801245563,-0.0012589875178302516,0.005645855221326444,0.01760808844727331,-0.007589070976576033,-0.00403985128328624,0.007462211022698239,0.046198855706690405,-0.011287796544487194,0.009880726645496649
2025-07-11,-0.005902280522554529,0.01234146308748988,0.014365463832665666,-0.004625980151448966,-0.013469531747693289,0.0036624647720248406,0.004984413337029462,0.01167844971117151,0.015208676844599908,0.004341072463015204
2025-07-14,-0.01210182308021833,0.0029730809278073135,0.007574250447592439,0.006394084484019624,0.0047412104217983255,-0.0005963116158512306,-0.005167295237827354,0.01075495879659973,-0.011642670585191977,-0.013167925628721067
2025-07-15,0.002346106185547501,0.0029201137891530816,0.0024205253817901735,-0.00747518396519486,-0.014714066378916492,0.00555104499717487,0.03961448873256629,-0.019500985006087518,-0.029953889880159235,-0.008905391151680434
2025-07-16,0.005008724622513407,-0.014059063272129654,0.005315510850617194,-0.0025507324971038876,-0.010585344564823539,-0.00039555681279942345,0.003917357282829712,0.03444095462458378,0.0026703869615716538,-0.006040729810050761
2025-07-17,-0.0006663968221358684,0.003086778258328562,0.0033283983068041335,0.014173707490373645,-0.0021362038816777947,0.011953135753057375,0.009466580458505701,-0.007050661595447646,-0.015226993721473682,-0.005091789852327158
2025-07-18,0.005508060298912894,0.009999860894734277,0.00802944364978184,0.004714693762369093,0.004083456034197845,-0.0032297704035930386,-0.003416161732074377,0.031555911584314186,-0.01899422296862917,-0.035459254992925605
2025-07-21,0.006137078072563709,0.013921126445029842,0.02687024755857185,-0.0010305171124630028,0.012263267210394516,1.9661010407750972e-05,-0.005992021538431036,-0.003525100711992725,-0.0018057835013594802,0.002594870330434486
2025-07-22,0.008995498343452922,-0.008012836242670535,0.006501663035949317,0.0015796354039255781,-0.01151102187915983,-0.009435490517924396,-0.025709928968958563,0.010959828902223289,0.010541838787538215,0.004524593616446975
2025-07-23,-0.0011667067342310043,0.003598354221935051,-0.005818081915067292,0.018123901169806483,0.012366353055327196,0.0011868401246140046,0.02220273156305301,0.0013540923687317768,0.02555361609500662,0.012725034406262287
2025-07-24,-0.001822810721298693,0.01711152033504944,0.010146596748128955,-0.0007079866756426306,0.0017082136991364905,0.009855023295866867,0.01718387931526482,-0.08552542784602518,-0.04879376890443297,0.007792734347423673
2025-07-25,0.0005612022815048572,-0.0034075702705456917,0.0052418357052966,0.006956078117410404,-0.0029703907848511544,0.005524198997792547,-0.0013824420820837484,0.034637201499348805,0.008862900309671448,-0.003526386122573901
2025-07-28,0.0007946588520612744,0.00581605955069594,-0.003110606750641249,-0.0011392212386078723,0.006921616722205214,-0.002358247470310243,0.018558731547405234,0.029706848621967902,0.003764331823629803,0.009376202078678788
2025-07-29,-0.013072756763627699,-0.007675754918146071,0.01632659314263738,-0.0041656670095603305,-0.02487375637116577,0.000136541013036048,-0.007040322500009408,-0.013574889801361277,-0.07754388768625706,0.012838970713193475
2025-07-30,-0.010563550635202222,-0.0035559103854630675,0.003976782757678189,0.008681466612989037,-0.0068662906429154714,0.001306309824448206,0.021197062230718208,-0.006747506520358081,0.018858149210912518,-0.008719654993013354
2025-07-31,-0.0071047515593244985,0.016886027515609428,-0.02384072752831238,-0.011378516655294024,0.10663412148350125,0.03871550377272254,-0.00784007161844326,-0.03434052685502853,-0.06394727787483918,-0.0023262786924568026
2025-08-01,-0.02532152842779553,-0.08631653211497635,-0.014539688375590757,-0.023463645305086635,-0.030761551849959407,-0.017757526568690802,-0.02360816874042725,-0.018465033347039538,-0.04839556750852143,-0.018077067642055515
2025-08-04,0.00478153497173791,-0.014540622735209995,0.030770057648058655,0.016757515207078296,0.03454264157229949,0.02176075852665137,0.035511987070790445,0.02167142527004271,0.01341009637795653,-0.020921443683916494
2025-08-05,-0.002116810224905518,0.009873169687714855,-0.001898821505517672,-0.009869914990311732,-0.01676844152434695,-0.014839677755221435,-0.009713609875059778,-0.0017476574412364776,0.04073908585042196,-0.0012115008577256445
2025-08-06,0.049653318035785265,0.03926568541504039,0.007267811097630226,-6.853068715053638e-05,0.011110786721109735,-0.005338691627633824,0.006486127217764385,0.03560499649944306,-0.021016182273828354,-0.006830451696279859
2025-08-07,0.03129869520106027,0.003681789897764909,0.0021906010171948995,-0.015252131556292554,-0.01324819231112665,-0.007841066950261004,0.007496170783500993,0.007349951735303974,-0.004526428980155707,-0.00527160194253072
2025-08-08,0.041485325469322876,-0.0019739023688590293,0.02462792625595408,0.0063227301106405145,0.009757604599676235,0.0023013202125293387,0.010619938166415209,0.02264179762598033,0.02510420118083719,0.007990675485483618
2025-08-11,-0.00837230955100568,-0.006261419913672536,-0.0020873098410447806,0.0027664950892218407,-0.00446852539699369,-0.0005172617964493853,-0.003509139296085911,0.028057128395424267,0.005881645255679169,-0.009124019408169341
2025-08-12,0.010813739262220462,0.0007678847964323423,0.011574546877795766,0.011298215655228561,0.03102047216167369,0.014215062335260138,0.006023808648001382,0.005324552775796538,0.03580580393407909,0.0028308067042038653
2025-08-13,0.015897409188223566,0.013855775538096454,-0.006809765824299073,-0.007953721966672352,-0.012636363204743286,-0.016498310921669652,-0.008608717349844527,-0.004292710283261014,0.03840127160896897,0.013755831693300257
2025-08-14,-0.0023599515483424664,0.028188187008165968,0.004840666923577032,0.01241688991599525,0.0026243728028834835,0.0036430222204388717,0.0023651728456153295,-0.011260099884090402,-0.0011780722609554901,-0.002046698604167758
2025-08-15,-0.005125312002106845,0.00021645874568753922,0.0047192645673995205,-0.012554566418612766,0.003955742315237159,-0.0044310090625219204,-0.008662783940958508,-0.015072159502432556,0.11313544001826449,0.0009395332564677136
2025-08-18,-0.0030271086609148412,0.001989132843084511,-0.0019636104833900105,0.0035737631822661455,-0.02300755984340562,-0.005919366331114072,0.008607800458444404,0.013819862125930686,0.014628770492080638,0.002157560494170403
2025-08-19,-0.0014302831382129908,-0.015147236228621111,-0.009529238047808015,-0.0029887154064795066,-0.020924466058961595,-0.014276749033120633,-0.035625095509758,-0.017608491717904177,-0.0138726116746589,0.0065377662896407744
2025-08-20,-0.01993191516264375,-0.018591996826338653,-0.011225177071144501,0.005421122457403943,-0.0050161341808884815,-0.007976380270356328,-0.0013673901565778366,-0.01656474162017639,-0.01456780930822378,0.01028020926923868
2025-08-21,-0.004923405133202545,-0.008345349193359648,0.0021550635846111317,-0.0026382204314090592,-0.011595371641736114,-0.0012882899129955533,-0.0023974411230332127,-0.011770166368817137,0.011638390015312212,0.006429154861994829
2025-08-22,0.012636571965657789,0.03057093586711227,0.0312462840748484,0.016232715144180617,0.021006403934366404,0.0059122821399642455,0.017055689527044976,0.0603104166993377,0.013327517783541314,0.018593710655636413
2025-08-25,-0.0026377830643617853,-0.003940606259072855,0.011578187517698521,-0.004533528819771086,-0.0019758954730452073,-0.005872572717918165,0.010173380119172456,0.019196337227210383,-0.008362229904747567,0.004125176166848887
2025-08-26,0.009420191929208597,0.0033724076943096397,-0.006496190693679346,0.01236808335081755,0.001061318128570208,-0.004412262225915996,0.010841438539146547,0.01452187916170169,-0.014637879469917063,-0.002239826183768186
2025-08-27,0.005132723136336729,0.0017910076284830656,0.0016399194691792197,0.0023751213265718954,-0.008951162470971545,0.009318292757191949,-0.000935660110993945,-0.005903612812939926,0.011418115228656782,0.01123819712424698
2025-08-28,0.00894079103525418,0.010765909591411497,0.019851899025269414,0.00596334283374866,0.004978381261342312,0.005706532947103561,-0.007905630903938421,-0.010408659566889222,-0.005246152782336789,0.005307398845393937
2025-08-29,-0.0018076532753705872,-0.011289768498294606,0.005982754176608669,0.001161689010704225,-0.016660209097644416,-0.005805202352673754,-0.03381164607950858,-0.0356293206445078,0.024766050602467622,0.008258585359667883
2025-09-02,-0.010479415315868323,-0.016111647069703763,-0.007353917927268206,-0.005722565985498441,-0.00487186864243595,-0.00310341311922011,-0.019713067182561873,-0.01360034804236362,-0.003459114313417176,0.0034938270595777665
2025-09-03,0.03738232170686491,0.00288041832828813,0.08742915002657238,-0.0006341631872106665,0.0026355744054087724,0.0004552210217968493,-0.0009372442279620256,0.014259073808795026,-0.0029835957010907153,-0.024537868966092523
2025-09-04,0.005478194691820946,0.041984146824532165,0.007084921346189754,0.01428761796469974,0.015615973447210461,0.005171201377735059,0.006076844759162173,0.01320230431684188,0.008087331314325073,0.00436892987282571
2025-09-05,-0.00037531238973336324,-0.01431613896889294,0.011555884178680973,-0.03156404376239261,0.005062898355998071,-0.02586461097900745,-0.0274021587013952,0.035717557533237444,0.016012449648362688,-0.028608129934337024
2025-09-08,-0.007580043466470937,0.014994810804568525,-0.003199520828804848,-0.00500608176587374,-0.00019932215071020987,0.006443859038900876,0.007693951967387206,-0.0127361095766315,0.015292007469000394,0.005659970332063341
2025-09-09,-0.014950591264106123,0.010124998519937195,0.02360403689699672,0.01672468503327434,0.017655236001742857,0.0004213686407725411,0.014451487517380842,0.0016441653277190816,0.08287071133276601,0.007256339314153619
2025-09-10,-0.0327913485579626,-0.033765520828453625,-0.0019215547044255015,0.0089908234907804,-0.01808070885414391,0.0039247880153606115,0.03775344457915153,0.0023605495234688204,-0.0032820704015161634,0.016581208596486346
2025-09-11,0.014185282152052413,-0.0016511904499798356,0.005004830990028816,0.016565351427075933,-0.0014371661262641178,0.0012782645216960395,-0.0008463829359904644,0.05868272574299215,0.019503962001058136,-0.003205144971434901
2025-09-12,0.017410578462299545,-0.007858600093329492,0.001787409161272889,0.004408345221256717,0.006226337555177168,0.017588554017360425,0.0036620672137598646,0.07098109112687562,-0.0031154753739163097,0.00017825610149223325
2025-09-15,0.011173206896220039,0.014274139722700788,0.04391351178779589,0.006463029298223964,0.011984727528274671,0.010651038921044187,-0.00039376182782509923,0.034992045964953526,-0.006903566699523201,0.0016925790280519523
2025-09-16,0.006107203194049533,0.011257360441086762,-0.0017901072099667636,0.000938441293341608,0.01852745953344011,-0.0123390602296241,-0.016277980876145105,0.027849686096646824,-0.023588102946765756,0.020526668657701197
2025-09-17,0.0035210509004652986,-0.010436704109897131,-0.006511033474058028,0.008245569373255284,-0.004219497141556134,0.001923308987091985,-0.02659715168438888,0.010006196509857018,0.00537140535556062,0.005305117006283133
2025-09-18,-0.004655381783017964,-0.001685208986324988,0.009968976707687179,0.004736231922902543,0.005822746333825859,-0.0030830589173016253,0.034343879202425466,-0.021384159862326838,-0.020076624096946993,-0.011866551054062252
2025-09-19,0.0315305699369118,0.001080590559717161,0.010616800372023734,0.004936139756553078,-0.0023994664280722745,0.018473236213084644,0.002436745997643716,0.021877209710827277,0.005569516739166481,-0.00979062862115351
2025-09-22,0.04219290013168558,-0.016771933038536895,-0.00863481490768025,-0.0074615548015220245,-0.016455222416097693,-0.006741670095727397,0.03853048537251343,0.01892459915165681,0.013599276886541046,-0.007116202567009977
2025-09-23,-0.006464066249566687,-0.030871872178262885,-0.0034510845997105534,0.0009597368952450678,-0.01283746893512125,-0.010198618417527087,-0.02861765458791344,-0.019441082441463448,0.018549372423749023,0.01708235534454431
2025-09-24,-0.008367357647185152,-0.002267986025112884,-0.018124038096646852,0.002172072326195457,0.006938963472809256,0.001804968828676149,-0.008216168557129732,0.03900845039857305,0.011779951117235173,0.00533894475415452
2025-09-25,0.017911625985712415,-0.009398795415484473,-0.005477537838572079,9.575462215612753e-05,-0.015567693785758497,-0.006134581432704233,0.004060334377331126,-0.04480186162620923,-0.01792492339320175,0.008950735063918778
2025-09-26,-0.0055042148040742,0.007444168873481812,0.003046800618032671,0.008292107300832718,-0.006913848705659479,0.008699166536281246,0.0028099153155892965,0.03938961629749567,-0.0042922216299160305,0.014003055590629102
2025-09-29,-0.004040053534453041,0.010815805882780046,-0.010151069195251829,-0.001171293405719094,-0.0004705735273605162,0.0061205198928544705,0.020331839161166973,0.006360288086303643,0.0031920030485255158,-0.02592603319244145
2025-09-30,0.0007857485936756352,-0.011771724709007034,-0.0039002647962846425,-0.0008240551220147734,-0.012207791300851874,0.0064888745247557375,0.025677811217956793,0.0034011943142930328,0.0003475160283109527,-0.01295341162041211
2025-10-01,0.0032151298202565005,0.004815990813160187,0.007376992833033811,-0.01507682214202526,-0.023476584117074345,0.003392207882805762,0.0035312240305386154,0.03260699487618123,0.00865058027723837,-0.0067634807192744825
2025-10-02,0.006555105475919997,0.008035429408424817,0.0032206562518754286,-0.01022221156383351,0.013445244182262723,-0.007668185610937748,0.00877356456654706,-0.052409624917241146,0.015441431783672629,-0.006270140419913894
2025-10-03,0.0034552785601604428,-0.01312477732054764,-0.0013847085565151982,0.00803127369509699,-0.02294183364169024,0.003116719229398485,-0.006746299902584282,-0.014252492909231236,0.018153891691989537,0.01754666579820156
2025-10-06,-0.005167971387568354,0.006312318256467209,0.020493630911534638,0.0021046497944456556,0.007151832988227419,0.02145578678755221,-0.011148129310685517,0.05305409919515741,-0.00397792348561702,0.00826518946226504
2025-10-07,-0.0008183388500996244,0.003975811225101454,-0.01882402376103207,-0.004830876610448718,-0.00361157202811533,-0.008721815046370006,-0.0026984529592276167,-0.04549829949251959,0.013537884974346628,0.0005253039319440682
2025-10-08,0.006141440918380204,0.015391813667974614,-0.004649517473332282,-0.01196643131771244,0.006653126586502596,0.0016590651962219399,0.021756858631033507,0.012847468714676217,0.017067344966739433,-0.00210273660698157
2025-10-09,-0.01570053155599148,0.011126943813862119,-0.012712248273502764,0.004921611514337435,0.021594502976112075,-0.004678908361057399,0.018130890013948877,-0.007206358713169257,-0.006046519191592883,-0.009782724746745672
2025-10-10,-0.03513195092238275,-0.05121476887040818,-0.020749491492563887,-0.015303148360657198,-0.03921801348755149,-0.02214234287731204,-0.050099617507457596,-0.05195335338705128,-0.03653192158585652,-0.01949631371629932
2025-10-13,0.009697182425175034,0.016955828210376053,0.03153859229170393,0.02325760349840236,0.01463779042685272,0.006029293841267811,0.0277825544651176,0.052779538485349636,0.011666526899358287,0.013544593426139902
2025-10-14,0.00044402022615236544,-0.016863378479674927,0.0053105057773610844,-0.019310568668760512,-0.009899198444467936,-0.0009342779996549505,-0.045019189922353646,-0.01539666493428667,0.0035346522273880117,0.00044535749254892733
2025-10-15,0.006316514957929752,-0.0037966156016826813,0.022479146942886667,0.011879709914788698,0.012480764846931565,-0.0002725401304099781,-0.001111500689457427,0.013674604901329141,0.003383914729685117,-0.006074131999180826
2025-10-16,-0.007608909806463546,-0.005115842622809568,0.0017115108150660145,-0.023667706974563288,-0.007666375206432122,-0.003551178269864027,0.010950226124179306,-0.014816786729139185,-0.012482435169671145,-0.008728905643021525
2025-10-17,0.019370654536732482,-0.006689964147498498,0.007290640393191597,-0.0032879353715512373,0.006788014230305782,0.003843272406871184,0.007725426200566742,0.024331310172500658,-0.00019636425833720252,0.014357680149653305
2025-10-20,0.03868092101339173,0.016018234695332655,0.01274901609847742,0.016002350664474377,0.02104848161665333,0.006230772970226132,-0.003170575676006933,0.01831477587612344,0.02185711584375108,0.004089965112441048
2025-10-21,0.0020190045980656188,0.025314357693141158,-0.0240243592293803,-0.01758318264479671,0.0015012852185218224,0.0016820092785216976,-0.008136405827252832,-0.01085364312168525,0.002438685326059865,8.879296762753176e-05
2025-10-22,-0.01657682531661047,-0.01854683769726401,0.004899013254988355,-0.010081334710992866,0.00019083978282160153,0.005547964873942636,-0.004869486975601364,-0.008235365016010689,-0.010676177950513835,0.017589057909410635
2025-10-23,0.0043625258369113535,0.014304177190941961,0.005507402942314631,0.001461184727969422,0.0008041809835501669,3.858399568198024e-05,0.01037424620852365,0.022547291398770954,-0.0028809358854841984,0.011010603023706095
2025-10-24,0.012404587722707566,0.014013300747685163,0.02666831385146446,0.01983321194145641,0.005922404512736598,0.0058420107731584105,0.022258016158518332,-0.03457920037137167,0.005671050120626549,-0.0051001385279678575
2025-10-27,0.022535356074125084,0.012234712914707927,0.035340643341132634,0.012272813788129385,0.016734508905436467,0.014993712197358728,0.027692149273092357,0.042211814191010485,0.009554388278695461,0.004755138149377307
2025-10-28,0.0007065288197559364,0.009995255600938363,-0.006707272397153706,0.003970393153771377,0.0008254451330183155,0.019654159742433237,0.04861863582365977,0.01781041931942346,0.005069269306391186,-0.007879883422257199
2025-10-29,0.0025989767572192316,0.00456970894129321,0.02619888758512797,0.0004911655410182541,0.00030606922313124624,-0.0009597391008330833,0.029457811052411947,0.002082342411769511,-0.034798130769868235,0.0122689605204057
2025-10-30,0.006283466664280875,-0.03283904572023767,0.024855299851848003,0.012781781127388868,-0.12030238385148281,-0.029590420376358836,-0.020248053829069825,-0.047501755655160294,-0.030030320860610374,-0.015229040877439455
2025-10-31,-0.003802376160255665,0.09152568904562086,-0.001030890558396889,0.0054143304938494355,-0.027564459107705098,-0.015236564413907323,-0.0019734570078558597,0.03671813319553837,-0.009296184112290704,-0.0028814930788920276
2025-11-03,-0.004894071892846057,0.039264803615285844,0.008957222832878007,-0.005705237869812616,-0.016546892147518498,-0.0015074686283697196,0.021448370488581326,0.025538450543862383,-0.023011328188014355,-0.005260333481227639
2025-11-04,0.0036728825801045834,-0.018597025701107325,-0.022022792752013447,-0.0003233185823422173,-0.01642693673302252,-0.00523582904257145,-0.04039308421323307,-0.052848572813666,-0.008907466829855966,0.003334737732764723
2025-11-05,0.00037018397954444794,0.0035233445181079427,0.024100109152870045,0.00782697078634768,0.013663153711260779,-0.014038489946731849,-0.017669859029216153,0.03930641199562339,-0.009384014895022809,-0.0040381925919619035
2025-11-06,-0.0013706039944364156,-0.029034574612610754,0.0015464354903073105,0.005567219649308935,-0.02711161729408456,-0.02003535345157169,-0.03720845826520234,-0.035599264459215095,-0.019036413849485078,0.007187332589767811
2025-11-07,-0.0048305427121975416,0.005621146751201347,-0.021009353464985905,0.0025172820526258646,0.00446541349512957,-0.0005634072263488708,0.00037197664837915775,-0.03744886561150212,0.008207321830203751,0.023477582377763172
2025-11-10,0.004538267036518442,0.0161931675138767,0.03962339416297694,0.00849318920257305,0.01603582336126944,0.018308934606734578,0.0563166528337982,0.03592274671529928,-0.008145155327567552,0.008494851508708481
2025-11-11,0.021371261548658933,0.0028141212824006312,0.00416231677545943,-0.004015879815729697,-0.007435332686541167,0.005282370952023882,-0.030037238330691364,-0.01268032095842644,0.01808903123829829,0.013109380289756428
2025-11-12,-0.006487751089554257,-0.01986689759076167,-0.01591669299299497,0.015062554036688654,-0.029239545769439032,0.004824391767340633,0.0033077900792958703,-0.020731107188327342,0.03484162165674857,-0.013955651889007582
2025-11-13,-0.001903436960562969,-0.027483132611142096,-0.02880180634582686,-0.03470788939433828,0.0014439733950654045,-0.015476922342647425,-0.03646698722696613,-0.06875241071018368,-0.019477005900445377,0.005656214702050989
2025-11-14,-0.0019802422957864835,-0.01223891180071706,-0.007784250851426217,-0.01914968278744382,-0.0007053094271526698,0.013597020135189248,0.017558667856868868,0.005853666241942873,-0.03258343126876678,0.01290882784237004
2025-11-17,-0.018338397301833606,-0.007785167790615942,0.03067413474690363,-0.010728849772076882,-0.012299347331415831,-0.005286587242164504,-0.01895099914976759,0.011238716089416035,-0.004171931897531999,-0.013588465139150326
2025-11-18,-7.47637995860424e-05,-0.045328527802621185,-0.0025996887733506194,-0.0032010896333239994,-0.007201701565769876,-0.027366657918495088,-0.028483347386914177,-0.01893489628165649,-0.021890206426177096,0.011406449342957444
2025-11-19,0.004179213098975278,0.0006288715862684946,0.029564244995286055,0.012809569509060325,-0.012407581004564943,-0.01359982200959675,0.028054465542118427,0.006805426562391663,-0.014421941572782345,-0.014214623563476834
2025-11-20,-0.008638668653641398,-0.025238376767976148,-0.011541314157416221,-0.01625554851703534,-0.0019837813393590747,-0.016130733570459205,-0.03203238704693301,-0.021922199285516537,0.007895357478332267,-0.002816082275379303
2025-11-21,0.01948948732721377,0.01621670892983362,0.0346659328985,-0.0012073145705796073,0.008619218900969531,-0.013276759568626431,-0.0097909588516193,-0.010530198558583292,0.026699360001261652,0.0005126291858507713
2025-11-24,0.016185880529873065,0.025014152157624068,0.061225036623522563,-6.709270885487877e-05,0.031146373658558404,0.003974214213768214,0.020308940527418842,0.0660172720981127,-0.0028793654322017627,-0.009525908954966125
2025-11-25,0.0037980518798046425,0.01487032297548011,0.015140053542090788,0.016639211028439127,0.03709786550604897,0.006288079705412228,-0.026252270527726596,0.003870128654219355,0.022408092466885403,-0.012669417952667026
2025-11-26,0.002091988799439141,-0.0022230225348219158,-0.010848796659713516,0.015197590979097255,-0.004110665717450204,0.017683802879553616,0.013628353190462678,0.016974787220379935,0.01045745676416611,0.0022679805106313616
2025-11-28,0.00467286127681409,0.01756175380535844,0.0007185159158595526,0.01752837065397771,0.02237980445108136,0.01331982147428266,-0.018250417620476727,0.008380619474776033,0.00018197304441111757,0.009970152936800564
2025-12-01,0.0151262172065036,0.002825964858582112,-0.01665984825654784,-0.013376274246441593,-0.010986827308280302,-0.010769020544935939,0.016362629615955304,-6.97394621241348e-05,-0.02009307656023194,0.006106252622360574
2025-12-02,0.010855696011275954,0.0023061862991379644,0.0029173283468531025,-0.003372289131460661,0.009674067814705688,0.006675349732992619,0.008522945693061855,-0.0020945908399217085,0.004106579004323939,-0.010775506925025739
2025-12-03,-0.007153684504557431,-0.008740386717129234,0.012023278752705898,0.01370965631620816,-0.011657743339014325,-0.025359684307076167,-0.01035883508236204,0.039960567737700375,0.04568341441305004,0.020757259421658066
2025-12-04,-0.012215789741831256,-0.014171743534491207,-0.0063084674509854355,0.012638991810082914,0.033712345521616956,0.006488812662661286,0.020939676150844275,0.017287167308555625,-0.018479427502715202,-0.005618511136689717
2025-12-05,-0.00686355564689062,0.0018314943611840917,0.011426226712691362,-0.0033590270876577106,0.017813833594919608,0.004813305577848631,-0.005303561955473612,0.0010335035967348669,-0.0077663724614811785,-0.005135119411031204
2025-12-08,-0.003197540392983899,-0.011568418747626617,-0.023127110569809796,0.0005393146611319704,-0.009879081056581996,0.016137024080980087,0.017067539740813674,-0.03447772390855956,-0.015575467930604716,-0.004816882149223226
2025-12-09,-0.0025582223487182498,0.004529366309921425,0.010653205944418723,-0.04775790962736907,-0.014866985162616196,0.002034460923044121,-0.0031307726339145528,0.012636566806914386,-6.183994285935488e-05,0.01938327842687224
2025-12-10,0.005755762741702212,0.016793958483706913,0.009822969952304814,0.03144579667059773,-0.01045084399994186,-0.027737782748785963,-0.006454273212194532,0.014008389943790958,0.01463285667437969,0.010850017200146398
2025-12-11,-0.0026938721785778564,-0.006492686132941979,-0.024596525031730092,0.02317282517367252,0.003960671315716565,0.010207698642583593,-0.015629252452978915,-0.010152139695978377,0.025140446140645954,0.0
2025-12-12,0.0008986907156853279,-0.017920589673159203,-0.010101118824282765,0.0035855219227433673,-0.013077129469912597,-0.010270345009627218,-0.03320988405610645,0.026650529578487583,0.0150612618420295,-0.006041302635185232
2025-12-15,-0.015098298686657966,-0.016268534273204432,-0.0034655163891960765,0.004698147432056445,0.0058936797766686415,-0.007783100806013461,0.007229997969270962,0.03500417593015653,-0.002167046125657971,-0.008961027346852887
2025-12-16,0.0018224664254049999,8.98866451848032e-05,-0.005367707739022983,-0.014066231704155253,0.014778109019416348,0.0033010826256549314,0.008078971499177832,0.03019325551468915,-0.02043599145717302,-0.02650307069549163
2025-12-17,-0.010138247658845124,-0.005813022613826454,-0.03265726081512035,-0.0018079786082591546,-0.011709520323177205,-0.0005669788742274988,-0.038896680515676234,-0.04727460429487326,-0.007719768198509468,0.023526513015126687
2025-12-18,0.001286746577224654,0.024508470639878127,0.019160124141452444,-0.006306029131143633,0.022756733885575087,0.016373686322175084,0.018546980913234357,0.03389652701091261,-0.010579574228722204,-0.007437525815392453
2025-12-19,0.005422681951884745,0.0025985418858299946,0.01541980802173458,0.013360748689700244,-0.008585132748912054,0.00400041265745044,0.03858231680305103,-0.0044993863680713635,-0.0021965956423437858,0.0012862209717962583
2025-12-22,-0.009914939859583293,0.004739078487121393,0.008493627287605566,0.018366988928747822,0.004135553565664006,-0.002060026788581246,0.014807718486955977,0.015527202757109204,-0.006926374621693716,0.012434193075451341
2025-12-23,0.005116600880012278,0.016110849706755952,0.014644539642077771,0.008751697065820635,0.005186771874033061,0.00397214761063837,0.029608033317785238,-0.006507353223946919,-0.0011078555507387446,0.010691657585559485
2025-12-24,0.005309660095674185,0.0010333484556670999,-0.0008274842710196427,0.009891715088425703,0.00391747403462239,0.002400221534646221,-0.0031762233994321078,-0.0003295782832779731,0.008522790176358944,-0.0016762127513247106
2025-12-26,-0.0014984030103084444,0.0006022774408405259,-0.001848142716629373,-0.0038350969581531147,-0.006401942101222528,-0.0006353561311843441,0.010128284734973564,-0.021258551524587485,0.01289040610460589,-0.0009230316568663706
2025-12-29,0.0013159300206065142,-0.001937179352692427,0.00015944548869310237,-0.012767631944483378,-0.006959267343993393,-0.0012515348656507654,-0.012198192178212625,-0.03327112293491262,-0.008747302073594585,0.011851222375090287
2025-12-30,-0.0024872503984942067,0.0019801618568183687,0.0009243996663374693,-0.0010197253785205723,0.010961574488480381,0.0007798461292190305,-0.0036193198928964683,-0.01139973602177475,0.009741285106794242,0.0038092054556116265
2025-12-31,-0.004477472540670465,-0.007381025988312501,-0.002712013930594704,-0.003717336683380555,-0.008838469437340053,-0.007949807912633325,-0.00556096519082302,-0.0104187006411069,-0.006190787460729715,-0.0053868199437987815
2026-01-02,-0.003131377948914837,-0.01889327280046985,0.006845465739850215,0.01006647108593755,-0.014773282949542107,-0.022330964886835367,0.012521892750037324,-0.02624643791802105,0.018874973930616084,0.019013773407409906
2026-01-05,-0.01393373781601678,0.028550975746587545,0.004400966860659075,0.02595974470175952,0.012801938058977794,-0.00019031417583016398,-0.003872991969811118,0.03057312274344065,0.01656830871734297,0.021854801911332558
2026-01-06,-0.018504424048275635,0.033210483799024845,-0.0069744243250146115,0.006205452227233568,0.00277393819506747,0.01189892113605505,-0.004688805860122811,-0.04230652917497186,0.020116707428203044,-0.03498594274515418
2026-01-07,-0.007767586346101093,0.0026114748641676943,0.02401431699339222,-0.023036019155679814,-0.01822383661849573,0.010312111434744248,0.009937556278234288,-0.003586402728205757,-0.021052692585555522,-0.02137515097677845
2026-01-08,-0.004967528026699398,0.01939179681615764,0.010688596319191309,0.008526512029452593,-0.004062547750147667,-0.011148447616020766,-0.021756872784011613,0.010124471981728621,0.014959214251761515,0.03662391068370733
2026-01-09,0.0012730781005779077,0.004415959535942419,0.009571837743600703,-0.0018209993893160631,0.01077665023750994,0.0024441728912703835,-0.0009732270826363764,0.02091338126870214,-0.008308919070911554,0.01373643012012579
2026-01-12,0.0033870509285561217,-0.0036853485099490966,0.00996323487272357,-0.014380442421533322,-0.017127527812730442,-0.004391217865887232,0.00043270820192001583,0.00883700211279967,-0.010138926764598656,-0.004665432964719216
2026-01-13,0.003069277518178039,-0.015826265506308397,0.012308640341220088,-0.04278342771965156,-0.01709294557748412,-0.013736507182654508,0.004693209374154674,-0.003927828743923437,-0.019513277351791425,0.020034984900475415
2026-01-14,-0.004184200562639289,-0.024831791107773515,-0.00038698669936456157,-0.009793652154269977,-0.024981077684351052,-0.02427942109519256,-0.0144737618783219,-0.018051031148363036,0.0030797798221156585,0.028513182759828132
2026-01-15,-0.006754488045120549,0.006444429028140061,-0.009153178048605836,0.004504793022612319,0.008541482039797271,-0.005938635536979807,0.02112502378995899,-0.0014354670972459708,0.01187096202891546,-0.00825195087114772
2026-01-16,-0.0104334609449757,0.003938837966679267,-0.00838899138112511,0.01032607894635446,-0.0008863310845809698,0.0069829161120922465,-0.00439348755272313,-0.0024427450941923528,-0.02370324856934358,0.005868228684290708
2026-01-20,-0.03516675157780259,-0.03454778703396358,-0.02454108763585905,-0.03163414819950337,-0.026349733663020885,-0.011680223052395683,-0.04480562773387968,-0.042609305094350874,0.022138436576973283,0.004378845749724547
2026-01-21,0.0038434513252299496,0.0013410811217221105,0.01961992178812403,-0.0023147430832682497,0.01452686023188949,-0.023169670533137062,0.029056537657964503,0.02866105598439217,0.02716656918108295,0.023858441558572772
2026-01-22,0.002822574664753265,0.013014244969160121,0.006556125756840722,0.005250256375453734,0.055019782929853496,0.015705520178247077,0.008257212491436692,0.040695858938020815,0.019139939638131983,0.0002245210044779861
2026-01-23,-0.0012490498169329728,0.020359762712410228,-0.007927482134239525,-0.01965643372851073,0.017039807335167065,0.032300585451473816,0.015194520290977908,-0.0006678119583802994,0.005037110432526288,0.009902796512661561
2026-01-26,0.029280156810427234,-0.0030989827151846525,0.016122850940925554,0.011089757539444038,0.020434481253087985,0.009249904782276927,-0.006414700713591816,-0.03135078007637384,-0.013052945943014932,-0.0009637315253828699
2026-01-27,0.01113537016267108,0.02591738783059459,0.003863308730187143,-0.0024278602087021025,0.0009068913588675953,0.02166550821931283,0.010933722693939045,-0.009929693133760457,-0.21822166255479078,0.014650536421730606
2026-01-28,-0.007110802091642614,-0.00684863228798761,0.0043545683865085375,0.0015304477762258923,-0.006320410222100932,0.0021824219748765978,0.015788100555001735,0.0012987560805733547,0.03926153103421185,0.005466243996482615
2026-01-29,0.00714951195007178,-0.005281189009015846,0.006644445152127445,0.0186110134055129,0.09898350615029354,-0.10528434928615048,0.005155890394303416,-0.0351442835440217,-0.005901239726747121,0.02107308465659703
2026-01-30,0.004635516244257892,-0.010103375476311564,-0.0007394302350314121,-0.0017311372082860605,-0.029985563188647524,-0.007432400683403792,-0.007194235238293908,0.032707748293060876,-0.018508302521279028,0.006314068652468152
2026-02-02,0.03977922983061694,0.015178840703943746,0.016694144844609852,0.007328700947013755,-0.014182511319568216,-0.01621288172015588,-0.02930620592319385,-0.02018328139266714,-0.004680964580767851,-0.021444653855962153
2026-02-03,-0.0019647246882501424,-0.01802454038618342,-0.011647767258048704,0.021542038351882547,-0.021043427681574568,-0.029142520112481862,-0.028803742914224988,0.00035553266889641583,-0.00494947398992357,0.03778852795087111
2026-02-04,0.025680287047938025,-0.02387675021837666,-0.019829578821114843,0.007656716367057874,-0.03338312330932552,0.007220868463188697,-0.034697178882302095,-0.038532688670109685,-0.02949682237560139,0.026501530391370196
2026-02-05,-0.0020997961220096443,-0.04521487700574901,-0.005389273962435708,-0.022664786213057765,0.0018219938622909511,-0.0508118658368591,-0.013350120861006402,-0.02191272731756527,-0.027073823387137545,-0.01028370169097824
2026-02-06,0.00797784107081465,-0.057150465515023806,-0.025654666187762257,0.03870475774615286,-0.013141606918423851,0.018797518997179397,0.07577303508317983,0.03439569638292661,0.029715989315974807,0.02012744296701554
2026-02-09,-0.011729000497211482,-0.007636568568798812,0.004511976127782775,-0.0009309078897587004,0.02354657289088363,0.030588820346685523,0.024664902387306904,0.014992548192064116,-0.0034398475024180466,0.014387834779096477
2026-02-10,-0.003428831498793266,-0.008468076358810299,-0.017857175162165135,-0.011930662750366815,-0.009644478696859545,-0.0007982280148395168,-0.007924370677356948,0.018729813289406434,-0.009035896653386465,0.0025098060882388054
2026-02-11,0.006628103245317512,-0.01401348751238724,-0.024209378579667557,-0.023717441256514482,-0.0030310693655162288,-0.021770891178542195,0.007977105419925957,0.007170667714086594,0.020611827048573707,0.025852022544017222
2026-02-12,-0.05127407257936166,-0.022196688349696986,-0.00632283346412636,-0.02667003680264031,-0.028640550214027307,-0.006276264375390111,-0.01649951126645964,-0.026499721174377204,0.019386961501305054,-0.030219814778677162
2026-02-13,-0.022995839415095466,-0.004066437083335938,-0.010671693804613325,-0.0002975346496566739,-0.015571327214771068,-0.001294823159871587,-0.022340433476236748,0.0008867362574486323,0.030544596866133988,-0.009920278748112988
2026-02-17,0.03117681438621338,0.011801910679928636,-0.012176512355151718,0.015024592367478056,-0.0007505209541119311,-0.011175591191809244,0.011746344619703246,-0.016448249621048336,-0.014082772862260794,-0.0153409683337807
2026-02-18,0.0017795532383034164,0.017934163011373634,0.004328154695212355,0.005357972092925115,0.006128581884773992,0.006880453544403101,0.016141838338721674,0.001678940551719039,-0.0030832460001958524,0.030251149329743966
2026-02-19,-0.014364224365880748,0.0003417909236829623,-0.0015836689050871284,-0.0023669305096546424,0.0024224061806033905,-0.0005770287920214309,-0.0004256277036358056,0.000947679089765262,0.005984737252492093,0.001922828948887176
2026-02-20,0.015233823534795543,0.025304384018124338,0.03927159606731417,0.008855379114033855,0.01673323408663877,-0.0030916176909677397,0.010166442233303357,0.0002671812076260135,0.0002413935813510143,-0.02474565518820732
2026-02-23,0.00602904668779855,-0.023304999462925406,-0.011142040951804093,-0.04313185448481375,-0.028480283268426505,-0.03264977069912112,0.009072522939621767,-0.02954695527872473,-0.0267688929725557,0.023353659315183233
2026-02-24,0.022144036649487702,0.015900551376285547,-0.001895820979512424,-0.0012439331388260713,0.003211746552263668,0.011713641833520843,0.006763891796129693,0.023604408796446652,-0.030166363176369525,-0.009999492420500545
2026-02-25,0.007650520846136862,0.009923754371216356,0.006412352425617707,0.019980614880080128,0.022259315138828957,0.029384055394936336,0.013954458115647371,0.01940114803767631,0.036732577128120225,-0.001340756270684215
2026-02-26,-0.0046786052410885525,-0.012997130763748655,-0.017798959880026242,0.009287585014648901,0.005066097189523062,0.002791917205408831,-0.05610616371498543,-0.021357279325286554,0.008618608877106443,-0.0034947335349735003
2026-02-27,-0.032657957379533524,0.009954149190768667,0.014148966401481737,-0.019227938861463983,-0.013530886153766148,-0.02260753692228252,-0.04253841115102456,-0.014967735162802963,0.02279673463970227,0.026310423318732075
2026-03-02,0.002041924719824955,-0.007696209563361218,-0.016950742877400962,-0.009166031826472012,0.008265910075498125,0.01468509769894799,0.029417965049183585,0.002010344152525457,0.005644487073961535,0.01121555989890425
2026-03-03,-0.0036708976244395467,0.0016302091348675868,-0.009637871137742905,0.00903284313298966,0.0023230854579415765,0.013408647831676312,-0.013406031910892074,-0.027372150980348144,-0.019584991312847213,-0.01561867207347566
2026-03-04,-0.004674468498819032,0.03802601972435073,-0.0014832666350016398,-0.002901611774074465,0.019126483335465395,0.003139220615922468,0.01647012436394315,0.03384721273919843,0.009463733764526774,-0.0133268699024581
2026-03-05,-0.008530831338801404,0.009730180814114253,-0.00745022587578358,-0.01969920234007789,-0.010780750218416239,0.013433508696627289,0.0016375736151613366,-0.00096123102727329,-0.010986337267067586,0.0062545409844556475
2026-03-06,-0.01093213459894777,-0.026520103831069775,-0.007874688670685488,-0.01396170454436624,-0.024069923175256292,-0.004196959457124567,-0.03057037870423802,-0.02198816416611494,-0.007961691587671925,0.002980493788588297
2026-03-09,0.009355669414157603,0.0013123918981728527,0.026627573258840187,0.0015189002047436512,0.0039156834447055516,0.001099767241845775,0.026799842059778225,0.004903095477786746,0.0031610330047003045,-0.005105314659222981
2026-03-10,0.003648874557014285,0.003926872997654284,0.002217256954955653,-0.004113092137313458,0.010265555471366521,-0.00895519345973096,0.011540049870070287,0.0014036436297643494,-0.00997360429836578,-0.015474010066328382
2026-03-11,-7.670972662595488e-05,-0.007869298894721337,0.005391957579841923,-0.004199626911440157,0.0012070636730406865,-0.002171161078240015,0.006850279863628475,0.02126320318819362,0.010254039872821108,0.023023178173022348
2026-03-12,-0.0195526595655038,-0.014780671622370333,-0.016823743285437443,-0.016234139424124144,-0.025801047858578785,-0.007486996517855703,-0.015657017582739324,-0.031914812787204434,-0.029168030323464728,0.012782485243646462
2026-03-13,-0.02229865363447962,-0.008916648837354262,-0.0041925494222189,0.0019421979071442684,-0.03909800723548689,-0.015826551578986114,-0.01590614903148685,-0.009692136394107657,0.018028192859287317,0.016728864258597403
2026-03-16,0.010737011185857437,0.019408860320450153,0.010792430673513667,0.009550584461822866,0.02299736633433219,0.011062368643045354,0.016342896559540954,0.011083506865035645,0.011980780137389764,0.007084805093974457
2026-03-17,0.005561553592463054,0.016208681248397017,0.017389521764320726,0.0025478674235575463,-0.007663393274436528,-0.0013511210133194,-0.007065700712188807,0.00933537602077204,0.0072593739671931775,0.009998837457253388
2026-03-18,-0.017018440434935896,-0.02507954596315967,-0.010442915185014242,0.0029582446106548744,-0.011273233148284706,-0.019262435829129988,-0.008445360648967679,-0.016388196671314647,-0.011330839283876582,-0.007711805819411821
2026-03-19,-0.003928637969992818,-0.0053030276815244914,-0.001821659411311911,0.000799159223459491,-0.014692904057745948,-0.007095289098823652,-0.010251940462499028,-0.03228927274343446,-0.013775668853406456,0.0036104863482625802
2026-03-20,-0.0039038546496206693,-0.016372033885598155,-0.02016085311090813,-0.004908425671614892,-0.02172771740000326,-0.01855045253982266,-0.03336870520646045,-0.032986169449252166,-0.017445514674974905,0.009501986578669465
2026-03-23,0.014014812591042392,0.022960765779813284,0.003515474619599001,0.011622583491867245,0.01736678392254706,0.0029547673243715392,0.016880501264273443,0.03443139945829688,-0.022197501226467988,0.009102355265814457
2026-03-24,0.0005962460475602484,-0.013896403903249794,-0.03922867113558763,0.008552216779579985,-0.018614073048194207,-0.027153937768180758,-0.0025083307357880963,0.005707699063017406,0.010114097409651874,0.026034339639715246
2026-03-25,0.0038868788463975487,0.02133987694053351,0.001685596671163304,0.010275454764177187,0.0033170736732061044,-0.004571152690792659,0.019668337891847958,0.007594547116542637,-0.00637405836377967,-0.012901866702527727
2026-03-26,0.0010682625170895263,-0.019893385566031804,-0.03501266341009786,-0.012809478057790993,-0.08294109895877108,-0.013758534009891197,-0.0425303080215932,-0.036518388902705916,-0.009283305871307535,0.01320408920114136
2026-03-27,-0.016305280196262602,-0.04031216865924322,-0.023701747101302656,-0.03070730412147777,-0.04066678726205274,-0.02546012506735926,-0.021963413780231762,-0.0280150189690427,-0.03426829317254603,0.033056966529054474
2026-03-30,-0.008760109701824332,0.008044214540419325,-0.003066625853971971,0.003282672939755061,0.02007426140964033,0.00611966014484149,-0.01412747193455417,-0.018268243604687585,0.010637507318007097,0.002803230649256805
2026-03-31,0.02861786495948073,0.035779229656415903,0.05012990705870468,0.03595979399902107,0.06452330162265603,0.030751447801748214,0.05437625561333066,0.045315377792307994,0.03306200986340935,-0.010611848632389785
2026-04-01,0.007223978636376895,0.0109828388282875,0.03361296174041603,0.004138821976746752,0.012333430331749967,-0.0021635289281511007,0.00771105353121578,0.02525999735964806,0.012450387340620274,-0.05375943595158966
2026-04-02,0.0011338123573076417,-0.0038064614152036554,-0.005462337645962499,-0.0026441735436960176,-0.008269132622956196,0.01101201335750153,0.009288088228185538,-0.05574001402961767,0.0119006197974689,-0.0005599779366503515
2026-04-06,0.01142239161475063,0.01429401955243689,0.014166973229900738,0.007985826785513652,-0.0025098367236974298,-0.0015542218182786648,0.0014083382738375788,-0.021783536042954785,0.014679202384955464,0.016540487375283897
2026-04-07,-0.020923456036972127,0.0045949583469463715,0.01806970063372021,0.006578412169908947,0.0035362963950763718,-0.0015835039189674074,0.0025862058206754654,-0.017642424845982326,0.08958789187694624,0.003300037138635307
2026-04-08,0.02107802518992581,0.034392593210598475,0.0380919413630264,0.03492429647888253,0.06296131492105915,0.0054646202714657,0.02210099101794525,-0.009856563133277247,-0.005703100273765875,-0.04805230104502939
2026-04-09,0.006122567123347408,0.05453095913592383,0.0036802842067981197,0.007633806144905957,0.02574274969004378,-0.003371654917970858,0.010000334200718075,0.0068808468500743715,0.0030347869744975107,-0.007582109519110016
2026-04-10,-3.8345556912621514e-05,0.020041816513914186,-0.003932439437588319,-0.0014833255164648355,0.002336465202516237,-0.0059144890165382935,0.025340931070435613,0.009588788947183922,-0.008441973824239418,-0.016453054560155677
2026-04-13,-0.0049260673756055485,0.006314422859656274,0.012747789780323843,0.012220485822152918,0.007387146364669433,0.03575403655529446,0.0035984100488998323,0.00989500379675574,0.028090635845698667,0.000852116298823413
2026-04-14,-0.0014286068821369137,0.03735274928383289,0.03546580363710918,-0.008194680751405403,0.04312075772108938,0.022483811465560243,0.03732744648887824,0.03287951656879651,0.0037946616542946865,-0.02252643898076281
2026-04-15,0.028940120889102108,-0.0020903861446825195,0.0125667731821318,-0.01682235070371428,0.013627804672031613,0.04503888343389864,0.011938031369764115,0.07343111096819813,-0.00044574161657777195,-0.0015423655411854844
2026-04-16,-0.011437796552710188,0.0048173395273468644,-0.003268333148616994,0.013054716392694827,0.007845985357244307,0.021745251113201896,-0.002618194278043067,-0.0078120863116936485,0.00745507721681482,0.019735545837719155
2026-04-17,0.025599724502604514,0.0034382179946092772,0.016704019890516727,0.0010963345559705288,0.017108713626815247,0.006002043749179862,0.016649073332435406,0.0296911094422974,0.025678920420017074,-0.03713317228242087
2026-04-20,0.010381401662850636,-0.009141266429826336,-0.012546149259453765,0.021362883546273116,-0.02595292477717801,-0.011226740924225573,0.0018824237593380586,-0.020476797687229584,-0.0035487651929547673,0.00843190166391323
2026-04-21,-0.02551957602598669,0.006543731071590066,-0.015320409239913332,-0.012667040147730398,-0.0030900877519639235,0.014461871447776973,-0.01084740809684451,-0.0156116416401595,0.06733034514728718,0.004594081740594729
2026-04-22,0.025959122658055597,0.021573448951202067,0.020935575571808553,6.385450264070844e-05,0.008752856380746823,0.020442188268340603,0.013022666698602456,0.0028167845306925577,0.021472371333151802,0.007654603112211498
2026-04-23,0.0009512419139857489,-0.001097088026179746,-0.001268059342409964,-0.0042578849925245695,-0.023346602573655204,-0.04046886377167461,-0.014224159796213538,-0.03623482292188371,0.002937507115960716,0.006866007130415139
2026-04-24,-0.00870548556450589,0.034333958023186784,0.016128121174901693,-0.01100066621441083,0.023806006921236807,0.02111053357014146,0.04231955004193406,0.006879807968652782,0.0010148721591513277,-0.01082024531729966
2026-04-27,-0.012809554739298108,-0.01093113357236666,0.017100363295902886,0.010808076207741784,0.005304181205167543,0.00047093907199736843,0.03926319027785601,0.006278483691632188,-0.0006482573014312213,-0.0048468823104791305
2026-04-28,0.011517520751980868,-0.005452887403187945,-0.0015997151332615383,-0.0005776973848079748,-0.010785602217771114,0.010373913089718178,-0.01600850416151377,-0.007022844604162197,0.033490739514132006,0.015866421426324682
2026-04-29,-0.0019966978339397375,0.01277897868001351,0.00045734758925342116,-0.007088869541220571,-0.003312316930648197,-0.01122176316871562,-0.018560255972615913,-0.008600254179982027,0.010766044696274102,0.02693213329552853
2026-04-30,0.0043581493936293405,0.007650061888693173,0.09496195924186007,0.012787757483226312,-0.08937823141819438,-0.040089887405449304,-0.04736465906513777,0.023409515563600516,-0.000701521575257873,-0.0022006462065732465
2026-05-01,0.03187991038650981,0.012000489635761667,0.0023102896670280067,-0.0024292809532104396,-0.005177488415403541,0.016200380815886175,-0.00562788249813037,0.02379554904158833,-0.0045991813452101755,-0.01029058935598965
2026-05-04,-0.011885962197690256,0.014029132183864345,-0.006346484401737387,-0.015545747384606946,0.002723162409339637,-0.0019805564528877612,0.00015109925506329687,0.004314924812415465,0.0053276906137504874,0.006135036239211539
2026-05-05,0.026204338554427865,0.0054985478239463976,0.013425462662561916,0.005672182198308184,-0.008968510390804464,-0.005430265418195371,-0.010025891482081857,-0.008032003657369561,-0.018731358969357178,0.007713029951827262
2026-05-06,0.011649801728447845,0.005250321971042334,0.024439568109513986,0.017620215107473358,0.013006805266546462,0.006251935224948011,0.05605804652492139,0.023754487827164997,0.009327896816478946,-0.04078702695568466
2026-05-07,-0.00024353676707370125,-0.01398871786017844,-0.00012566775395786466,-0.027788100651294837,0.006391827246250566,0.016317029709620266,0.017504551528897266,0.03222900776203085,0.006675514541939382,-0.014292277506208002
2026-05-08,0.020250074126795237,0.005552939638259035,0.007035661903728889,-0.013708901199919597,-0.011708800290584477,-0.013518725545446366,0.017342835809247024,0.03942710124226755,0.027318665021449536,-0.013807504425191987
2026-05-11,-0.0012634684139431265,-0.013624751749596186,-0.030809005349915507,-0.006975695828254186,-0.017824338822277564,-0.005943620767689755,0.019511007291121277,0.03813364950728898,0.011669083977722058,0.034735838167074796
2026-05-12,0.007217281916175962,-0.011854752338375166,-0.0033248284969245433,0.016135812931797267,0.006889353612012059,-0.011920778009659372,0.006087883494185524,-0.026297804689101322,0.030610857477276782,0.006326871258440463
2026-05-13,0.013711560991706276,0.01608392713413966,0.038664537053085424,-0.015302751160139258,0.022351957398803673,-0.006297779830460884,0.02261580585803677,0.02690433759547956,0.011961720111710802,0.0062211136575871665
2026-05-14,-0.002210772244144634,-0.010831048951722346,-0.00385720713884289,-0.001133015411396599,0.002914850865910365,0.010360489291041258,0.04294701759820982,-0.004434100858338372,-0.005173429184821137,0.007951317250508043
2026-05-15,0.006750976522238501,-0.011592972656152402,-0.010754019416150288,-0.007026813007544652,-0.0068145493567160825,0.030049788861924314,-0.04520787679613538,-0.048672864587404434,-0.013216735519203935,0.039854134150739316
2026-05-18,-0.007992466908238653,0.0027220081197222258,0.00040318405143820255,0.009757209291206721,-0.00492886541882719,0.003832278848626929,-0.013403819528754392,-0.029441104289050234,-0.006930156271110618,0.01614310547017116
2026-05-19,0.003786820722815226,-0.021061401192618883,-0.02365650610638229,-0.016867440023781054,-0.014170384779384529,-0.014555068940400357,-0.00772141061963216,-0.014445663458309575,-0.004843959224408934,0.012753995963667452
2026-05-20,0.010911251503184886,0.021627669973466716,0.003219322979792405,0.02101544817933584,0.004057442622716455,0.008682378065394921,0.012880756382786308,0.03202247022638431,-0.015378104687922809,-0.03933640314831609
2026-05-21,0.009024467670268961,0.012934297256761875,-0.0032193229797924917,0.0033719680731615523,0.0038269293201572126,-0.002526090592902171,-0.017879425943107992,0.0014129789484986274,-0.0021415947497241384,-0.006354969029154711
2026-05-22,0.012479649444335736,-0.0080032744617438,-0.012171995269428916,0.011093342450438514,0.004730548527984734,-0.0012415277754476936,-0.01922601401684015,0.019340312041325056,0.015539610724251082,-0.0023854505195197427
2026-05-26,-0.0015880121843198519,-0.0038750213028487137,0.0153141336694057,0.001174264026317696,0.0034025714037103465,-0.006086787367366893,-0.0021850774060261733,0.017636535587117294,-0.030342263495584398,-0.03354103459458871
2026-05-27,0.008139905925081868,0.024426866578213892,-0.0001286280291200787,-0.024620894478387285,0.036746721454421066,-0.008109095484610435,-0.010574191531007708,0.015493162254673815,0.01879493651355107,-0.012831479783707153
2026-05-28,0.005325999563197865,0.007877640344363742,0.0033378675149664484,-0.008556887250948752,4.712123853181468e-05,0.03411229625288361,0.007731054577228179,0.003943573700417892,-0.003861574159506625,-0.006375841857032786
2026-05-29,-0.0014410307239461104,-0.012338527790443166,-0.025414489195130573,0.008657160564949532,-0.004385523673373945,0.0530201813564115,-0.014622087317938178,-0.014375619088440037,-0.005820384856164847,-0.011635284229926917
2026-06-01,-0.0185978161231111,-0.035273461160258576,-0.0104928631091566,-0.009162885581194609,-0.051983422142678065,0.02257550971290651,0.06073045986638763,-0.046763726698806594,-0.0011839572051208875,0.02796822525417102
2026-06-02,0.02860974364520492,-0.018309525985056377,-0.03934291252506397,0.014660351758215043,-0.0047408004140199285,-0.042608691140752344,-0.0068876374559193035,0.018723267699191404,-0.00512015738312735,0.001204206168877272
2026-06-03,-0.0157967095998125,-0.025665659701418486,-0.007935267638281661,-0.00036542992595152884,0.041542601453710186,-0.032167630063060046,-0.03688972124723909,-9.435010681166908e-05,-0.0024373977783383265,0.019663656223817935
2026-06-04,0.0031215368741391546,0.01496619519549892,0.03610999362901216,0.03282731941213016,0.007340810380850341,0.0016600419254275758,0.019208290386228847,-0.012468248792164637,0.0503552054361075,-0.003217690046316716
2026-06-05,-0.012577609274253502,-0.03105365219156565,-0.009882415831165496,0.004749216223855405,-0.05666077654197565,-0.02694540884818325,-0.06402033391723558,-0.06784987766553562,0.007538313011573772,-0.014041793685921993
2026-06-08,-0.01905190902330898,-0.0032977029725941285,-0.01366851064269517,-0.004041882785132528,-0.012916128735448184,-0.011902515359320368,0.017112580975841913,0.04488536904530807,0.01761740446260328,0.01213262366304086
2026-06-09,-0.03712706918079524,-0.004209150987076249,0.0026114675903969463,0.005097770013067561,-0.0013675383254841552,-0.02043863488144832,-0.0021591397984066225,-0.030463037176546175,0.01569150093495507,-0.018892308744724293
2026-06-10,0.0035387281174611347,-0.025675947123681687,-0.02187033417947859,-0.01145002339481894,-0.023556588800602806,-0.015110789647077107,-0.03803598052040507,-0.0387831676710731,-0.013504840901527686,0.011417955060233222
2026-06-11,0.013794324313997033,0.014640183686286065,0.0038927001272959978,0.013973159341883886,-0.004476060439686304,-0.0178244891134849,0.02196045231330065,0.044990546617469984,-0.00469863962223645,-0.027052245168762618
2026-06-12,-0.015338769356976291,-0.012331912602696485,0.005324435774413595,0.0228010883052494,-0.002554166283448287,0.0010242073496361669,0.0015607832565316107,0.018074423616042716,0.0072967571655816535,0.002792743223599141
2026-06-15,0.018007493246393634,0.03083390605189011,0.026529993597646646,-0.0041242535490580295,0.046605917567477714,0.022822039293822094,0.034770261132300154,0.011546402155351725,0.011844874952054699,-0.04230823383049192
2026-06-16,0.009468481540986734,-8.131487459148037e-05,0.010503715919534504,0.03609700380331456,0.011276148415824264,-0.014945081454071895,-0.02400912389906229,-0.015910879171028017,-0.00828160601363567,0.006648319596971846
2026-06-17,-0.011055331985774613,-0.035163912457666896,-0.025671634855025008,0.006981595563343599,-0.05589789189536283,-0.03862059048154452,-0.013396355182919827,-0.020673857986175808,-0.020120094937566186,-0.007926404507449285
2026-06-18,0.0069365133751416366,0.028597683957913095,0.01158765170421262,-0.025021004563508302,0.01684168688558637,0.0012923218845768704,0.02908669731246372,0.010315413608767319,0.003572797197632903,-0.021038348397671342
2026-06-22,-0.0033612346094813285,-0.04862857666526806,-0.05114602365891787,0.01906562392442834,-0.023435210199502732,-0.03230320168250443,-0.009729692641559137,0.01132171311591987,0.014164967000631351,0.0047777973109606065
2026-06-23,-0.009166227388095017,0.005654362212000333,-0.010203988467657892,0.0079925927086734,-0.0029305351940348474,0.017807523534874563,-0.04214086479707091,-0.059611379843779726,0.006299598854067723,0.009058254033535895
2026-06-24,-0.004154050285409865,0.0006832216006890583,-0.0024297727425915128,-0.0020670898451318684,-0.008090321243322048,-0.02293855257082976,-0.005212488263586544,-0.016060748057995154,-0.008465818940928264,-0.02046127080515847
2026-06-25,-0.06312918215256177,-0.03148026940338524,-0.004586414686523522,0.004995642558455251,-0.026897487347296307,-0.03517049422135125,-0.016517548663244935,-0.0010923964729650014,0.02369441360709933,0.004736821846467459
2026-06-26,0.030882904454319803,0.024713060914308634,-0.018558679034608522,-0.018278986678531093,0.013502848811789085,0.05551167425391712,-0.016535296660330157,0.012161819203993191,0.029311376520144445,-0.0073699467384156555
2026-06-29,-0.00721466060725805,0.03151497796996931,0.047068131545177694,0.0010328228489229123,0.022196132254121426,-0.011867317971901738,0.012593727434429082,0.08122713454703766,-0.019040122005606574,-0.0035216158453877803
2026-06-30,0.02668691184994011,-0.007523873763327147,0.010463939752140269,-0.006273683348712328,0.00122570154494565,0.01200133530108292,0.025921540190744,0.02104736226435513,-0.01003061227102852,0.004839100762510816
2026-07-01,0.017199929330940868,0.013999064785619552,0.01068783702050745,0.020381822909216155,0.08442350821195795,0.029739442308022564,-0.012623672142353475,0.011112495777372573,0.02591071604162989,-0.0032234639003761176
2026-07-02,0.047271697894878145,0.0040052130693041185,-0.003605472625997126,0.0011965992262364675,-0.05020237548230075,0.016030885383640066,-0.014016182027723867,-0.07784074755080678,-0.002770334444213039,0.0059260338991830195
2026-07-06,0.012973185615845364,0.006121274942382323,0.018035341164537543,0.01416475391773782,0.029397148242849627,-0.009649728377271917,0.0036887239515329033,0.06475289005284912,-0.017478349328029864,-0.0047526422905617765
2026-07-07,-0.0064172715140114545,0.00742645135022292,0.0015542337224836163,0.004431714626410532,0.0251521053920136,0.0054153311635238436,0.00703218164456726,-0.041018539011121395,0.024109542581164316,0.03775661436268301
2026-07-08,0.008749389702145728,-0.009640600216052831,-0.014020355227894405,-0.025679203186040205,-0.020448766762634237,-0.014245624245687366,0.03585973382237286,-0.022185201276039682,-0.0060670756430742,-0.0039601037828611175
2026-07-09,0.00898970969223071,0.013940625430091662,-0.008407254362267986,0.014562872418268957,0.04595006592667653,0.0026572610086787393,-0.006586390769892467,0.0312037168556396,0.0141846036842112,-0.026348471488100392
2026-07-10,-0.0028501583226974415,-0.0069052509812284075,-0.004776139779201448,0.002976458417840585,0.058031705316322596,0.001923481372210687,0.03954693236574592,0.0029718973532871238,-0.016489916236116838,0.010277271534747945
2026-07-13,0.0062911868943995525,0.007997611876585861,-0.013160817540296276,-0.005782437695950464,-0.018824999676927696,0.015178902564042165,-0.03585516570320906,-0.03240077993929111,0.010472038783827404,0.0397383852273533
2026-07-14,-0.0077511572511698955,0.0007275987930534227,0.0196630020022463,0.024683180746480203,0.0065413737798066165,-0.015620478686443902,0.039829039408852435,0.003590624905497913,-0.009130545011481361,0.0040055429894404
2026-07-15,0.039360006012478126,0.029736497094527754,0.031244421783561214,0.011655652124962753,0.030203092756913113,0.027417962843460583,0.0032995407884884027,-0.004350915634406925,-0.015811481326421416,-0.004005542989440345
2026-07-16,0.017434940338492192,-0.020085877850740792,-0.04539096161306361,-0.010897739299897794,-0.024922372997344264,0.01373134460185696,-0.02429272199776063,-0.008656724657948154,0.011545480199944724,0.009915405092619218
2026-07-17,0.001439222043781139,-0.010701758429280527,-0.021933776227723696,-0.005991944249690522,-0.028280040257188093,-0.018316817278041388,-0.022379698238568935,-0.026481664853464253,0.0063804505040958295,0.0096145002583928
2026-07-20,-0.0216566670967116,0.011101878873679078,0.014941034067203166,-0.006559168720411391,-0.0002477577792032815,0.021279272100756832,0.0023147648787335633,-0.03003914234140675,-0.010712217555270152,0.006763180086475391
2026-07-21,0.0035150309603428622,-0.009808344900483996,-0.013845792742100516,0.018594354799919808,-0.003163593150473268,-0.01134957559776861,0.01953441361577837,0.02501128466509805,0.034506322185789674,0.022329091279232383
2026-07-22,-0.005660635258418789,-0.010966791059379552,-0.014683095985228533,0.008594828111342118,-0.02618603871567201,-0.018805522396685516,0.02275049536218918,-0.013068910989716388,-0.011617604154814252,0.017899551591105917
2026-07-23,-0.013064847610259141,-0.04677872011408177,-0.07399777740276084,0.0048416604209664225,-0.03417266033378101,-0.022697652711874124,-0.015684001522928887,-0.15693077724657808,-0.018131908643927882,0.015674519348830695
2026-07-24,0.03470741679444188,-0.006655683102763052,0.006432062764840743,0.009415374777564975,-0.018164262272286083,0.00031449962254198236,-0.009239710638928346,-0.021052755196125365,-0.006680132302948863,0.0003186633010814669
