Date,AAPL,AMZN,GOOGL,JPM,META,MSFT,NVDA,TSLA,UNH,XOM
2020-01-02,72.33387756347656,94.90049743652344,67.83251190185547,117.89921569824219,207.95384216308594,151.82952880859375,5.963803291320801,28.68400001525879,261.7021484375,52.94704055786133
2020-01-03,71.6306381225586,93.74849700927734,67.47765350341797,116.34335327148438,206.853515625,149.93899536132812,5.868346691131592,29.534000396728516,259.0538330078125,52.52137756347656
2020-01-06,72.20142364501953,95.14399719238281,69.27621459960938,116.2508544921875,210.7493133544922,150.3265838623047,5.892956256866455,30.1026668548584,260.85211181640625,52.92462921142578
2020-01-07,71.86184692382812,95.34300231933594,69.14239501953125,114.27449035644531,211.2052764892578,148.95591735839844,5.964301109313965,31.270666122436523,259.277587890625,52.49149703979492
2020-01-08,73.017822265625,94.59850311279297,69.6345443725586,115.16594696044922,213.3464813232422,151.3285369873047,5.975485801696777,32.80933380126953,264.74420166015625,51.69990539550781
2020-01-09,74.56880950927734,95.05249786376953,70.36555480957031,115.58643341064453,216.39968872070312,153.21913146972656,6.041113376617432,32.089332580566406,263.2410888671875,52.095703125
2020-01-10,74.73738861083984,94.15799713134766,70.82000732421875,114.434326171875,216.16175842285156,152.5101776123047,6.073429107666016,31.876667022705078,264.0553283691406,51.63270568847656
2020-01-13,76.33409118652344,94.56500244140625,71.36865234375,115.38462829589844,219.97825622558594,154.34397888183594,6.263845920562744,34.990665435791016,255.7523193359375,52.125572204589844
2020-01-14,75.30332946777344,93.47200012207031,70.90080261230469,116.73019409179688,217.15304565429688,153.2569122314453,6.147010803222656,35.861331939697266,257.8907165527344,51.67749786376953
2020-01-15,74.9806137084961,93.10099792480469,71.32752227783203,114.98094940185547,219.224853515625,154.2494354248047,6.1045026779174805,34.56666564941406,265.2004699707031,51.59536361694336
2020-01-16,75.91986083984375,93.89700317382812,71.87069702148438,115.42669677734375,219.83950805664062,157.07577514648438,6.1880269050598145,34.232666015625,269.07452392578125,51.39371109008789
2020-01-17,76.76036071777344,93.23600006103516,73.3258056640625,116.22560119628906,220.2062530517578,157.95489501953125,6.1967291831970215,34.03333282470703,267.04351806640625,51.19955062866211
2020-01-21,76.24018859863281,94.5999984741211,73.46111297607422,115.08184814453125,219.51231384277344,157.3877410888672,6.163418769836426,36.47999954223633,268.8866882324219,50.467708587646484
2020-01-22,76.51232147216797,94.37300109863281,73.54138946533203,114.94729614257812,219.39340209960938,156.6315460205078,6.217360019683838,37.97066879272461,268.94036865234375,50.17645263671875
2020-01-23,76.88077545166016,94.22899627685547,73.58202362060547,114.8295669555664,217.84693908691406,157.59573364257812,6.285721302032471,38.14666748046875,267.9293518066406,49.8628044128418
2020-01-24,76.65919494628906,93.08200073242188,72.66416931152344,111.97857666015625,216.0428009033203,156.0076446533203,6.226557731628418,37.654666900634766,261.9794921875,49.52675247192383
2020-01-27,74.405029296875,91.41699981689453,70.95730590820312,111.03668212890625,212.99952697753906,153.39866638183594,5.97101354598999,37.201332092285156,254.17762756347656,48.34683609008789
2020-01-28,76.5099105834961,92.6624984741211,71.88755798339844,113.0550765991211,215.8941192626953,156.4047088623047,6.164163589477539,37.793331146240234,255.7703094482422,48.279632568359375
2020-01-29,78.1114273071289,92.9000015258789,72.19483184814453,112.88684844970703,221.2867431640625,158.8434600830078,6.103757381439209,38.732666015625,253.1129608154297,47.8763542175293
2020-01-30,77.99823760986328,93.53399658203125,72.07340240478516,114.28291320800781,207.7060089111328,163.32406616210938,6.110468864440918,42.72066879272461,251.39517211914062,48.384178161621094
2020-01-31,74.53988647460938,100.43599700927734,71.00933837890625,111.314208984375,200.15234375,160.9136199951172,5.877295970916748,43.371334075927734,243.76324462890625,46.390262603759766
2020-02-03,74.33518981933594,100.20999908447266,73.47845458984375,112.16360473632812,202.41249084472656,164.83648681640625,5.974244117736816,52.0,245.16793823242188,45.352230072021484
2020-02-04,76.78926849365234,102.4834976196289,71.63529968261719,113.77831268310547,208.00340270996094,170.26235961914062,6.143282413482666,59.137332916259766,251.2698516845703,44.7846794128418
2020-02-05,77.4154281616211,101.99349975585938,71.66700744628906,115.71261596679688,208.28094482421875,170.05438232421875,6.233518123626709,48.97999954223633,264.59210205078125,46.84580993652344
2020-02-06,78.32093811035156,102.5114974975586,73.14985656738281,115.72943878173828,209.0145263671875,173.5802764892578,6.320274353027344,49.930667877197266,261.6663818359375,46.21104049682617
2020-02-07,77.25636291503906,103.96399688720703,73.30548095703125,115.359375,210.48162841796875,173.82603454589844,6.254150867462158,49.871334075927734,258.76751708984375,45.90485382080078
2020-02-10,77.623291015625,106.69550323486328,74.76998901367188,115.8387451171875,211.2052764892578,178.37277221679688,6.537041187286377,51.41866683959961,256.8081359863281,45.420047760009766
2020-02-11,77.15498352050781,107.54000091552734,74.83938598632812,116.05741119384766,205.38638305664062,174.34593200683594,6.659345626831055,51.62533187866211,260.1722412109375,45.85183334350586
2020-02-12,78.98723602294922,108.0,75.26412963867188,116.05741119384766,208.92530822753906,174.60113525390625,6.774938106536865,51.15266799926758,271.5261535644531,46.412384033203125
2020-02-13,78.42474365234375,107.49349975585938,75.00442504882812,115.95649719238281,211.28460693359375,173.65586853027344,6.731184959411621,53.599998474121094,270.380859375,46.15483093261719
2020-02-14,78.44408416748047,106.74349975585938,75.26907348632812,115.603271484375,212.31552124023438,175.20611572265625,7.203744888305664,53.33533477783203,267.3209533691406,45.94273376464844
2020-02-18,77.0077133178711,107.78350067138672,75.30426025390625,114.0726547241211,215.90402221679688,176.98321533203125,7.372286796569824,57.22666549682617,270.3271484375,45.35944747924805
2020-02-19,78.12300872802734,108.51100158691406,75.57337188720703,115.6285400390625,215.59674072265625,177.51400756835938,7.822970390319824,61.16133117675781,273.1632995605469,45.70790100097656
2020-02-20,77.321533203125,107.65499877929688,75.1828384399414,115.6285400390625,212.7120361328125,174.8031768798828,7.673819541931152,59.96066665649414,270.31817626953125,45.344303131103516
2020-02-21,75.57137298583984,104.79850006103516,73.52105712890625,114.21562957763672,208.350341796875,169.2771759033203,7.310140132904053,60.06666564941406,269.69189453125,44.791316986083984
2020-02-24,71.9817123413086,100.4645004272461,70.36901092529297,111.1460189819336,198.97268676757812,161.9787139892578,6.793332576751709,55.58599853515625,248.54100036621094,42.693031311035156
2020-02-25,69.54351043701172,98.63700103759766,68.7067642211914,106.18412780761719,195.0570831298828,159.3057861328125,6.514171123504639,53.32733154296875,235.65721130371094,41.05681610107422
2020-02-26,70.64671325683594,98.97949981689453,68.91242980957031,106.50369262695312,195.48333740234375,161.29629516601562,6.653377056121826,51.91999816894531,235.30828857421875,40.155391693115234
2020-02-27,66.02867126464844,94.21499633789062,65.16962432861328,102.0716552734375,188.09820556640625,149.9314727783203,6.283014297485352,45.266666412353516,227.18435668945312,37.73894119262695
2020-02-28,65.99004364013672,94.1875,66.37393951416016,97.64802551269531,190.79454040527344,153.561767578125,6.71755313873291,44.53266525268555,228.1148223876953,38.96609878540039
2020-03-02,72.13379669189453,97.69750213623047,68.7067642211914,102.19778442382812,194.72996520996094,163.77960205078125,6.8757476806640625,49.574668884277344,244.353759765625,40.81440734863281
2020-03-03,69.84285736083984,95.44950103759766,66.2981185913086,98.36286926269531,184.27182006835938,155.93136596679688,6.613581657409668,49.70066833496094,233.87677001953125,38.86005401611328
2020-03-04,73.08250427246094,98.79149627685547,68.47284698486328,100.79334259033203,190.09072875976562,161.6564483642578,7.076722145080566,49.96666717529297,258.9464416503906,39.70846176147461
2020-03-05,70.7119140625,96.20149993896484,65.16020965576172,95.8482894897461,183.55809020996094,157.59963989257812,6.797644138336182,48.30266571044922,253.16661071777344,37.958614349365234
2020-03-06,69.77285766601562,95.05449676513672,64.21757507324219,90.89484405517578,179.51356506347656,153.14474487304688,6.617311954498291,46.89866638183594,253.9808349609375,36.12544250488281
2020-03-09,64.25439453125,90.03050231933594,60.25520324707031,78.58264923095703,168.0244903564453,142.76568603515625,6.104920387268066,40.53333282470703,244.64910888671875,31.70919418334961
2020-03-10,68.88208770751953,94.59100341796875,63.19810485839844,84.68826293945312,176.63882446289062,152.52859497070312,6.4939398765563965,43.02199935913086,250.51828002929688,32.88332748413086
2020-03-11,66.48976135253906,91.04299926757812,60.012855529785156,80.70196533203125,168.758056640625,145.61875915527344,6.130539894104004,42.28200149536133,248.5320281982422,31.80009651184082
2020-03-12,59.92359161376953,83.83049774169922,55.089019775390625,74.04969024658203,153.1253204345703,131.80850219726562,5.3803606033325195,37.369998931884766,224.04393005371094,28.164064407348633
2020-03-13,67.10291290283203,89.25,60.179866790771484,87.38787841796875,168.7976837158203,150.547607421875,5.990502834320068,36.44133377075195,244.45069885253906,28.876123428344727
2020-03-16,58.47034454345703,84.4574966430664,53.17845916748047,74.3104019165039,144.7389678955078,128.3583526611328,4.885130405426025,29.67133331298828,202.21730041503906,26.126371383666992
2020-03-17,61.04127883911133,90.39199829101562,55.41165542602539,78.8517837524414,148.11927795410156,138.9269256591797,5.404236316680908,28.68000030517578,219.45213317871094,27.88379669189453
2020-03-18,59.54701232910156,91.5,54.079959869384766,70.55113983154297,145.68067932128906,133.07862854003906,5.044817924499512,24.08133316040039,195.046630859375,25.08859634399414
2020-03-19,59.09074783325195,94.04650115966797,55.09496307373047,71.7369613647461,151.79698181152344,135.2682647705078,5.297282695770264,28.50933265686035,197.50869750976562,26.080923080444336
2020-03-20,55.33934783935547,92.30449676513672,52.941062927246094,70.22315979003906,148.4265899658203,130.18772888183594,5.117696762084961,28.50200080871582,185.63841247558594,24.800745010375977
2020-03-23,54.16370391845703,95.1415023803711,52.243247985839844,66.46390533447266,146.810791015625,128.88919067382812,5.290317058563232,28.952667236328125,175.09803771972656,23.82356071472168
2020-03-24,59.597686767578125,97.00499725341797,56.00390625,74.36925506591797,159.57867431640625,140.6045684814453,6.197946548461914,33.66666793823242,197.50869750976562,26.84600257873535
2020-03-25,59.26938247680664,94.29199981689453,54.59687805175781,77.14454650878906,154.8501739501953,139.25863647460938,6.1093974113464355,35.95000076293945,210.70889282226562,28.24739646911621
2020-03-26,62.38833236694336,97.77449798583984,57.63494110107422,82.51849365234375,161.91810607910156,147.96942138671875,6.398426055908203,35.21066665649414,229.48931884765625,29.406375885009766
2020-03-27,59.805301666259766,95.00499725341797,55.025081634521484,76.63996887207031,155.42514038085938,141.8936767578125,6.286248683929443,34.29066848754883,217.8616180419922,27.989845275878906
2020-03-30,61.512027740478516,98.19750213623047,56.81173324584961,78.63308715820312,164.50540161132812,151.87457275390625,6.606119632720947,33.47533416748047,225.79612731933594,28.406461715698242
2020-03-31,61.38650131225586,97.48600006103516,57.58686447143555,75.71485900878906,165.3479766845703,149.48597717285156,6.5566205978393555,34.93333435058594,224.0888214111328,28.762495040893555
2020-04-01,58.156517028808594,95.38500213623047,54.62065887451172,70.9464111328125,158.21066284179688,144.1780548095703,6.045970916748047,32.104000091552734,213.25186157226562,28.42919921875
2020-04-02,59.126949310302734,95.94149780273438,55.3606071472168,73.59553527832031,156.81292724609375,147.1637725830078,6.354400157928467,30.29800033569336,216.05551147460938,30.603240966796875
2020-04-03,58.277225494384766,95.32949829101562,54.15479278564453,71.42024230957031,152.83782958984375,145.80836486816406,6.066864013671875,32.000667572021484,206.2159881591797,29.70180320739746
2020-04-06,63.36118698120117,99.87950134277344,58.63953399658203,76.01728057861328,164.10887145996094,156.65174865722656,6.676013469696045,34.41600036621094,223.1543426513672,30.656259536743164
2020-04-07,62.62730026245117,100.58000183105469,58.608306884765625,77.01995849609375,167.36032104492188,154.96456909179688,6.44295072555542,36.36333465576172,222.8846893310547,31.239540100097656
2020-04-08,64.2302474975586,102.1500015258789,59.81956100463867,80.12999725341797,172.76287841796875,156.5190887451172,6.639946460723877,36.589332580566406,240.66769409179688,33.21662521362305
2020-04-09,64.69371795654297,102.13800048828125,59.79825973510742,87.31875610351562,173.6649627685547,156.5285186767578,6.540452480316162,38.20000076293945,237.343017578125,32.67123031616211
2020-04-13,65.9635009765625,108.44349670410156,59.98856735229492,83.43545532226562,173.2684326171875,156.87928771972656,6.712080955505371,43.39666748046875,236.7858428955078,32.39094543457031
2020-04-14,69.29485321044922,114.16600036621094,62.705474853515625,81.14968872070312,176.61898803710938,164.64219665527344,7.062792778015137,47.32600021362305,243.06687927246094,32.14097595214844
2020-04-15,68.66238403320312,115.38400268554688,62.312469482421875,77.14744567871094,175.42945861816406,162.91708374023438,6.985437393188477,48.65533447265625,253.1131134033203,30.663833618164062
2020-04-16,69.20797729492188,120.40950012207031,62.31890869140625,74.20734405517578,174.71575927734375,167.80799865722656,7.330182075500488,49.680667877197266,268.16436767578125,29.65635108947754
2020-04-17,68.2689208984375,118.75,63.38792419433594,80.8777847290039,177.67970275878906,169.28663635253906,7.270984172821045,50.259334564208984,261.09246826171875,32.739402770996094
2020-04-20,66.85187530517578,119.68049621582031,62.503273010253906,77.92919158935547,176.6884002685547,165.93130493164062,7.139901638031006,49.75733184814453,253.52650451660156,31.194091796875
2020-04-21,64.78546142578125,116.40599822998047,60.0753059387207,75.66889953613281,169.31317138671875,159.0688018798828,6.703624248504639,45.781333923339844,246.38267517089844,31.027437210083008
2020-04-22,66.6515121459961,118.17449951171875,62.36747741699219,75.91532135009766,180.6932373046875,164.47154235839844,7.117515563964844,48.807334899902344,248.9257049560547,31.91372299194336
2020-04-23,66.3931884765625,119.97250366210938,62.99986267089844,75.95782470703125,183.51841735839844,162.48110961914062,7.064286231994629,47.04199981689453,256.3929138183594,32.913631439208984
2020-04-24,68.30995178222656,120.51100158691406,63.26898193359375,77.0794448852539,188.4154510498047,165.44786071777344,7.2030792236328125,48.34333419799805,261.7484436035156,33.12572479248047
2020-04-27,68.35823822021484,118.80000305175781,62.98450469970703,80.40191650390625,185.8677520751953,164.97393798828125,7.389380931854248,53.25,264.1657409667969,33.28480911254883
2020-04-28,67.25019073486328,115.7040023803711,61.08782196044922,80.97123718261719,181.3177490234375,160.95504760742188,7.247106075286865,51.27466583251953,259.1156005859375,34.065040588378906
2020-04-29,69.45901489257812,118.635498046875,66.5191650390625,83.15505981445312,192.49957275390625,168.1776885986328,7.423707485198975,53.367332458496094,258.4776306152344,35.95121765136719
2020-04-30,70.92434692382812,123.69999694824219,66.7431640625,81.37062072753906,202.92796325683594,169.8648681640625,7.269989013671875,52.12533187866211,262.8088684082031,35.201297760009766
2020-05-01,69.78250122070312,114.302001953125,65.2870864868164,79.23777770996094,200.5092315673828,165.466796875,7.033692359924316,46.75466537475586,255.6561279296875,32.678802490234375
2020-05-04,70.76984405517578,115.79949951171875,65.5636215209961,78.29457092285156,203.4731903076172,169.51414489746094,7.245365142822266,50.74599838256836,258.37872314453125,33.996864318847656
2020-05-05,71.83203887939453,115.88999938964844,66.85814666748047,78.17562866210938,205.2674102783203,171.33399963378906,7.306304454803467,51.2140007019043,263.3210754394531,33.958988189697266
2020-05-06,72.57312774658203,117.56300354003906,66.68022918701172,76.7055435180664,206.65524291992188,173.0211944580078,7.407041549682617,52.172000885009766,259.48406982421875,33.32267379760742
2020-05-07,73.32389068603516,118.38050079345703,67.86222839355469,77.50433349609375,209.42095947265625,174.02590942382812,7.583144664764404,52.00266647338867,256.09637451171875,33.512062072753906
2020-05-08,75.06912994384766,118.98049926757812,68.60862731933594,78.77042388916016,210.50144958496094,175.0496063232422,7.772928714752197,54.62799835205078,257.8935241699219,34.98161315917969
2020-05-11,76.25035858154297,120.44999694824219,69.56267547607422,76.45064544677734,211.32423400878906,177.00221252441406,8.024646759033203,54.08599853515625,259.412109375,34.648319244384766
2020-05-12,75.37896728515625,117.84750366210938,68.15465545654297,73.95243835449219,208.2710723876953,172.9927520751953,7.762979507446289,53.96066665649414,258.52264404296875,34.06916809082031
2020-05-13,74.46881866455078,118.39600372314453,66.82395935058594,71.40323638916016,203.31460571289062,170.376708984375,7.740594387054443,52.73066711425781,249.80628967285156,32.378074645996094
2020-05-14,74.92632293701172,119.44249725341797,67.2467041015625,74.36880493164062,205.00970458984375,171.11602783203125,7.989825248718262,53.55533218383789,261.1373596191406,32.66377258300781
2020-05-15,74.48333740234375,120.48899841308594,68.04959106445312,72.99221801757812,209.0442657470703,173.60890197753906,8.447741508483887,53.27799987792969,261.45196533203125,32.43212890625
2020-05-18,76.23826599121094,121.31300354003906,68.65026092529297,76.8585205078125,211.33416748046875,175.26766967773438,8.70592975616455,54.242000579833984,263.6084899902344,35.01124954223633
2020-05-19,75.79773712158203,122.46649932861328,68.11599731445312,75.34598541259766,214.99203491210938,174.0543975830078,8.760899543762207,53.867332458496094,259.73565673828125,33.93017578125
2020-05-20,77.2718505859375,124.89700317382812,69.83871459960938,77.60630798339844,227.9680633544922,176.46859741210938,8.924565315246582,54.37066650390625,258.7831115722656,35.03440856933594
2020-05-21,76.69576263427734,122.33699798583984,69.71928405761719,76.6205825805664,229.375732421875,174.3490447998047,8.730801582336426,55.17333221435547,257.8126525878906,34.40894317626953
2020-05-22,77.1895523071289,121.84400177001953,70.04093933105469,76.02581024169922,232.86509704589844,174.42510986328125,8.980528831481934,54.45866775512695,260.5354309082031,34.439823150634766
2020-05-26,76.66670227050781,121.09300231933594,70.44385528564453,81.42158508300781,230.1786651611328,172.5811004638672,8.67359447479248,54.591331481933594,264.9833679199219,35.45138931274414
2020-05-27,77.00074005126953,120.51950073242188,70.38983917236328,86.13762664794922,227.14529418945312,172.80921936035156,8.48206901550293,54.68199920654297,272.9626770019531,35.70622634887695
2020-05-28,77.03465270996094,120.05500030517578,70.28874206542969,84.85453796386719,223.49734497070312,172.41952514648438,8.444012641906738,53.72066879272461,273.1424865722656,34.77959442138672
2020-05-29,76.95960235595703,122.11849975585938,71.0460205078125,82.68771362304688,223.13055419921875,174.17791748046875,8.830545425415039,55.66666793823242,273.9332580566406,35.111637115478516
2020-06-01,77.90603637695312,123.552001953125,71.11292266845703,83.78386688232422,229.89120483398438,173.77874755859375,8.761646270751953,59.87333297729492,274.90380859375,35.73710632324219
2020-06-02,78.26669311523438,123.62049865722656,71.48165130615234,84.06428527832031,230.69415283203125,175.7557830810547,8.780548095703125,58.770668029785156,275.24517822265625,36.532470703125
2020-06-03,78.69756317138672,123.91999816894531,71.32999420166016,88.60186004638672,228.1564483642578,176.18345642089844,8.725080490112305,58.86399841308594,274.382568359375,38.022804260253906
2020-06-04,78.01980590820312,123.02999877929688,70.09346008300781,90.44580078125,224.3201141357422,173.86427307128906,8.726076126098633,57.62533187866211,267.84991455078125,37.914695739746094
2020-06-05,80.24188995361328,124.1500015258789,71.3681640625,94.5160140991211,228.76109313964844,177.93240356445312,8.878870964050293,59.04399871826172,280.223388671875,40.98802185058594
2020-06-08,80.71632385253906,126.2030029296875,71.76564025878906,96.40242767333984,229.3856201171875,179.0349884033203,8.76440143585205,63.327999114990234,278.0937194824219,42.269866943359375
2020-06-09,83.26517486572266,130.04299926757812,71.96585845947266,93.9297103881836,236.5923309326172,180.40367126464844,9.004289627075195,62.711334228515625,277.8511657714844,41.327789306640625
2020-06-10,85.40737915039062,132.37249755859375,72.59131622314453,90.12287902832031,234.66925048828125,187.09512329101562,9.323559761047363,68.336669921875,274.7420654296875,39.111595153808594
2020-06-11,81.30696105957031,127.89800262451172,69.47891235351562,82.60272979736328,222.476318359375,177.04844665527344,8.755692481994629,64.85600280761719,254.9551544189453,35.65989303588867
2020-06-12,82.00889587402344,127.2509994506836,70.02507019042969,84.86302947998047,226.5902099609375,178.4456329345703,8.891310691833496,62.35200119018555,256.2311096191406,36.42436218261719
2020-06-15,83.02310943603516,128.63400268554688,70.41263580322266,86.03565979003906,230.47604370117188,179.58621215820312,9.131448745727539,66.05999755859375,257.2464599609375,36.40119171142578
2020-06-16,85.22341918945312,130.7635040283203,71.68783569335938,86.72395324707031,233.59861755371094,183.98703002929688,9.026684761047363,65.47533416748047,263.2850646972656,37.219722747802734
2020-06-17,85.10479736328125,132.0489959716797,71.98866271972656,84.53163146972656,233.4796600341797,184.62387084960938,9.193410873413086,66.11933135986328,262.9256896972656,36.00737762451172
2020-06-18,85.13870239257812,132.69900512695312,71.07575988769531,84.0727767944336,233.8861083984375,186.60089111328125,9.175493240356445,66.9306640625,261.9192199707031,36.23131561279297
2020-06-19,84.65216064453125,133.75050354003906,70.6059341430664,83.112548828125,236.71128845214844,185.48876953125,9.218547821044922,66.72666931152344,262.8306884765625,35.50544738769531
2020-06-22,86.86698913574219,135.6909942626953,71.8954849243164,82.21185302734375,237.13755798339844,190.64048767089844,9.482821464538574,66.28800201416016,264.12127685546875,35.84521484375
2020-06-23,88.72113800048828,138.2205047607422,72.55561828613281,83.21453857421875,240.13128662109375,191.91416931152344,9.406425476074219,66.78533172607422,268.5703125,36.061439514160156
2020-06-24,87.15504455566406,136.72000122070312,71.00537872314453,80.43590545654297,231.98281860351562,188.04559326171875,9.192913055419922,64.0566635131836,260.9715881347656,34.36260986328125
2020-06-25,88.31207275390625,137.72900390625,71.42169189453125,83.24004364013672,233.62835693359375,190.42185974121094,9.44624137878418,65.73200225830078,267.3248596191406,34.879981994628906
2020-06-26,85.59861755371094,134.64349365234375,67.5282211303711,78.67696380615234,214.198974609375,186.61038208007812,9.112785339355469,63.982666015625,258.89599609375,33.683074951171875
2020-06-29,87.57139587402344,134.0189971923828,69.24449157714844,79.0253677368164,218.7193145751953,188.6159210205078,9.15757942199707,67.29000091552734,261.4950866699219,34.22361373901367
2020-06-30,88.30238342285156,137.9409942626953,70.27931213378906,79.92607116699219,225.09335327148438,193.43492126464844,9.45395565032959,71.98733520507812,266.1788024902344,34.53248596191406
2020-07-01,88.1353530883789,143.93499755859375,71.46629333496094,79.24628448486328,235.48211669921875,194.56600952148438,9.486059188842773,74.64199829101562,268.6875305175781,33.752567291259766
2020-07-02,88.1353530883789,144.51499938964844,72.85052490234375,79.50367736816406,231.3880615234375,196.0487823486328,9.567928314208984,80.57733154296875,269.1658935546875,34.03828048706055
2020-07-06,90.49301147460938,152.8520050048828,74.3234634399414,81.51142883300781,238.18832397460938,200.26901245117188,9.793879508972168,91.43866729736328,273.2720947265625,34.27766799926758
2020-07-07,90.21222686767578,150.00599670410156,73.84123229980469,79.21198272705078,238.76327514648438,197.94029235839844,9.826231956481934,92.65733337402344,267.712890625,33.3896484375
2020-07-08,92.31326293945312,154.0554962158203,74.51922607421875,80.05281829833984,241.4596405029297,202.29351806640625,10.168891906738281,91.05867004394531,269.25616455078125,33.312416076660156
2020-07-09,92.71024322509766,159.13150024414062,75.26560974121094,78.31962585449219,242.37155151367188,203.7097930908203,10.460543632507324,92.9520034790039,262.758544921875,31.93792724609375
2020-07-10,92.87242889404297,160.0,76.2741470336914,82.60111236572266,242.93663024902344,203.09190368652344,10.430929183959961,102.97666931152344,262.8216857910156,32.93404006958008
2020-07-13,92.44397735595703,155.1999969482422,74.94692993164062,83.7851791381836,236.91949462890625,196.81869506835938,10.00589656829834,99.80400085449219,270.4744873046875,32.9417724609375
2020-07-14,93.97378540039062,154.1999969482422,75.37462615966797,84.26568603515625,237.6431121826172,198.0353240966797,10.329151153564453,101.12000274658203,278.425048828125,34.03056335449219
2020-07-15,94.62007141113281,150.44349670410156,75.1773910522461,85.56985473632812,238.18832397460938,197.7406768798828,10.180088996887207,103.06732940673828,274.4091796875,34.46299362182617
2020-07-16,93.45580291748047,149.9949951171875,75.08026123046875,85.81010437011719,238.83267211914062,193.82464599609375,10.088017463684082,100.04266357421875,277.1887512207031,34.192718505859375
2020-07-17,93.2669677734375,148.09849548339844,75.17589569091797,84.2227783203125,239.923095703125,192.8361358642578,10.154461860656738,100.05599975585938,276.6291809082031,33.605857849121094
2020-07-20,95.23246002197266,159.8419952392578,77.50475311279297,83.4848861694336,243.28358459472656,201.12440490722656,10.462285041809082,109.53333282470703,273.85870361328125,32.81822204589844
2020-07-21,93.91809844970703,156.9145050048828,77.11222076416016,85.2952880859375,239.6455078125,198.41551208496094,10.280875205993652,104.55733489990234,275.3476257324219,34.47843551635742
2020-07-22,94.18193054199219,154.99549865722656,77.55479431152344,84.67752075195312,237.78192138671875,201.26702880859375,10.390617370605469,106.15533447265625,276.7916564941406,33.67534637451172
2020-07-23,89.89512634277344,149.32749938964844,75.17094421386719,84.92634582519531,230.57518005371094,192.51295471191406,10.08304214477539,100.87133026123047,273.41644287109375,33.74485397338867
2020-07-24,89.67242431640625,150.44549560546875,74.74769592285156,84.32573699951172,228.70166015625,191.3343505859375,10.147491455078125,94.46666717529297,271.44915771484375,33.53636169433594
2020-07-27,91.79768371582031,152.760498046875,75.79936981201172,83.14167022705078,231.46734619140625,193.75811767578125,10.373444557189941,102.63999938964844,269.4727783203125,34.03056335449219
2020-07-28,90.2896728515625,150.01649475097656,74.5217056274414,83.50202941894531,228.11679077148438,192.01870727539062,10.168395042419434,98.43267059326172,270.6730651855469,33.6290168762207
2020-07-29,92.02040100097656,151.67649841308594,75.50597381591797,85.52694702148438,231.25917053222656,193.9576873779297,10.417243003845215,99.94066619873047,276.76458740234375,33.999664306640625
2020-07-30,93.13386535644531,152.593994140625,76.24244689941406,83.24462127685547,232.45864868164062,193.80560302734375,10.565058708190918,99.16600036621094,275.4560241699219,32.33173370361328
2020-07-31,102.88391876220703,158.23399353027344,73.74359893798828,82.91859436035156,251.46177673339844,194.86065673828125,10.565804481506348,95.38400268554688,273.2449951171875,32.493900299072266
2020-08-03,105.47634887695312,155.59449768066406,73.48636627197266,82.45527648925781,249.76666259765625,205.81985473632812,10.959481239318848,99.0,273.9940185546875,32.62517166137695
2020-08-04,106.18073272705078,156.94149780273438,73.01753997802734,81.98336791992188,247.6551971435547,202.7307891845703,11.175978660583496,99.13333129882812,274.7971496582031,33.5672492980957
2020-08-05,106.56558990478516,160.25149536132812,73.30448150634766,83.40764617919922,246.95138549804688,202.39808654785156,11.234708786010742,99.00133514404297,281.98974609375,33.86067581176758
2020-08-06,110.28356170654297,161.25,74.58612060546875,83.43338775634766,262.9707336425781,205.63926696777344,11.283232688903809,99.30533599853516,283.4246520996094,33.698516845703125
2020-08-07,107.77619171142578,158.3730010986328,74.26001739501953,85.26953887939453,266.1031494140625,201.9608612060547,11.147855758666992,96.84733581542969,286.10498046875,33.544090270996094
2020-08-10,109.34271240234375,157.4080047607422,74.18321228027344,86.35065460205078,260.71051025390625,197.94029235839844,11.113517761230469,94.57133483886719,287.9729919433594,34.37032699584961
2020-08-11,106.09085083007812,154.0334930419922,73.37635803222656,89.0791244506836,253.9003448486328,193.31137084960938,10.799969673156738,91.6259994506836,284.76934814453125,34.72554016113281
2020-08-12,109.61671447753906,158.11199951171875,74.69962310791016,88.3240737915039,257.6276550292969,198.83372497558594,11.38749885559082,103.65066528320312,290.8337707519531,34.71766662597656
2020-08-13,111.55667114257812,158.05099487304688,75.16598510742188,87.83502197265625,259.02532958984375,198.36798095703125,11.39023494720459,108.06666564941406,290.156982421875,33.867244720458984
2020-08-14,111.45724487304688,157.4010009765625,74.57026672363281,87.86934661865234,258.96588134765625,198.55809020996094,11.510679244995117,110.04733276367188,292.1243896484375,34.01685333251953
2020-08-17,111.16624450683594,159.12049865722656,75.14566802978516,85.55268096923828,258.8865966796875,199.86976623535156,12.280113220214844,122.3759994506836,289.24554443359375,33.575889587402344
2020-08-18,112.09257507324219,165.62449645996094,77.10528564453125,84.36007690429688,260.0563049316406,201.0198516845703,12.20421314239502,125.80599975585938,285.9064025878906,33.41054153442383
2020-08-19,112.23323059082031,163.0240020751953,76.55169677734375,84.55740356445312,260.3041076660156,199.80032348632812,12.08253002166748,125.23533630371094,284.6339416503906,33.04043960571289
2020-08-20,114.7236328125,164.86849975585938,78.11979675292969,83.54492950439453,266.6682434082031,204.44992065429688,12.085014343261719,133.45533752441406,282.765869140625,32.53648376464844
2020-08-21,120.63563537597656,164.23599243164062,78.08610534667969,83.50202941894531,264.6856994628906,202.9635772705078,12.625018119812012,136.6653289794922,283.4969177246094,32.29238510131836
2020-08-24,122.07846069335938,165.3730010986328,78.5608901977539,85.85299682617188,269.02752685546875,203.60195922851562,12.66159439086914,134.27999877929688,278.7138977050781,33.245174407958984
2020-08-25,121.07696533203125,167.32449340820312,79.58679962158203,86.23051452636719,278.37548828125,206.25074768066406,12.691210746765137,134.8893280029297,281.76416015625,32.190025329589844
2020-08-26,122.72347259521484,172.09249877929688,81.48396301269531,85.02071380615234,301.2644348144531,210.70977783203125,12.714101791381836,143.54466247558594,278.6958923339844,31.504961013793945
2020-08-27,121.25641632080078,170.0,80.7103271484375,87.81785583496094,290.6675109863281,215.88340759277344,12.57002067565918,149.25,281.26776123046875,31.29235076904297
2020-08-28,121.05997467041016,170.08999633789062,81.25101470947266,88.1781997680664,291.10369873046875,218.1033935546875,13.087125778198242,147.55999755859375,283.7043762207031,32.040401458740234
2020-08-31,125.16539764404297,172.54800415039062,80.7603759765625,85.96454620361328,290.6476745605469,214.8829803466797,13.31282901763916,166.10667419433594,282.0620422363281,31.449844360351562
2020-09-01,130.15106201171875,174.95599365234375,82.02664947509766,85.92163848876953,292.8681945800781,216.5408477783203,13.761385917663574,158.35000610351562,282.31463623046875,31.048255920410156
2020-09-02,127.45451354980469,176.57249450683594,85.1147689819336,87.21725463867188,299.86669921875,220.71405029296875,14.284621238708496,149.1233367919922,289.0018310546875,30.859268188476562
2020-09-03,117.25041961669922,168.39999389648438,80.7593765258789,86.94268035888672,288.5857849121094,207.04153442382812,12.95936107635498,135.6666717529297,285.3830261230469,30.796274185180664
2020-09-04,117.32801055908203,164.7310028076172,78.3656234741211,88.82173919677734,280.268798828125,204.135498046875,12.568055152893066,139.44000244140625,281.56561279296875,30.77265167236328
2020-09-08,109.43242645263672,157.49200439453125,75.51044464111328,85.73287963867188,268.799560546875,193.09266662597656,11.861620903015137,110.06999969482422,277.27899169921875,30.063966751098633
2020-09-09,113.79731750488281,163.4304962158203,76.68154907226562,86.54798126220703,271.33721923828125,201.31524658203125,12.660155296325684,122.09333038330078,281.5836486816406,29.88286018371582
2020-09-10,110.08230590820312,158.7554931640625,75.63185119628906,85.65565490722656,265.7562561035156,195.6747283935547,12.258646965026855,123.77999877929688,274.88739013671875,29.13481330871582
2020-09-11,108.63704681396484,155.81100463867188,75.12187194824219,86.7195816040039,264.2890930175781,194.39796447753906,12.112030982971191,124.23999786376953,273.19293212890625,29.056066513061523
2020-09-14,111.89615631103516,155.14849853515625,74.7784194946289,87.92082214355469,263.8331298828125,195.7128448486328,12.816728591918945,139.8733367919922,279.61773681640625,28.8670711517334
2020-09-15,112.07077026367188,157.80650329589844,76.08137512207031,85.1837387084961,270.0485534667969,198.92372131347656,12.934966087341309,149.9199981689453,278.40338134765625,28.55998420715332
2020-09-16,108.76313018798828,153.90499877929688,74.93999481201172,85.5440902709961,261.2260437011719,195.36984252929688,12.460522651672363,147.25332641601562,277.760009765625,29.772613525390625
2020-09-17,107.02690887451172,150.43649291992188,73.69849395751953,84.56597137451172,252.6017608642578,193.33084106445312,12.40974235534668,141.14332580566406,276.3644714355469,29.764747619628906
2020-09-18,103.63198852539062,147.74549865722656,71.91680145263672,84.38580322265625,250.33169555664062,190.9298095703125,12.136675834655762,147.38333129882812,279.1193542480469,29.2844181060791
2020-09-21,106.77470397949219,148.02349853515625,70.87850952148438,81.77742004394531,245.98983764648438,192.97828674316406,12.463260650634766,149.79666137695312,271.1177673339844,28.68597412109375
2020-09-22,108.45276641845703,156.44949340820312,72.3494644165039,80.88507843017578,252.53236389160156,197.6279296875,12.58324146270752,141.41000366210938,266.650390625,27.977285385131836
2020-09-23,103.9035873413086,149.9929962158203,69.85011291503906,79.57231903076172,246.85226440429688,191.1203155517578,12.071455955505371,126.78666687011719,264.7293701171875,27.07961654663086
2020-09-24,104.97054290771484,150.989501953125,70.51769256591797,79.50367736816406,247.35781860351562,193.59762573242188,12.294739723205566,129.26333618164062,265.2004699707031,27.02449607849121
2020-09-25,108.90863800048828,154.75650024414062,71.32058715820312,80.19868469238281,252.6017608642578,198.00904846191406,12.818224906921387,135.77999877929688,274.1171569824219,27.276472091674805
2020-09-28,111.50818634033203,158.70249938964844,72.2919692993164,82.50674438476562,254.58438110351562,199.55259704589844,12.978778839111328,140.39999389648438,274.77874755859375,27.804044723510742
2020-09-29,110.6642837524414,157.24400329589844,72.65672302246094,81.81172943115234,259.5110778808594,197.47547912597656,13.16870403289795,139.69000244140625,275.6123352050781,26.992998123168945
2020-09-30,112.33264923095703,157.43649291992188,72.63591766357422,82.60111236572266,259.62005615234375,200.4005584716797,13.472140312194824,143.00332641601562,282.5173645019531,27.032373428344727
2020-10-01,113.2832260131836,161.06300354003906,73.7411117553711,83.20175170898438,264.3089904785156,202.4300079345703,13.555778503417969,149.3866729736328,283.69549560546875,26.087461471557617
2020-10-02,109.62641906738281,156.25,72.14031219482422,83.99110412597656,257.67718505859375,196.45602416992188,13.005908966064453,138.3633270263672,282.70770263671875,25.969343185424805
2020-10-05,113.00192260742188,159.9600067138672,73.48985290527344,85.76634979248047,262.34619140625,200.4481964111328,13.583656311035156,141.89332580566406,288.2987976074219,26.567792892456055
2020-10-06,109.76223754882812,154.9980010986328,71.91332244873047,84.88307189941406,256.4083251953125,196.18923950195312,13.67724895477295,137.9933319091797,284.94598388671875,26.292190551757812
2020-10-07,111.62457275390625,159.7845001220703,72.3157730102539,86.3638916015625,255.87298583984375,199.9241485595703,13.903769493103027,141.76666259765625,292.8478088378906,26.378807067871094
2020-10-08,111.51786804199219,159.52749633789062,73.51958465576172,88.13914489746094,261.4638977050781,200.63876342773438,13.779060363769531,141.97332763671875,292.1591796875,27.764678955078125
2020-10-09,113.45782470703125,164.33250427246094,74.85871887207031,87.63687133789062,262.1479797363281,205.62184143066406,13.703388214111328,144.6666717529297,297.0796203613281,27.35521697998047
2020-10-12,120.66471862792969,172.14649963378906,77.54192352294922,88.710693359375,273.3495178222656,210.94796752929688,14.16463851928711,147.43333435058594,299.0097961425781,27.26860237121582
2020-10-13,117.46382141113281,172.18150329589844,77.66482543945312,87.27315521240234,273.7362060546875,212.33905029296875,14.18679141998291,148.88333129882812,300.32379150390625,26.945758819580078
2020-10-14,117.55110931396484,168.1855010986328,77.48493194580078,86.78822326660156,269.4537658691406,210.43345642089844,14.034451484680176,153.76666259765625,291.6517028808594,26.890634536743164
2020-10-15,117.08552551269531,166.9324951171875,77.08992004394531,88.08718872070312,264.3981018066406,209.2901153564453,13.909744262695312,149.6266632080078,294.1164245605469,27.126869201660156
2020-10-16,115.44625854492188,163.635498046875,77.69605255126953,87.90533447265625,263.6150207519531,209.2901153564453,13.75192928314209,146.55667114257812,298.9463195800781,26.851266860961914
2020-10-19,112.4975357055664,160.36050415039062,75.82514953613281,86.42449951171875,259.1244812011719,204.10690307617188,13.439533233642578,143.61000061035156,293.7992858886719,26.315814971923828
2020-10-20,113.98162078857422,160.85049438476562,76.87236022949219,86.91812133789062,265.2308654785156,204.51661682128906,13.586642265319824,140.64666748046875,293.06524658203125,26.536296844482422
2020-10-21,113.36082458496094,159.2469940185547,78.60250854492188,86.05213928222656,276.3036804199219,204.65953063964844,13.466416358947754,140.8800048828125,292.5035095214844,26.111085891723633
2020-10-22,112.27442169189453,158.82000732421875,79.62692260742188,89.09172058105469,275.6989440917969,204.74526977539062,13.30337142944336,141.92999267578125,295.1676025390625,27.4497013092041
2020-10-23,111.58576202392578,160.22000122070312,80.93135833740234,89.8970718383789,282.3108825683594,206.02200317382812,13.531631469726562,140.2100067138672,299.5806884765625,26.898509979248047
2020-10-26,111.59548950195312,160.3520050048828,78.51826477050781,87.6715087890625,274.6976623535156,200.16232299804688,13.084568977355957,140.0933380126953,292.74810791015625,26.26069450378418
2020-10-27,113.09891510009766,164.31649780273438,79.2413558959961,86.01749420166016,280.8238830566406,203.1826934814453,13.338967323303223,141.55999755859375,290.4374084472656,25.843358993530273
2020-10-28,107.86107635498047,158.13900756835938,74.87606811523438,83.60143280029297,265.33990478515625,193.1117401123047,12.572538375854492,135.33999633789062,279.10113525390625,24.85907554626465
2020-10-29,111.85736846923828,160.55050659179688,77.1598129272461,84.14698028564453,278.3852844238281,195.05543518066406,12.967826843261719,136.94332885742188,275.1864318847656,25.961475372314453
2020-10-30,105.59133911132812,151.8074951171875,80.09526062011719,84.900390625,260.8195495605469,192.91163635253906,12.479940414428711,129.34666442871094,276.509521484375,25.685871124267578
2020-11-02,105.50402069091797,150.2239990234375,80.50215911865234,86.81419372558594,259.0848388671875,192.77822875976562,12.526487350463867,133.50332641601562,282.81646728515625,26.764646530151367
2020-11-03,107.1239013671875,152.42050170898438,81.55978393554688,89.55067443847656,262.9905090332031,196.6846923828125,12.96334171295166,141.3000030517578,291.19866943359375,26.307937622070312
2020-11-04,111.49846649169922,162.05799865722656,86.5252685546875,86.81419372558594,284.87835693359375,206.1744384765625,13.734752655029297,140.32666015625,321.2925720214844,26.166194915771484
2020-11-05,115.45598602294922,166.10000610351562,87.3504409790039,90.36469268798828,292.1147155761719,212.74874877929688,14.09892463684082,146.02999877929688,321.1475524902344,26.11895751953125
2020-11-06,115.3248062133789,165.56849670410156,87.2131576538086,89.16099548339844,290.8558654785156,213.15843200683594,14.499190330505371,143.31666564941406,314.8587646484375,25.811857223510742
2020-11-09,113.02197265625,157.18699645996094,87.29691314697266,101.23271942138672,276.34326171875,208.08006286621094,13.571955680847168,140.4199981689453,317.1604309082031,29.07967758178711
2020-11-10,112.68192291259766,151.75100708007812,86.12234497070312,100.90361785888672,270.0584411621094,201.04843139648438,12.714919090270996,136.7866668701172,320.504150390625,29.72482681274414
2020-11-11,116.10210418701172,156.8695068359375,86.59366607666016,99.39683532714844,274.0732116699219,206.32693481445312,13.360125541687012,139.0433349609375,318.7009582519531,29.418378829956055
2020-11-12,115.8300552368164,155.51400756835938,86.3750991821289,98.17581939697266,272.6853942871094,205.2693328857422,13.398709297180176,137.25332641601562,321.1565856933594,28.41034698486328
2020-11-13,115.87862396240234,156.4405059814453,87.83415985107422,98.79065704345703,274.5391540527344,206.288818359375,13.239645957946777,136.1666717529297,322.2984313964844,29.09581184387207
2020-11-16,116.8891372680664,156.55299377441406,87.92189025878906,101.5791015625,276.5316162109375,206.9748077392578,13.456954002380371,136.02999877929688,323.340576171875,30.773176193237305
2020-11-17,116.00494384765625,156.7830047607422,87.3088150024414,100.54859161376953,272.6060791015625,204.3356170654297,13.36435604095459,147.20333862304688,319.0633850097656,31.184452056884766
2020-11-18,114.6834945678711,155.2729949951172,86.26704406738281,99.80384826660156,269.6024475097656,201.64169311523438,13.370828628540039,162.2133331298828,312.18548583984375,30.0070743560791
2020-11-19,115.27620697021484,155.8509979248047,87.15567016601562,100.0722885131836,270.5639953613281,202.92176818847656,13.382280349731445,166.42333984375,305.3802490234375,30.160301208496094
2020-11-20,114.0130615234375,154.97000122070312,86.05592346191406,99.21497344970703,267.352294921875,200.98255920410156,13.031299591064453,163.20333862304688,303.2959289550781,29.789335250854492
2020-11-23,110.62200927734375,154.91949462890625,85.61878967285156,102.07270050048828,266.09326171875,200.7150421142578,13.08332633972168,173.9499969482422,303.6221923828125,31.740886688232422
2020-11-24,111.90459442138672,155.9029998779297,87.4198226928711,106.79226684570312,274.5093994140625,204.29734802246094,12.901859283447266,185.1266632080078,304.4830322265625,33.853721618652344
2020-11-25,112.7402114868164,159.2534942626953,87.43122863769531,105.67518615722656,273.1909484863281,204.3069610595703,13.177664756774902,191.3333282470703,301.9276428222656,32.91020584106445
2020-11-27,113.28433227539062,159.76699829101562,88.56565856933594,104.97373962402344,275.3916320800781,205.60614013671875,13.204049110412598,195.25332641601562,306.23193359375,32.41021728515625
2020-11-30,115.674560546875,158.40199279785156,86.94901275634766,102.08136749267578,274.5589294433594,204.49803161621094,13.343695640563965,189.1999969482422,304.78216552734375,30.74898910522461
2020-12-01,119.24053192138672,161.00399780273438,88.97901916503906,103.69208526611328,284.0555419921875,206.54232788085938,13.33224868774414,194.9199981689453,309.17706298828125,31.047361373901367
2020-12-02,119.59034729003906,160.17649841308594,90.44647979736328,105.68385314941406,285.0171203613281,205.73985290527344,13.486082077026367,189.60667419433594,314.9493713378906,32.208614349365234
2020-12-03,119.45429992675781,159.3365020751953,90.2913589477539,104.9910659790039,279.3964538574219,204.660400390625,13.342159271240234,197.7933349609375,315.9642639160156,32.42633819580078
2020-12-04,118.78384399414062,158.12899780273438,90.38653564453125,105.94363403320312,277.2651672363281,204.7750244140625,13.503759384155273,199.67999267578125,318.20147705078125,33.611793518066406
2020-12-07,120.24132537841797,157.89999389648438,90.05297088623047,105.54525756835938,283.0939636230469,204.70816040039062,13.55206298828125,213.9199981689453,316.3551940917969,32.9827766418457
2020-12-08,120.85346984863281,158.864501953125,89.77049255371094,105.64918518066406,280.9329833984375,206.35121154785156,13.296344757080078,216.6266632080078,316.3551940917969,34.06339645385742
2020-12-09,118.32719421386719,155.2100067138672,88.11168670654297,104.82652282714844,275.5007019042969,202.32948303222656,12.878778457641602,201.4933319091797,313.21771240234375,34.51499557495117
2020-12-10,119.74575805664062,155.07449340820312,87.60567474365234,104.15104675292969,274.7076416015625,201.10671997070312,12.920114517211914,209.02333068847656,308.88885498046875,35.49075698852539
2020-12-11,118.93932342529297,155.8209991455078,87.96003723144531,103.53620910644531,271.1686706542969,203.72418212890625,12.960949897766113,203.3300018310547,306.54248046875,35.3214111328125
2020-12-14,118.32719421386719,157.84849548339844,86.84294128417969,102.44508361816406,271.8031311035156,204.6221466064453,13.25525951385498,213.27667236328125,305.6876220703125,34.047264099121094
2020-12-15,124.25421905517578,158.25599670410156,87.28005981445312,104.1943588256836,273.1512451171875,204.55532836914062,13.306802749633789,211.0833282470703,308.9071044921875,34.70853805541992
2020-12-16,124.18621063232422,162.04800415039062,87.08726501464844,104.4974365234375,273.2702941894531,209.47500610351562,13.189277648925781,207.58999633789062,308.6069030761719,35.24077606201172
2020-12-17,125.05096435546875,161.8040008544922,86.26061248779297,103.63145446777344,272.0906677246094,209.6087646484375,13.287630081176758,218.63333129882812,310.7259826660156,35.063350677490234
2020-12-18,123.0688247680664,160.08250427246094,85.55238342285156,103.12054443359375,273.9939270019531,208.8158721923828,13.218656539916992,231.6666717529297,307.73388671875,34.458534240722656
2020-12-21,124.59429168701172,160.3090057373047,85.9657211303711,106.99146270751953,270.41534423828125,212.63699340820312,13.278663635253906,216.6199951171875,305.6422119140625,33.829532623291016
2020-12-22,128.14080810546875,160.3260040283203,85.2550277709961,105.3634262084961,264.7649841308594,213.9267120361328,13.224882125854492,213.44667053222656,304.66912841796875,33.25697708129883
2020-12-23,127.24689483642578,159.2635040283203,85.6520004272461,108.3077392578125,265.7760314941406,211.13720703125,12.956965446472168,215.32666015625,307.0154724121094,33.68436813354492
2020-12-24,128.22830200195312,158.63450622558594,85.94590759277344,107.83147430419922,265.07220458984375,212.78985595703125,12.941529273986816,220.58999633789062,309.92559814453125,33.54728317260742
2020-12-28,132.81442260742188,164.197998046875,87.91839599609375,108.54155731201172,274.5886535644531,214.9010467529297,12.848153114318848,221.22999572753906,314.6183166503906,33.66018295288086
2020-12-29,131.04605102539062,166.10000610351562,87.11552429199219,108.25579071044922,274.37060546875,214.1272430419922,12.891231536865234,221.99667358398438,315.8915100097656,33.28116226196289
2020-12-30,129.92868041992188,164.29249572753906,86.04947662353516,108.55886840820312,269.50335693359375,211.76773071289062,13.092917442321777,231.5933380126953,313.7452087402344,33.54728317260742
2020-12-31,128.9278564453125,162.84649658203125,86.86177062988281,110.03970336914062,270.7821350097656,212.47463989257812,13.002530097961426,235.22332763671875,318.91986083984375,33.2408332824707
2021-01-04,125.7408447265625,159.3314971923828,85.54792785644531,109.00053405761719,266.5988464355469,207.95611572265625,13.060795783996582,243.2566680908203,317.84674072265625,33.46663284301758
2021-01-05,127.29548645019531,160.92550659179688,86.2378158569336,109.59363555908203,268.6111755371094,208.15672302246094,13.350874900817871,245.0366668701172,313.5724792480469,35.07948303222656
2021-01-06,123.01050567626953,156.91900634765625,85.3868637084961,114.73970031738281,261.0178527832031,202.75933837890625,12.563801765441895,251.9933319091797,326.7319641113281,35.974609375
2021-01-07,127.20801544189453,158.10800170898438,87.93724060058594,118.50767517089844,266.400634765625,208.52931213378906,13.290369033813477,272.0133361816406,331.9702453613281,36.256866455078125
2021-01-08,128.3059844970703,159.13499450683594,89.1014175415039,118.63850402832031,265.24078369140625,209.79981994628906,13.223387718200684,293.3399963378906,330.47882080078125,36.66007614135742
2021-01-11,125.32305145263672,155.7104949951172,87.04267120361328,120.40910339355469,254.6041717529297,207.7650604248047,13.566753387451172,270.39666748046875,328.0779113769531,37.77294158935547
2021-01-12,125.14815521240234,156.04150390625,86.10796356201172,122.30178833007812,248.9042205810547,205.3195343017578,13.430551528930664,283.14666748046875,325.0040283203125,38.61162567138672
2021-01-13,127.17884826660156,158.29449462890625,86.59465026855469,122.41519927978516,249.44943237304688,206.66650390625,13.477365493774414,284.8033447265625,322.8851013183594,39.04710006713867
2021-01-14,125.25501251220703,156.37350463867188,85.78531646728516,123.13037109375,243.5016632080078,203.49493408203125,13.147197723388672,281.6666564941406,318.78350830078125,40.57123947143555
2021-01-15,123.53520965576172,155.21249389648438,85.62177276611328,120.92366027832031,249.171875,203.1414794921875,12.807817459106445,275.38665771484375,319.48370361328125,38.619693756103516
2021-01-19,124.20564270019531,156.03799438476562,88.43928527832031,120.40032196044922,258.82708740234375,206.76202392578125,12.972901344299316,281.51666259765625,320.2931823730469,39.385799407958984
2021-01-20,128.28659057617188,163.16900634765625,93.1772689819336,118.5948715209961,265.1514892578125,214.30877685546875,13.312032699584961,283.48333740234375,319.06549072265625,39.94222640991211
2021-01-21,132.98934936523438,165.34950256347656,93.37947845458984,117.60055541992188,270.49462890625,214.91058349609375,13.811766624450684,281.663330078125,322.8486022949219,38.7971076965332
2021-01-22,135.12698364257812,164.6114959716797,93.79627990722656,116.69346618652344,272.11041259765625,215.84677124023438,13.657389640808105,282.21331787109375,316.07342529296875,38.24872970581055
2021-01-25,138.86778259277344,164.6999969482422,93.88151550292969,115.2368392944336,275.58990478515625,219.2667236328125,13.598374366760254,293.6000061035156,316.3098449707031,37.82133102416992
2021-01-26,139.1010284423828,166.30650329589844,94.55902862548828,114.76587677001953,279.5947265625,221.94149780273438,13.38125228881836,294.36334228515625,312.0354919433594,36.9907112121582
2021-01-27,138.03221130371094,161.62899780273438,90.14765167236328,111.52123260498047,269.7709655761719,222.4860076904297,12.865833282470703,288.0533447265625,302.83209228515625,36.57136917114258
2021-01-28,133.2030792236328,161.88099670410156,91.8456039428711,113.48370361328125,262.6931457519531,228.2464141845703,12.998544692993164,278.4766540527344,307.5246887207031,37.14393997192383
2021-01-29,128.21856689453125,160.30999755859375,90.56494903564453,112.22771453857422,256.0812072753906,221.5880889892578,12.937542915344238,264.510009765625,303.36865234375,36.160091400146484
2021-02-01,130.33673095703125,167.1439971923828,93.8215560913086,113.05631256103516,259.72918701171875,228.9341583251953,13.183798789978027,279.9366760253906,303.75054931640625,36.224609375
2021-02-02,131.1626434326172,169.0,95.11261749267578,116.53645324707031,264.7549743652344,228.8004608154297,13.502266883850098,290.92999267578125,308.0430603027344,36.79717254638672
2021-02-03,130.1424102783203,165.62649536132812,102.03919982910156,117.87091827392578,264.3287353515625,232.1343994140625,13.476120948791504,284.89666748046875,307.28826904296875,38.240665435791016
2021-02-04,133.49462890625,166.5500030517578,101.77900695800781,120.58351135253906,264.1701965332031,231.18865966796875,13.609332084655762,283.3299865722656,299.4944152832031,38.97452163696289
2021-02-05,133.08102416992188,167.6074981689453,103.52352905273438,120.34803009033203,265.7662048339844,231.37017822265625,13.536375999450684,284.07666015625,295.1200866699219,40.28092575073242
2021-02-08,133.22698974609375,166.14700317382812,103.30992889404297,122.2320327758789,264.25933837890625,231.6281280517578,14.380719184875488,287.8066711425781,294.9654541015625,42.01475143432617
2021-02-09,132.35121154785156,165.25,102.85743713378906,121.74353790283203,267.10443115234375,232.86997985839844,14.205925941467285,283.1533203125,299.7763671875,41.522666931152344
2021-02-10,131.74786376953125,164.32899475097656,103.40705871582031,121.8133544921875,269.50335693359375,231.96246337890625,14.70490837097168,268.2733459472656,303.2049255371094,41.92453384399414
2021-02-11,131.494873046875,163.10650634765625,103.51956176757812,121.47321319580078,268.0362548828125,233.55780029296875,15.189457893371582,270.5533447265625,302.90478515625,40.87477493286133
2021-02-12,131.72840881347656,163.885498046875,103.83081817626953,123.20016479492188,268.145263671875,234.03541564941406,14.901118278503418,272.0400085449219,298.5122985839844,41.432456970214844
2021-02-16,129.6070556640625,163.44749450683594,104.607421875,126.16566467285156,271.5850524902344,232.8031005859375,15.268635749816895,265.40667724609375,295.2200622558594,42.679039001464844
2021-02-17,127.32029724121094,165.4320068359375,104.99993896484375,126.55819702148438,271.1885681152344,233.8180389404297,14.846090316772461,266.04998779296875,297.2572326660156,43.34333419799805
2021-02-18,126.22067260742188,166.4114990234375,104.36506652832031,126.98554992675781,267.0449523925781,233.42544555664062,14.769402503967285,262.4599914550781,298.66680908203125,42.66263961791992
2021-02-19,126.3763656616211,162.4949951171875,103.52253723144531,129.1050567626953,259.2830810546875,230.72535705566406,14.866509437561035,260.4333190917969,295.1836853027344,42.949668884277344
2021-02-22,122.6104965209961,159.03700256347656,101.81022644042969,130.31739807128906,258.06378173828125,224.53997802734375,14.298052787780762,238.1666717529297,297.966552734375,44.532501220703125
2021-02-23,122.4742431640625,159.72500610351562,102.10063934326172,131.36407470703125,263.54559326171875,223.35269165039062,14.085162162780762,232.94667053222656,299.6672058105469,45.1475944519043
2021-02-24,121.97796630859375,157.97650146484375,103.27474212646484,133.67544555664062,262.0091247558594,224.5783233642578,14.440727233886719,247.33999633789062,302.1226806640625,46.50079345703125
2021-02-25,117.7352523803711,152.85800170898438,99.91156005859375,131.86123657226562,252.47288513183594,219.25462341308594,13.25401782989502,227.4066619873047,299.0851135253906,45.72988510131836
2021-02-26,117.99800109863281,154.64649963378906,100.20694732666016,128.36366271972656,255.3773651123047,222.50054931640625,13.659379959106445,225.1666717529297,302.1318664550781,44.58991241455078
2021-03-01,124.35232543945312,157.3070068359375,102.5734634399414,131.2681427001953,262.60394287109375,226.86669921875,13.786118507385254,239.47666931152344,304.3416442871094,46.254756927490234
2021-03-02,121.754150390625,154.72650146484375,102.31673431396484,130.84078979492188,256.745361328125,223.92721557617188,13.352370262145996,228.81333923339844,304.3326721191406,45.9841194152832
2021-03-03,118.77648162841797,150.25,99.68655395507812,133.37020874023438,253.1866455078125,217.88543701171875,12.753287315368652,217.73333740234375,302.722900390625,46.35316848754883
2021-03-04,116.89838409423828,148.8784942626953,100.80265045166016,131.32044982910156,255.39724731445312,217.09072875976562,12.320533752441406,207.14666748046875,303.5777587890625,48.14923858642578
2021-03-05,118.15367889404297,150.0229949951172,103.9319076538086,131.62571716308594,261.97943115234375,221.75375366210938,12.411417007446289,199.31666564941406,315.66412353515625,49.96990203857422
2021-03-08,113.22980499267578,147.59750366210938,99.49276733398438,133.37020874023438,253.08749389648438,217.72271728515625,11.54665756225586,187.6666717529297,318.4560546875,49.920692443847656
2021-03-09,117.83255767822266,153.1425018310547,101.121337890625,132.4281768798828,263.42669677734375,223.84103393554688,12.47423267364502,224.52667236328125,320.1022033691406,49.149784088134766
2021-03-10,116.75241088867188,152.8820037841797,100.91466522216797,135.30648803710938,262.593994140625,222.53880310058594,12.422425270080566,222.68666076660156,317.9377136230469,50.6588134765625
2021-03-11,118.67916107177734,155.67950439453125,104.1038818359375,134.59999084472656,271.49591064453125,227.04861450195312,12.945745468139648,233.1999969482422,321.1207275390625,50.28154754638672
2021-03-12,117.77416229248047,154.47450256347656,101.5990982055664,136.19613647460938,266.06353759765625,225.72726440429688,12.808749198913574,231.2433319091797,324.9265441894531,50.82283020019531
2021-03-15,120.654541015625,154.08399963378906,101.81914520263672,135.5158233642578,271.366943359375,224.82723999023438,13.142766952514648,235.97999572753906,322.97344970703125,49.527034759521484
2021-03-16,122.19205474853516,154.59300231933594,103.27871704101562,133.8934783935547,276.84881591796875,227.60397338867188,13.242401123046875,225.6266632080078,323.6305236816406,48.4772834777832
2021-03-17,121.40384674072266,156.7864990234375,103.19593811035156,135.27157592773438,281.5376892089844,226.9624481201172,13.292217254638672,233.93666076660156,321.42193603515625,48.690513610839844
2021-03-18,117.2876205444336,151.39950561523438,100.17868041992188,137.50442504882812,276.194580078125,220.91114807128906,12.675739288330078,217.72000122070312,330.4298400878906,46.59100341796875
2021-03-19,116.76213836669922,153.7480010986328,100.45721435546875,135.315185546875,287.58453369140625,220.556884765625,12.79853630065918,218.2899932861328,333.6516418457031,46.32856750488281
2021-03-22,120.0707015991211,155.5435028076172,100.64207458496094,131.67808532714844,290.9847106933594,225.95709228515625,13.137786865234375,223.3333282470703,334.8197326660156,45.85289764404297
2021-03-23,119.24356079101562,156.875,101.16939544677734,130.36102294921875,288.10003662109375,227.47950744628906,13.022710800170898,220.72000122070312,336.3166198730469,45.287010192871094
2021-03-24,116.85946655273438,154.35350036621094,100.73328399658203,131.37283325195312,279.6839599609375,225.44960021972656,12.596531867980957,210.08999633789062,338.2331848144531,46.20555877685547
2021-03-25,117.34600830078125,152.31300354003906,100.72980499267578,133.05616760253906,276.3135070800781,222.46224975585938,12.489180564880371,213.4633331298828,338.6803283691406,46.074344635009766
2021-03-26,117.94933319091797,152.60150146484375,100.34671020507812,135.27157592773438,280.5563049316406,226.4261932373047,12.792064666748047,206.23666381835938,343.59967041015625,47.32911682128906
2021-03-29,118.12448120117188,153.7864990234375,101.39044952392578,133.1695556640625,288.2883605957031,225.23895263671875,12.900660514831543,203.76333618164062,345.9543151855469,47.07489013671875
2021-03-30,116.6745834350586,152.76449584960938,101.42414855957031,134.739501953125,285.4929504394531,221.99307250976562,12.824442863464355,211.8733367919922,340.9346618652344,46.49258804321289
2021-03-31,118.86404418945312,154.70399475097656,102.21959686279297,132.77708435058594,291.966064453125,225.7464141845703,13.299195289611816,222.64332580566406,339.5748291015625,45.787288665771484
2021-04-01,119.69117736816406,158.0500030517578,105.55303955078125,134.0679473876953,296.0601806640625,232.04669189453125,13.760988235473633,220.5833282470703,335.0115051269531,47.06667709350586
2021-04-05,122.51318359375,161.3365020751953,109.97285461425781,134.778564453125,306.220947265625,238.48098754882812,13.9360933303833,230.35000610351562,337.8498229980469,46.33676528930664
2021-04-06,122.8148193359375,161.1909942626953,109.49211120605469,133.8310546875,303.5939636230469,237.32244873046875,13.810550689697266,230.5399932861328,332.54736328125,46.20555877685547
2021-04-07,124.4593734741211,163.96949768066406,110.967529296875,135.9279327392578,310.3645324707031,239.27569580078125,14.09151840209961,223.6566619873047,333.7063903808594,46.41058349609375
2021-04-08,126.85317993164062,164.96499633789062,111.53252410888672,136.09463500976562,310.29510498046875,242.4832763671875,14.264379501342773,227.93333435058594,333.02191162109375,45.92670822143555
2021-04-09,129.4221649169922,168.61000061035156,112.53562927246094,137.11231994628906,309.7400207519531,244.9727325439453,14.347075462341309,225.67333984375,343.4353942871094,45.820091247558594
2021-04-12,127.70952606201172,168.96949768066406,111.24456024169922,136.8228302001953,308.8280029296875,245.03021240234375,15.153100967407227,233.9933319091797,343.41705322265625,45.51665115356445
2021-04-13,130.81369018554688,170.0,111.73075103759766,135.19097900390625,307.0635070800781,247.50050354003906,15.621871948242188,254.10667419433594,341.7925720214844,45.688880920410156
2021-04-14,128.47825622558594,166.64999389648438,111.11026000976562,132.66415405273438,300.18389892578125,244.72377014160156,15.22085189819336,244.07666015625,342.8238830566406,47.00926971435547
2021-04-15,130.88180541992188,168.95449829101562,113.25820922851562,133.50643920898438,305.14044189453125,248.46754455566406,16.077939987182617,246.28334045410156,355.94805908203125,46.73042678833008
2021-04-16,130.5509490966797,169.9720001220703,113.13430786132812,134.497802734375,303.5146789550781,249.65481567382812,15.854015350341797,246.5933380126953,356.86065673828125,46.467987060546875
2021-04-19,131.21270751953125,168.60049438476562,113.48172760009766,133.9275360107422,299.6089782714844,247.73988342285156,15.305290222167969,238.2100067138672,355.7928466796875,46.32036590576172
2021-04-20,129.52920532226562,166.7344970703125,112.94894409179688,130.96212768554688,300.0154113769531,247.2802734375,15.115490913391113,239.663330078125,361.8985900878906,45.344425201416016
2021-04-21,129.90869140625,168.1009979248047,112.91625213623047,132.0763397216797,298.8456726074219,249.50161743164062,15.304044723510742,248.0399932861328,363.9794616699219,45.92670822143555
2021-04-22,128.3906707763672,165.45199584960938,111.6361083984375,129.29515075683594,293.93878173828125,246.2366485595703,14.795669555664062,239.89666748046875,361.9076843261719,45.328025817871094
2021-04-23,130.70663452148438,167.04400634765625,113.98575592041016,131.76925659179688,298.5085754394531,250.0474090576172,15.209145545959473,243.13333129882812,365.3484191894531,45.574058532714844
2021-04-26,131.09588623046875,170.4499969482422,114.48137664794922,132.0938720703125,300.4020080566406,250.430419921875,15.421113014221191,246.06666564941406,361.2869873046875,45.66426086425781
2021-04-27,130.7747802734375,170.8715057373047,113.54220581054688,132.69927978515625,300.9273986816406,250.8325653076172,15.325216293334961,234.913330078125,360.0458068847656,46.262962341308594
2021-04-28,129.986572265625,172.9250030517578,116.91529083251953,133.55909729003906,304.42669677734375,243.73757934570312,15.220601081848145,231.46665954589844,360.12799072265625,47.65716552734375
2021-04-29,129.88926696777344,173.5655059814453,118.58646392822266,136.15606689453125,326.6416015625,241.7747344970703,15.268427848815918,225.6666717529297,366.4801330566406,48.33786392211914
2021-04-30,127.92362213134766,173.37100219726562,116.6407241821289,134.94529724121094,322.2501525878906,241.45875549316406,14.954334259033203,236.47999572753906,363.97027587890625,46.94366455078125
2021-05-03,128.97454833984375,169.32449340820312,116.12429809570312,134.5504608154297,319.7718811035156,241.15240478515625,14.782220840454102,228.3000030517578,370.4502258300781,48.23944854736328
2021-05-04,124.41071319580078,165.593505859375,114.32772827148438,136.41049194335938,315.588623046875,237.2554168701172,14.298501968383789,224.53334045410156,375.4151611328125,48.54288864135742
2021-05-05,124.65399932861328,163.52699279785156,114.72125244140625,138.2002716064453,312.2777099609375,235.9915008544922,14.40536117553711,223.64666748046875,376.4737854003906,50.002708435058594
2021-05-06,126.24986267089844,165.31849670410156,115.84032440185547,140.9814910888672,317.23419189453125,239.11293029785156,14.469624519348145,221.17999267578125,378.72808837890625,50.4783821105957
2021-05-07,126.92242431640625,164.58050537109375,116.56290435791016,141.46405029296875,316.3023681640625,241.7268829345703,14.757810592651367,224.1233367919922,381.1739501953125,51.2000846862793
2021-05-10,123.64727783203125,159.52450561523438,113.58036041259766,141.4464569091797,303.3065490722656,236.6713104248047,14.2133207321167,209.67999267578125,384.1310729980469,51.32310104370117
2021-05-11,122.73101806640625,161.19549560546875,112.50538635253906,139.09519958496094,303.86163330078125,235.76170349121094,14.253667831420898,205.73333740234375,375.7436828613281,49.69105911254883
2021-05-12,119.6702880859375,157.5970001220703,109.04557037353516,138.13885498046875,299.916259765625,228.839111328125,13.707930564880371,196.6300048828125,369.9665222167969,49.957332611083984
2021-05-13,121.81475830078125,158.07350158691406,110.47241973876953,141.69212341308594,302.6026611328125,232.6977996826172,13.615023612976074,190.56333923339844,372.8778991699219,49.341583251953125
2021-05-14,124.23210906982422,161.14500427246094,112.91773986816406,143.89425659179688,313.189697265625,237.60006713867188,14.190652847290039,196.5800018310547,374.0096130371094,50.56473922729492
2021-05-17,123.08192443847656,163.51950073242188,113.44010162353516,144.4733428955078,312.7138977050781,234.75633239746094,14.113435745239258,192.27667236328125,372.94183349609375,51.74626541137695
2021-05-18,121.69779205322266,161.61399841308594,112.12922668457031,142.43788146972656,307.26171875,232.7456512451172,13.964237213134766,192.6233367919922,374.5389404296875,50.281829833984375
2021-05-19,121.54182434082031,161.58999633789062,112.57675170898438,141.34991455078125,310.860107421875,233.3214569091797,14.014056205749512,187.82000732421875,373.7358093261719,49.07533645629883
2021-05-20,124.09566497802734,162.38400268554688,114.33367156982422,141.1042938232422,315.8364562988281,236.54600524902344,14.558797836303711,195.5933380126953,372.950927734375,48.95884704589844
2021-05-21,122.26313018798828,160.1540069580078,113.69830322265625,142.70986938476562,313.47723388671875,235.28883361816406,14.936650276184082,193.6266632080078,375.6798095703125,49.02540588378906
2021-05-24,123.8909683227539,162.24949645996094,117.014404296875,143.48190307617188,321.8040771484375,240.67276000976562,15.554621696472168,202.14666748046875,375.0592346191406,49.59954071044922
2021-05-25,123.69603729248047,162.95249938964844,117.1051025390625,141.99920654296875,324.93658447265625,241.57489013671875,15.590238571166992,201.56333923339844,376.9757080078125,48.47624206542969
2021-05-26,123.64727783203125,163.25799560546875,117.96943664550781,141.9816131591797,324.80767822265625,241.35414123535156,15.64229679107666,206.3766632080078,377.1217956542969,49.042049407958984
2021-05-27,122.11692810058594,161.5054931640625,117.09568786621094,144.19259643554688,329.8533935546875,239.26199340820312,15.43107795715332,210.28334045410156,376.6563720703125,48.725860595703125
2021-05-28,121.46385192871094,161.15350341796875,116.80674743652344,144.0960693359375,325.86834716796875,239.61705017089844,16.184797286987305,208.4066619873047,375.9444580078125,48.56776428222656
2021-06-01,121.14216613769531,160.9324951171875,118.0125503540039,145.68405151367188,326.2649230957031,237.42897033691406,16.20472526550293,207.96665954589844,371.1986389160156,50.306793212890625
2021-06-02,121.9024658203125,161.69949340820312,117.48770904541016,145.69281005859375,326.2846984863281,237.33299255371094,16.71658706665039,201.7066650390625,370.4045715332031,50.7061767578125
2021-06-03,120.42084503173828,159.35049438476562,116.34732818603516,145.7893524169922,323.2017822265625,235.8070831298828,16.90738296508789,190.94667053222656,372.33026123046875,50.90587615966797
2021-06-04,122.71150970458984,160.31100463867188,118.62661743164062,146.02621459960938,327.4742736816406,240.6822967529297,17.513641357421875,199.68333435058594,370.21295166015625,51.13053894042969
2021-06-07,122.72126007080078,159.90049743652344,119.05928039550781,145.34188842773438,333.64996337890625,243.5806121826172,17.554243087768555,201.7100067138672,365.2936706542969,50.797706604003906
2021-06-08,123.54006958007812,163.20550537109375,118.86796569824219,144.76284790039062,330.7752685546875,242.390625,17.39284324645996,201.19667053222656,366.6535339355469,51.696346282958984
2021-06-09,123.92020416259766,164.0574951171875,119.33881378173828,142.95550537109375,327.3751220703125,243.36947631835938,17.29841423034668,199.5933380126953,366.0694885253906,52.129024505615234
2021-06-10,122.92596435546875,167.4824981689453,120.68634796142578,140.7270050048828,329.5658874511719,246.8723907470703,17.36493682861328,203.3733367919922,366.4253845214844,52.21222686767578
2021-06-11,124.1346664428711,167.3415069580078,120.4420166015625,140.6305389404297,328.3763732910156,247.4962158203125,17.763809204101562,203.29666137695312,363.1398010253906,51.72962188720703
2021-06-14,127.18563079833984,169.19349670410156,121.3692855834961,138.24412536621094,333.8383483886719,249.4156036376953,17.956636428833008,205.89666748046875,364.29888916015625,51.64641571044922
2021-06-15,126.36686706542969,169.156494140625,120.35231018066406,136.1472625732422,333.8185729980469,247.94723510742188,17.727184295654297,199.7866668701172,365.3210754394531,53.526893615722656
2021-06-16,126.86394500732422,170.7624969482422,119.71099853515625,137.1035919189453,328.1979064941406,247.0067596435547,17.748851776123047,201.6233367919922,362.5556640625,53.33551788330078
2021-06-17,128.46255493164062,174.46200561523438,120.67345428466797,133.146728515625,333.58062744140625,250.38485717773438,18.592937469482422,205.53334045410156,362.64697265625,51.57986068725586
2021-06-18,127.16610717773438,174.34500122070312,119.05530548095703,129.77769470214844,326.7902526855469,248.97409057617188,18.574506759643555,207.77000427246094,356.66534423828125,50.25687026977539
2021-06-21,128.95968627929688,172.697998046875,120.74185180664062,131.97982788085938,329.3973693847656,252.04513549804688,18.363731384277344,206.94332885742188,364.6346435546875,52.07909393310547
2021-06-22,130.5972442626953,175.27200317382812,121.25530242919922,131.7868194580078,336.0787353515625,254.80906677246094,18.821651458740234,207.90333557128906,365.20257568359375,53.07757568359375
2021-06-23,130.32427978515625,175.1909942626953,121.05358123779297,132.58522033691406,337.6251220703125,254.57876586914062,18.991558074951172,218.85667419433594,362.3355407714844,53.468658447265625
2021-06-24,130.04165649414062,172.45399475097656,121.42330932617188,133.8047332763672,340.19256591796875,255.94149780273438,19.13929557800293,226.60667419433594,365.36749267578125,53.68497848510742
2021-06-25,129.74920654296875,170.072998046875,121.4317398071289,135.1558837890625,338.3983459472656,254.33877563476562,18.965402603149414,223.9566650390625,370.9368591308594,53.80147933959961
2021-06-28,131.37705993652344,172.1945037841797,121.45899963378906,135.40151977539062,352.5441589355469,257.8896484375,19.916107177734375,229.57333374023438,367.73992919921875,52.42856216430664
2021-06-29,132.88787841796875,172.40699768066406,121.19780731201172,135.2348175048828,348.8268127441406,260.4616394042969,19.95772361755371,226.9199981689453,364.66217041015625,52.10405349731445
2021-06-30,133.50204467773438,172.00799560546875,121.01641845703125,136.463134765625,344.68310546875,259.98187255859375,19.93355369567871,226.56666564941406,366.8056335449219,52.48680877685547
2021-07-01,133.80419921875,171.64849853515625,121.3683090209961,137.81427001953125,351.3050537109375,260.6537170410156,20.1423282623291,225.97332763671875,370.8818664550781,52.63657760620117
2021-07-02,136.42630004882812,175.5489959716797,124.15658569335938,137.68186950683594,351.6123046875,266.459716796875,20.416378021240234,226.3000030517578,374.97637939453125,52.56169128417969
2021-07-06,138.4342803955078,183.78700256347656,125.08088684082031,135.36996459960938,349.708984375,266.46942138671875,20.62714958190918,219.86000061035156,375.80078125,51.06397247314453
2021-07-07,140.91989135742188,184.82899475097656,125.36239624023438,135.52879333496094,347.4389343261719,268.6479187011719,20.301528930664062,214.88333129882812,377.083251953125,50.26519012451172
2021-07-08,139.6234588623047,186.57049560546875,123.9449462890625,133.19041442871094,342.64105224609375,266.23907470703125,19.834142684936523,217.60333251953125,375.5168762207031,50.04053497314453
2021-07-09,141.44625854492188,185.9669952392578,124.41527557373047,137.4524383544922,347.36956787109375,266.7381286621094,19.98113441467285,218.98333740234375,377.4954528808594,50.94747543334961
2021-07-12,140.85162353515625,185.92750549316406,125.85948181152344,139.4202117919922,350.0856628417969,266.14306640625,20.441795349121094,228.56666564941406,381.0953063964844,50.89755630493164
2021-07-13,141.96287536621094,183.8679962158203,126.22225952148438,137.34652709960938,349.0249938964844,269.65557861328125,20.180198669433594,222.84666442871094,383.38531494140625,50.6562614440918
2021-07-14,145.38424682617188,184.08399963378906,127.10987854003906,136.87889099121094,344.6038513183594,271.12396240234375,19.77310562133789,217.7933349609375,379.9045104980469,49.532962799072266
2021-07-15,144.7311248779297,181.55999755859375,125.88871002197266,137.1789093017578,341.46148681640625,269.7035827636719,18.9008731842041,216.86666870117188,384.76849365234375,49.05036163330078
2021-07-16,142.69395446777344,178.68150329589844,125.8540267944336,134.04637145996094,338.1902160644531,269.4349365234375,18.098398208618164,214.74000549316406,384.4479064941406,47.69410705566406
2021-07-19,138.85340881347656,177.47950744628906,123.48304748535156,129.68728637695312,334.01678466796875,265.8455505371094,18.715015411376953,215.4066619873047,374.7016296386719,46.054927825927734
2021-07-20,142.45999145507812,178.6595001220703,125.1002197265625,132.1050567626953,338.685791015625,268.06256103515625,18.547849655151367,220.1666717529297,378.2831726074219,46.5624885559082
2021-07-21,141.72891235351562,179.25999450683594,126.42794799804688,134.88467407226562,343.21600341796875,270.0586853027344,19.34309196472168,218.42999267578125,379.81292724609375,48.060211181640625
2021-07-22,143.09356689453125,181.90150451660156,127.29275512695312,133.1815948486328,348.1328430175781,274.6075439453125,19.526458740234375,216.4199981689453,380.8479919433594,47.51936721801758
2021-07-23,144.8091278076172,182.83200073242188,131.8459014892578,132.92568969726562,366.5709533691406,277.995361328125,19.49058723449707,214.4600067138672,382.6159362792969,47.461124420166016
2021-07-26,145.22830200195312,184.99099731445312,132.85691833496094,133.81690979003906,369.2176818847656,277.400390625,19.227493286132812,219.2066650390625,378.80535888671875,48.6592903137207
2021-07-27,143.0643310546875,181.3195037841797,130.74066162109375,133.6404266357422,364.6081848144531,274.9914245605469,19.141788482666016,214.92666625976562,380.2342529296875,48.11845779418945
2021-07-28,141.31951904296875,181.51600646972656,134.89785766601562,133.8610382080078,370.03057861328125,274.6843566894531,19.435773849487305,215.66000366210938,374.8023681640625,48.442962646484375
2021-07-29,141.96287536621094,179.99600219726562,134.5841064453125,135.00816345214844,355.2008056640625,274.953125,19.594228744506836,225.78334045410156,377.4679870605469,49.03372573852539
2021-07-30,142.1772918701172,166.37950134277344,133.54234313964844,133.93165588378906,353.1983337402344,273.42718505859375,19.431787490844727,229.06666564941406,377.59613037109375,47.90211868286133
2021-08-02,141.845947265625,166.57400512695312,133.66925048828125,133.39337158203125,348.8862609863281,273.34075927734375,19.68192481994629,236.55667114257812,380.6648254394531,47.910438537597656
2021-08-03,143.63943481445312,168.31199645996094,134.4379119873047,134.9111328125,348.18243408203125,275.5481262207031,19.746700286865234,236.5800018310547,386.463134765625,48.42631530761719
2021-08-04,143.23976135253906,167.73599243164062,133.93785095214844,133.45516967773438,355.7956237792969,274.9627380371094,20.204116821289062,236.97332763671875,386.1333923339844,47.294708251953125
2021-08-05,143.34698486328125,168.79949951171875,135.053955078125,135.14053344726562,359.8102722167969,277.8514404296875,20.56586265563965,238.2100067138672,376.6527099609375,47.5942497253418
2021-08-06,142.6636962890625,167.2469940185547,134.54544067382812,138.97900390625,360.3456115722656,277.7938232421875,20.295799255371094,233.03334045410156,380.2525939941406,48.14341735839844
2021-08-09,142.61488342285156,167.093505859375,135.7096405029297,138.82899475097656,358.4621276855469,276.7093811035156,20.22504425048828,237.9199981689453,376.359619140625,47.5942497253418
2021-08-10,142.1365509033203,166.03399658203125,135.60455322265625,140.5320281982422,357.9863586425781,274.8955078125,19.867280960083008,236.663330078125,377.1930847167969,48.40968322753906
2021-08-11,142.39031982421875,164.60549926757812,135.0812225341797,142.2086181640625,356.8265075683594,275.3849182128906,19.63109588623047,235.94000244140625,373.4924011230469,48.55113220214844
2021-08-12,145.34823608398438,165.1750030517578,135.98817443847656,142.76451110839844,359.49310302734375,278.12969970703125,19.836387634277344,240.75,371.8619689941406,48.441322326660156
2021-08-13,145.5532989501953,164.69850158691406,136.5169677734375,141.1673583984375,360.0184631347656,281.0472106933594,20.1184139251709,239.05667114257812,375.2603454589844,47.95142364501953
2021-08-16,147.5251922607422,164.94949340820312,137.09385681152344,140.2408447265625,363.3690490722656,282.7266845703125,19.881235122680664,228.72332763671875,382.1669921875,47.25034713745117
2021-08-17,146.61734008789062,162.09800720214844,135.46034240722656,138.54661560058594,355.3296813964844,281.2678527832031,19.39093017578125,221.90333557128906,386.3531799316406,46.92937469482422
2021-08-18,142.87841796875,160.06100463867188,134.25851440429688,137.2847900390625,352.3558044433594,279.5467834472656,18.974369049072266,229.663330078125,382.2677917480469,45.94113540649414
2021-08-19,143.21035766601562,159.3874969482422,134.48748779296875,136.13766479492188,352.0285949707031,285.3544616699219,19.72975730895996,224.49000549316406,391.9499816894531,44.53900146484375
2021-08-20,144.66488647460938,159.99749755859375,136.2216033935547,136.52590942382812,356.24163818359375,292.6524658203125,20.74424934387207,226.75332641601562,393.61712646484375,44.54743957519531
2021-08-23,146.14874267578125,163.2935028076172,138.81063842773438,138.27305603027344,360.1869812011719,292.9313659667969,21.882314682006836,235.43333435058594,389.6324768066406,46.380340576171875
2021-08-24,146.06089782714844,165.28900146484375,140.01991271972656,139.12901306152344,362.3282165527344,290.9793701171875,21.717880249023438,236.163330078125,387.8462829589844,46.76045227050781
2021-08-25,144.83084106445312,164.95899963378906,140.83021545410156,141.99681091308594,365.1831359863281,290.392822265625,22.136436462402344,237.06666564941406,384.4845275878906,46.84492111206055
2021-08-26,144.03033447265625,165.8000030517578,140.1973419189453,142.72921752929688,361.2080383300781,287.5852355957031,21.99193572998047,233.72000122070312,381.83721923828125,46.21142578125
2021-08-27,145.065185546875,167.48150634765625,142.73829650878906,143.8763885498047,369.3861999511719,288.1909484863281,22.557973861694336,237.30667114257812,383.5868835449219,47.10676193237305
2021-08-30,149.4776153564453,171.07850646972656,143.3196563720703,141.57327270507812,377.3463439941406,291.9120788574219,22.60979461669922,243.6366729736328,383.1654968261719,46.591514587402344
2021-08-31,148.21829223632812,173.5395050048828,143.4257049560547,141.1409149169922,376.0774841308594,290.2678527832031,22.31177520751953,245.24000549316406,381.3059997558594,46.050933837890625
2021-09-01,148.8821563720703,173.9499969482422,143.93919372558594,140.93797302246094,378.7241516113281,290.2197265625,22.367589950561523,244.69667053222656,382.2952880859375,45.41743469238281
2021-09-02,149.9950408935547,173.156005859375,142.02760314941406,141.5909423828125,372.0131530761719,289.5659484863281,22.322738647460938,244.1300048828125,388.12109375,46.52394104003906
2021-09-03,150.62957763671875,173.90249633789062,142.47613525390625,140.73501586914062,372.984619140625,289.5564270019531,22.76827621459961,244.52333068847656,387.34246826171875,46.34654998779297
2021-09-07,152.9626922607422,175.46449279785156,143.0123748779297,140.48793029785156,378.85308837890625,288.6332092285156,22.587867736816406,250.97332763671875,385.8584899902344,46.07627868652344
2021-09-08,151.4202880859375,176.27499389648438,142.4280548095703,139.86141967773438,374.283203125,288.6620788574219,22.265926361083984,251.2899932861328,380.4999694824219,45.6539421081543
2021-09-09,150.40504455566406,174.20799255371094,142.27938842773438,140.4702606201172,374.70947265625,285.8159484863281,22.104455947875977,251.6199951171875,379.73046875,45.6877326965332
2021-09-10,145.42636108398438,173.45750427246094,139.63778686523438,138.8555145263672,375.39349365234375,284.335205078125,22.404468536376953,245.42333984375,371.2828369140625,45.594818115234375
2021-09-13,145.99256896972656,172.85850524902344,141.0814971923828,141.06149291992188,373.2323913574219,285.56591796875,22.07953453063965,247.6666717529297,381.03570556640625,46.768890380859375
2021-09-14,144.5965576171875,172.5,141.29164123535156,138.5995635986328,373.2522888183594,288.25830078125,22.169240951538086,248.163330078125,379.2156677246094,46.10161209106445
2021-09-15,145.48492431640625,173.7895050048828,143.16006469726562,139.5614013671875,370.6650390625,293.09478759765625,22.26791763305664,251.94332885742188,383.79339599609375,47.655784606933594
2021-09-16,145.2506103515625,174.41200256347656,142.3477783203125,139.49964904785156,369.81243896484375,293.4794006347656,22.169240951538086,252.3300018310547,383.1684265136719,47.14899826049805
2021-09-17,142.58554077148438,173.12600708007812,139.56246948242188,139.13783264160156,361.5450439453125,288.335205078125,21.8283634185791,253.163330078125,386.2201232910156,46.591514587402344
2021-09-20,139.53981018066406,167.7864990234375,137.50025939941406,134.97288513183594,352.60357666015625,282.9794006347656,21.043935775756836,243.38999938964844,379.3627624511719,45.34986114501953
2021-09-21,140.01812744140625,167.18150329589844,137.81101989746094,134.9905242919922,354.3680725097656,283.46026611328125,21.17650032043457,246.4600067138672,379.03192138671875,45.30763244628906
2021-09-22,142.38058471679688,169.00250244140625,139.05047607421875,137.5759735107422,340.2222595214844,287.0948486328125,21.869224548339844,250.64666748046875,375.68597412109375,46.63374710083008
2021-09-23,143.3372802734375,170.8000030517578,139.97482299804688,142.2262725830078,342.9483947753906,288.037109375,22.408456802368164,251.2133331298828,375.0700378417969,48.21327209472656
2021-09-24,143.4251251220703,171.2760009765625,140.96502685546875,143.86752319335938,349.887451171875,287.835205078125,22.008766174316406,258.1300048828125,374.19677734375,48.64404296875
2021-09-27,141.91195678710938,170.2899932861328,139.8320770263672,147.34425354003906,350.5019836425781,282.8544616699219,21.589147567749023,263.78668212890625,372.5329895019531,50.08841323852539
2021-09-28,138.5343017578125,165.79800415039062,134.63616943359375,146.550048828125,337.6845703125,272.61407470703125,20.63128662109375,259.1866760253906,366.42010498046875,50.61210632324219
2021-09-29,139.43243408203125,165.05599975585938,133.17262268066406,146.4353485107422,336.6536560058594,273.0756530761719,20.44988250732422,260.4366760253906,368.0655517578125,50.57832336425781
2021-09-30,138.134033203125,164.2519989013672,132.50108337402344,144.4410858154297,336.4355773925781,271.07568359375,20.64823341369629,258.49334716796875,359.17669677734375,49.68296813964844
2021-10-01,139.25668334960938,164.16299438476562,135.34288024902344,147.47654724121094,340.0240478515625,277.9794921875,20.67414665222168,258.40667724609375,360.7300720214844,51.465213775634766
2021-10-04,135.83021545410156,159.48899841308594,132.48472595214844,147.31776428222656,323.3901062011719,272.21990966796875,19.667449951171875,260.510009765625,355.7480163574219,52.132503509521484
2021-10-05,137.7533416748047,161.0500030517578,134.82745361328125,149.7235107421875,330.0615234375,277.652587890625,20.384096145629883,260.1966552734375,361.64935302734375,52.04802703857422
2021-10-06,138.6221466064453,163.10049438476562,136.3558807373047,150.04306030273438,330.7356262207031,281.8351745605469,20.632282257080078,260.9166564941406,362.4031982421875,51.093563079833984
2021-10-07,139.8814697265625,165.1215057373047,138.0012969970703,150.99288940429688,326.3541259765625,283.5083312988281,21.006059646606445,264.53668212890625,372.0090026855469,51.237152099609375
2021-10-08,139.50076293945312,164.43099975585938,138.55690002441406,151.10830688476562,327.1768493652344,283.5083312988281,20.76285743713379,261.8299865722656,375.4652404785156,52.52103805541992
2021-10-11,139.41290283203125,162.31500244140625,137.6930389404297,147.93026733398438,322.6169128417969,282.9121398925781,20.627300262451172,263.9800109863281,372.2756652832031,51.99734878540039
2021-10-12,138.14378356933594,162.3665008544922,135.24969482421875,146.7940216064453,320.9515075683594,281.6141052246094,20.603382110595703,268.5733337402344,370.6668701171875,51.7270622253418
2021-10-13,137.55810546875,164.21400451660156,136.3727569580078,142.9235076904297,321.71490478515625,284.9121398925781,20.87050437927246,270.3599853515625,370.951904296875,51.583473205566406
2021-10-14,140.34027099609375,164.9929962158203,139.91036987304688,145.1162109375,325.67010498046875,291.1043701171875,21.674861907958984,272.7733459472656,386.40399169921875,52.36899948120117
2021-10-15,141.3946075439453,170.4510040283203,140.12547302246094,147.90362548828125,321.93292236328125,292.50823974609375,21.790485382080078,281.010009765625,393.4912414550781,52.867347717285156
2021-10-18,143.0638885498047,172.33700561523438,141.52308654785156,147.8503875732422,332.4208068847656,295.4698181152344,22.149309158325195,290.03668212890625,390.3198547363281,52.84201431274414
2021-10-19,145.22134399414062,172.20750427246094,141.97805786132812,149.64358520507812,337.0303039550781,296.3735656738281,22.21708106994629,288.0899963378906,390.0992126464844,53.6359977722168
2021-10-20,145.70944213867188,170.7530059814453,140.52294921875,151.65869140625,337.8135070800781,295.58514404296875,22.03069496154785,288.6000061035156,399.9441833496094,53.931617736816406
2021-10-21,145.92420959472656,171.75050354003906,140.63893127441406,150.4691619873047,338.9039001464844,298.8063659667969,22.617769241333008,298.0,406.5533447265625,52.951812744140625
2021-10-22,145.1529998779297,166.77749633789062,136.3573760986328,152.4931640625,321.7841796875,297.267822265625,22.65165901184082,303.2266540527344,412.87762451171875,53.31501770019531
2021-10-25,145.1042022705078,166.01849365234375,136.23895263671875,151.7475128173828,325.8287048339844,296.2774658203125,23.09021759033203,341.6199951171875,413.180908203125,54.35395431518555
2021-10-26,145.76800537109375,168.80349731445312,138.08407592773438,152.15582275390625,313.06085205078125,298.1812438964844,24.63614273071289,339.4766540527344,417.9150085449219,55.61249542236328
2021-10-27,145.30923461914062,169.62449645996094,144.93235778808594,148.9866943359375,309.5021057128906,310.739013671875,24.371009826660156,345.9533386230469,416.8486328125,54.16812515258789
2021-10-28,148.9407501220703,172.32850646972656,144.56710815429688,151.23263549804688,314.16119384765625,311.8735656738281,24.859407424926758,359.0133361816406,418.65032958984375,54.320159912109375
2021-10-29,146.2366180419922,168.6215057373047,146.7447967529297,150.8153839111328,320.7532958984375,318.8638916015625,25.483362197875977,371.3333435058594,423.2740478515625,54.45531463623047
2021-11-01,145.41661071777344,165.90550231933594,142.2357635498047,150.73550415039062,327.1075134277344,316.7004699707031,25.742511749267578,402.86334228515625,417.427734375,55.435123443603516
2021-11-02,146.45135498046875,165.6374969482422,144.15423583984375,151.33026123046875,325.2240295410156,320.3157958984375,26.314632415771484,390.6666564941406,415.52496337890625,54.750946044921875
2021-11-03,147.8863983154297,169.1999969482422,145.30953979492188,151.38352966308594,328.7331848144531,321.15240478515625,26.510990142822266,404.6199951171875,420.3876037597656,53.999202728271484
2021-11-04,147.3690185546875,173.85000610351562,146.96432495117188,149.39500427246094,332.9263916015625,323.4985046386719,29.703516006469727,409.9700012207031,419.8637390136719,54.404632568359375
2021-11-05,147.8969268798828,175.94949340820312,147.54371643066406,149.1820068359375,338.1604309082031,323.1330871582031,29.65467643737793,407.36334228515625,418.99041748046875,54.91987228393555
2021-11-08,147.0757598876953,174.44900512695312,147.72113037109375,150.0785675048828,335.6723327636719,324.0273132324219,30.703237533569336,387.64666748046875,425.2503356933594,55.511138916015625
2021-11-09,147.43746948242188,178.81149291992188,147.60963439941406,148.94229125976562,332.4505310058594,323.0273742675781,30.556716918945312,341.1666564941406,426.84063720703125,56.051719665527344
2021-11-10,144.61207580566406,174.1024932861328,144.6112060546875,148.8002471923828,324.787841796875,318.0754089355469,29.36263084411621,355.98333740234375,422.7501220703125,54.94746780395508
2021-11-11,144.56321716308594,173.625,144.48532104492188,148.7913818359375,324.8869323730469,319.6427307128906,30.290584564208984,354.5033264160156,420.4427795410156,55.05017852783203
2021-11-12,146.63583374023438,176.25750732421875,147.3712158203125,148.1255645751953,337.92254638671875,323.7677001953125,30.290584564208984,344.47332763671875,421.91357421875,54.6307487487793
2021-11-15,146.6455841064453,177.28399658203125,147.14720153808594,147.8592529296875,344.53448486328125,323.1427307128906,29.926782608032227,337.7966613769531,414.3851318359375,55.10154342651367
2021-11-16,147.62319946289062,177.03500366210938,146.57627868652344,146.7940216064453,339.9745178222656,326.45037841796875,30.10419464111328,351.57666015625,413.30047607421875,55.657955169677734
2021-11-17,150.05752563476562,177.4499969482422,146.74575805664062,146.00390625,337.80352783203125,326.6719665527344,29.165279388427734,363.0033264160156,412.6845703125,55.05017852783203
2021-11-18,154.33953857421875,184.80299377441406,148.5215301513672,144.7433624267578,335.7416687011719,328.7430419921875,31.571382522583008,365.4599914550781,413.16259765625,54.45097351074219
2021-11-19,156.9596405029297,183.82850646972656,147.61753845214844,142.85247802734375,342.2940979003906,330.5154724121094,32.877105712890625,379.0199890136719,404.4574890136719,51.934303283691406
2021-11-22,157.4191131591797,178.6284942626953,145.01611328125,145.8973846435547,338.0414733886719,327.3559265136719,31.85146141052246,385.6233215332031,402.1963195800781,52.653350830078125
2021-11-23,157.8004150390625,179.0019989013672,144.50067138671875,149.3861541748047,334.314208984375,325.2847900390625,31.64215087890625,369.6766662597656,411.0116271972656,54.040103912353516
2021-11-24,158.318603515625,179.02049255371094,144.835693359375,148.21437072753906,338.0910339355469,325.50634765625,32.56712341308594,372.0,413.7968444824219,54.339698791503906
2021-11-26,153.3032684326172,175.22799682617188,140.93331909179688,143.74913024902344,330.22015380859375,317.5784912109375,31.399946212768555,360.6400146484375,404.37481689453125,52.430789947509766
2021-11-29,156.6565704345703,178.07850646972656,144.25137329101562,143.127685546875,335.0874328613281,324.2733459472656,33.266822814941406,378.9966735839844,415.4881591796875,52.72183609008789
2021-11-30,161.6033935546875,175.35350036621094,140.65032958984375,140.9971160888672,321.635498046875,318.455078125,32.56911849975586,381.586669921875,408.3367004394531,51.22380828857422
2021-12-01,161.08523559570312,172.18600463867188,139.811767578125,140.16268920898438,307.89617919921875,317.9637756347656,31.33600616455078,365.0,408.4468994140625,51.18101501464844
2021-12-02,160.09786987304688,171.8679962158203,141.70941162109375,143.10995483398438,307.6880187988281,317.39544677734375,32.02483367919922,361.5333251953125,409.9912414550781,52.45647048950195
2021-12-03,158.22080993652344,169.489501953125,140.75340270996094,140.5177459716797,304.1689453125,311.1532287597656,30.596342086791992,338.3233337402344,414.3717041015625,52.122623443603516
2021-12-06,161.6229705810547,171.36849975585938,141.89675903320312,142.17782592773438,315.1029357910156,314.216552734375,29.942405700683594,336.336669921875,424.3225402832031,52.7132682800293
2021-12-07,167.35191345214844,176.1645050048828,145.97508239746094,144.3172149658203,319.9999084472656,322.6261901855469,32.32487487792969,350.5833435058594,428.58319091796875,53.303924560546875
2021-12-08,171.16468811035156,176.1580047607422,146.884033203125,142.6660919189453,327.6824035644531,322.6742858886719,31.72577667236328,356.32000732421875,432.3919372558594,53.4580078125
2021-12-09,170.65635681152344,174.17100524902344,146.34088134765625,142.4441375732422,326.94891357421875,320.87298583984375,30.393980026245117,334.6000061035156,436.5050354003906,53.594966888427734
2021-12-10,175.43698120117188,172.21200561523438,146.70066833496094,141.87600708007812,326.8794860839844,329.9664306640625,30.1028995513916,339.010009765625,441.03314208984375,53.93737030029297
2021-12-13,171.80996704101562,169.5675048828125,144.54481506347656,140.18930053710938,331.5782165527344,326.94171142578125,28.07231330871582,322.13665771484375,440.9502258300781,52.756072998046875
2021-12-14,170.43148803710938,169.0915069580078,142.6421661376953,141.2634735107422,330.834716796875,316.28765869140625,28.247758865356445,319.5033264160156,442.1675109863281,52.67903137207031
2021-12-15,175.29034423828125,173.31500244140625,145.15386962890625,140.2070770263672,338.685791015625,322.36602783203125,30.363075256347656,325.3299865722656,455.9269714355469,52.447906494140625
2021-12-16,168.4077606201172,168.87100219726562,143.17543029785156,142.39979553222656,331.9847106933594,312.9739685058594,28.297605514526367,308.97332763671875,454.52520751953125,52.533512115478516
2021-12-17,167.31280517578125,170.0175018310547,140.47935485839844,139.15953063964844,330.8843688964844,311.9143371582031,27.713449478149414,310.8566589355469,449.2316589355469,51.38645553588867
2021-12-20,165.9539031982422,167.07899475097656,140.3623809814453,136.6562042236328,322.6169128417969,308.1670837402344,27.631702423095703,299.9800109863281,446.1053771972656,50.6417236328125
2021-12-21,169.1214141845703,170.41700744628906,142.21151733398438,138.56478881835938,331.290771484375,315.2762145996094,28.98343849182129,312.84332275390625,449.314697265625,51.78879165649414
2021-12-22,171.71217346191406,171.03700256347656,145.12811279296875,139.1062774658203,327.57342529296875,320.96929931640625,29.30741310119629,336.2900085449219,455.69647216796875,52.20823287963867
2021-12-23,172.33786010742188,171.06849670410156,145.62521362304688,139.60342407226562,332.32171630859375,322.4045715332031,29.546659469604492,355.6666564941406,456.8492126464844,52.23390197753906
2021-12-27,176.2972869873047,169.66949462890625,146.60650634765625,140.4023895263672,343.1664733886719,329.8797302246094,30.847551345825195,364.64666748046875,460.64874267578125,52.978633880615234
2021-12-28,175.28054809570312,170.66099548339844,145.39772033691406,140.82846069335938,343.20611572265625,328.7237548828125,30.226512908935547,362.8233337402344,463.82122802734375,52.807437896728516
2021-12-29,175.3685760498047,169.2010040283203,145.36598205566406,140.75746154785156,339.95465087890625,329.39813232421875,29.90652084350586,362.0633239746094,466.2558288574219,52.34518814086914
2021-12-30,174.21493530273438,168.64450073242188,144.91551208496094,140.6864471435547,341.3622741699219,326.8645935058594,29.492826461791992,356.7799987792969,465.1952819824219,52.03702163696289
2021-12-31,173.5990447998047,166.7169952392578,143.57887268066406,140.57106018066406,333.42205810546875,323.9747314453125,29.318378448486328,352.260009765625,463.08349609375,52.379425048828125
2022-01-03,177.93972778320312,170.4044952392578,143.7171173095703,143.544921875,335.5929870605469,322.46234130859375,30.02614402770996,399.9266662597656,463.2125549316406,54.39105987548828
2022-01-04,175.68133544921875,167.52200317382812,143.13031005859375,148.9866943359375,333.6004943847656,316.9330749511719,29.19776153564453,383.1966552734375,452.7177429199219,56.43693542480469
2022-01-05,171.0082550048828,164.35699462890625,136.5640411376953,146.26287841796875,321.3480529785156,304.76666259765625,27.51706886291504,362.7066650390625,451.6017761230469,57.13886260986328
2022-01-06,168.15359497070312,163.25399780273438,136.53677368164062,147.81678771972656,329.5658874511719,302.3584899902344,28.089265823364258,354.8999938964844,433.12054443359375,58.48279571533203
2022-01-07,168.31980895996094,162.5540008544922,135.81271362304688,149.2813720703125,328.9017639160156,302.5125427246094,27.161191940307617,342.32000732421875,422.9300231933594,58.962162017822266
2022-01-10,168.33934020996094,161.48599243164062,137.45068359375,149.4242706298828,325.2141418457031,302.7341003417969,27.31371307373047,352.7066650390625,428.8321533203125,58.611202239990234
2022-01-11,171.16468811035156,165.36199951171875,138.5078125,149.57606506347656,331.45928955078125,303.4181213378906,27.729398727416992,354.79998779296875,432.5210876464844,61.076515197753906
2022-01-12,171.60464477539062,165.20700073242188,140.1874237060547,150.4244842529297,330.35894775390625,306.5872497558594,27.910831451416016,368.739990234375,436.8739318847656,60.89677047729492
2022-01-13,168.33934020996094,161.21400451660156,137.36892700195312,150.23692321777344,323.63800048828125,293.6117858886719,26.491310119628906,343.85333251953125,431.0731201171875,60.46018981933594
2022-01-14,169.1996612548828,162.13800048828125,138.25454711914062,141.00282287597656,329.01080322265625,298.81353759765625,26.857152938842773,349.8699951171875,432.2352294921875,61.52164077758789
2022-01-18,166.00277709960938,158.91749572753906,134.8026885986328,135.0908966064453,315.3804931640625,291.5406494140625,25.821430206298828,343.5033264160156,425.1340637207031,62.55742263793945
2022-01-19,162.5126495361328,156.2989959716797,133.92892456054688,133.0011749267578,316.8078918457031,292.1957092285156,24.988061904907227,331.8833312988281,426.5450439453125,62.583099365234375
2022-01-20,160.83108520507812,151.66749572753906,132.1358184814453,131.86705017089844,313.8042907714844,290.5291748046875,24.073944091796875,332.0899963378906,426.9877014160156,62.720069885253906
2022-01-21,158.7780303955078,142.64300537109375,129.205810546875,129.5629425048828,300.5308532714844,285.1636962890625,23.30039405822754,314.6333312988281,425.30010986328125,61.7784538269043
2022-01-24,158.0056915283203,144.54400634765625,129.65435791015625,129.4468231201172,306.0226135253906,285.49114990234375,23.298397064208984,310.0,426.314453125,62.309173583984375
2022-01-25,156.20687866210938,139.98599243164062,125.81932830810547,130.8578643798828,297.53717041015625,277.9003601074219,22.253698348999023,306.1333312988281,421.306884765625,64.14104461669922
2022-01-26,156.11888122558594,138.87249755859375,128.0971221923828,132.09918212890625,292.0651550292969,285.8187255859375,22.700286865234375,312.4700012207031,422.7731628417969,63.490474700927734
2022-01-27,155.65936279296875,139.6374969482422,127.87115478515625,129.76834106445312,292.07513427734375,288.8338317871094,21.874893188476562,276.3666687011719,425.6966857910156,64.30368041992188
2022-01-28,166.52093505859375,143.97799682617188,132.17893981933594,130.9293212890625,299.0835876464844,296.9447326660156,22.76807403564453,282.1166687011719,429.8097839355469,64.4406509399414
2022-01-31,170.8714141845703,149.57350158691406,134.11427307128906,132.7064971923828,310.5330505371094,299.5648498535156,24.408889770507812,312.239990234375,435.8133544921875,65.02274322509766
2022-02-01,170.70523071289062,151.19349670410156,136.43417358398438,134.98373413085938,316.2230529785156,297.4263916015625,24.560407638549805,310.4166564941406,431.97698974609375,69.1915283203125
2022-02-02,171.9076690673828,150.6125030517578,146.69918823242188,133.90316772460938,320.188232421875,301.95379638671875,25.16250228881836,301.88665771484375,442.4626159667969,69.01175689697266
2022-02-03,169.03343200683594,138.8455047607422,141.8323516845703,132.7957763671875,235.69027709960938,290.1920166015625,23.872583389282227,297.0466613769531,450.7532958984375,68.20711517333984
2022-02-04,168.7495574951172,157.63949584960938,142.03355407714844,136.242919921875,235.02610778808594,294.7098693847656,24.242412567138672,307.7733459472656,445.5889892578125,69.6880111694336
2022-02-07,168.03500366210938,157.9355010986328,137.97750854492188,136.69837951660156,222.95213317871094,289.9030456542969,24.65012550354004,302.4466552734375,446.07769775390625,70.52690124511719
2022-02-08,171.13807678222656,161.4134979248047,138.17379760742188,139.27032470703125,218.26332092285156,293.3805236816406,25.028926849365234,307.3333435058594,455.0323486328125,68.70361328125
2022-02-09,172.5574493408203,161.1894989013672,140.34750366210938,139.85084533691406,229.9804229736328,299.7864074707031,26.62090492248535,310.6666564941406,459.357666015625,68.37470245361328
2022-02-10,168.48526000976562,159.0034942626953,137.401611328125,139.27032470703125,226.0846405029297,291.2805480957031,25.7426700592041,301.51666259765625,448.86279296875,67.7169189453125
2022-02-11,165.07875061035156,153.2935028076172,133.10226440429688,137.4574432373047,217.63877868652344,284.2099914550781,23.873579025268555,286.6666564941406,440.94097900390625,69.42196655273438
2022-02-14,165.31369018554688,155.16700744628906,134.33482360839844,136.180419921875,215.80490112304688,284.1715393066406,24.190580368041992,291.9200134277344,437.5010681152344,68.35740661621094
2022-02-15,169.14109802246094,156.510498046875,135.40782165527344,138.17189025878906,219.076171875,289.4407043457031,26.411563873291016,307.4766540527344,441.03314208984375,67.50054168701172
2022-02-16,168.9062042236328,158.10049438476562,136.5273895263672,138.4219512939453,214.6549835205078,289.1028137207031,26.427513122558594,307.7966613769531,442.7115478515625,67.81212615966797
2022-02-17,165.31369018554688,154.65249633789062,131.3740692138672,135.2337646484375,205.90185546875,280.63726806640625,24.429826736450195,292.1166687011719,433.7568359375,67.70825958251953
2022-02-18,163.76707458496094,152.60150146484375,129.2568817138672,135.8678741455078,204.3653564453125,277.9344787597656,23.567543029785156,285.6600036621094,431.4236755371094,66.95529174804688
2022-02-22,160.85000610351562,150.19749450683594,128.67254638671875,135.626708984375,200.32089233398438,277.73175048828125,23.316333770751953,273.84332275390625,426.535888671875,66.17633056640625
2022-02-23,156.68975830078125,144.82699584960938,126.46660614013672,132.78684997558594,196.7224578857422,270.5404052734375,22.316497802734375,254.67999267578125,423.8706970214844,66.44464111328125
2022-02-24,159.3033905029297,151.35800170898438,131.52471923828125,129.0896453857422,205.79281616210938,284.3632507324219,23.673208236694336,266.92333984375,420.4307556152344,65.60508728027344
2022-02-25,161.3688201904297,153.7884979248047,133.2777099609375,132.14382934570312,208.64773559570312,286.9888000488281,24.08092498779297,269.9566650390625,438.74603271484375,67.37071990966797
2022-02-28,161.6331329345703,153.56300354003906,133.8699493408203,126.63378143310547,209.19296264648438,288.4174499511719,24.308204650878906,290.1433410644531,438.85675048828125,67.87271881103516
2022-03-01,159.7536163330078,151.14199829101562,132.8831787109375,121.85596466064453,201.71859741210938,284.7108459472656,23.403060913085938,288.1233215332031,439.2071228027344,68.52184295654297
2022-03-02,163.04270935058594,152.05250549316406,133.3887176513672,124.38328552246094,206.29837036132812,289.76885986328125,24.147836685180664,293.2966613769531,447.6270446777344,69.69892883300781
2022-03-03,162.71969604492188,147.89849853515625,132.72259521484375,123.49916076660156,201.203125,285.6470947265625,23.643346786499023,279.7633361816406,448.74298095703125,70.14033508300781
2022-03-04,159.72427368164062,145.64100646972656,130.74713134765625,120.02521514892578,198.31845092773438,279.7974853515625,22.867664337158203,279.42999267578125,459.8648681640625,72.78010559082031
2022-03-07,155.93597412109375,137.4530029296875,125.2677230834961,115.39034271240234,185.83804321289062,269.2275085449219,21.28838539123535,268.1933288574219,449.0011291503906,75.40258026123047
2022-03-08,154.1153106689453,136.01449584960938,125.98734283447266,114.57764434814453,188.6334686279297,266.2738342285156,21.44990348815918,274.79998779296875,436.63409423828125,75.97383117675781
2022-03-09,159.5089569091797,139.2790069580078,132.247314453125,119.16790008544922,196.7720184326172,278.48468017578125,22.9454345703125,286.3233337402344,447.80224609375,71.65496063232422
2022-03-10,155.17245483398438,146.8175048828125,131.2655487060547,117.75690460205078,193.51068115234375,275.67584228515625,22.590496063232422,279.4333190917969,453.2157287597656,73.87931060791016
2022-03-11,151.46250915527344,145.52450561523438,128.72903442382812,115.10454559326172,185.976806640625,270.3473815917969,22.034160614013672,265.1166687011719,446.6300354003906,73.49847412109375
2022-03-14,147.4392852783203,141.85299682617188,124.84397888183594,116.24763488769531,185.00537109375,266.8434143066406,21.26645278930664,255.4566650390625,451.3010559082031,70.86735534667969
2022-03-15,151.81488037109375,147.3665008544922,128.06243896484375,118.3105697631836,190.35836791992188,277.1815490722656,22.904556274414062,267.2966613769531,460.54132080078125,66.8341064453125
2022-03-16,156.2198944091797,153.10400390625,132.10906982421875,123.59739685058594,201.85740661621094,284.17022705078125,24.423015594482422,280.07666015625,460.8650207519531,66.58312225341797
2022-03-17,157.2281494140625,157.23899841308594,132.6626739501953,125.16023254394531,206.0307159423828,284.9714050292969,24.69221305847168,290.5333251953125,468.967529296875,68.35740661621094
2022-03-18,160.5171661376953,161.25050354003906,134.9290313720703,125.1156005859375,214.6054229736328,290.0005798339844,26.374187469482422,301.7966613769531,468.13507080078125,68.0890884399414
2022-03-21,161.8876495361328,161.4915008544922,134.90525817871094,124.71370697021484,209.64895629882812,288.77459716796875,26.65435218811035,307.0533447265625,469.5595397949219,71.14431762695312
2022-03-22,165.2549591064453,164.88900756835938,138.63864135742188,127.36605834960938,214.76400756835938,293.5045166015625,26.444976806640625,331.32666015625,467.3951416015625,70.83271789550781
2022-03-23,166.6156463623047,163.4080047607422,137.06016540527344,124.82979583740234,211.60179138183594,289.0931396484375,25.557621002197266,333.03668212890625,465.4620056152344,71.9492416381836
2022-03-24,170.39414978027344,163.64950561523438,140.32769775390625,125.64246368408203,217.6586151123047,293.5431823730469,28.066129684448242,337.97332763671875,474.9242248535156,72.16561126708984
2022-03-25,171.03038024902344,164.77349853515625,140.42779541015625,126.74093627929688,219.88902282714844,293.13775634765625,27.609498977661133,336.8800048828125,474.5264892578125,73.74081420898438
2022-03-28,171.89183044433594,168.99049377441406,140.2122039794922,125.80323028564453,221.64361572265625,299.9140319824219,28.13492774963379,363.9466552734375,474.68377685546875,71.67228698730469
2022-03-29,175.18084716796875,169.31500244140625,141.25296020507812,126.08004760742188,227.85902404785156,304.4606018066406,28.57062339782715,366.5233459472656,472.399169921875,71.29144287109375
2022-03-30,174.0159912109375,166.30099487304688,140.6909637451172,125.5085220336914,225.8665313720703,302.96429443359375,27.607505798339844,364.663330078125,481.73187255859375,72.5118179321289
2022-03-31,170.92271423339844,162.99749755859375,137.84519958496094,121.73985290527344,220.42433166503906,297.6070861816406,27.20470428466797,359.20001220703125,471.69610595703125,71.48185729980469
2022-04-01,170.62904357910156,163.55999755859375,138.9186553955078,120.83788299560547,222.89266967773438,298.678466796875,26.63241958618164,361.5299987792969,474.1195983886719,71.9405746459961
2022-04-04,174.67184448242188,168.34649658203125,141.71487426757812,121.37371826171875,231.8539581298828,304.0357971191406,27.27848243713379,381.8166809082031,471.7423095703125,71.97521209716797
2022-04-05,171.3631591796875,164.05499267578125,139.35528564453125,119.96124267578125,229.82179260253906,300.0877685546875,25.853744506835938,363.7533264160156,478.9014587402344,71.60302734375
2022-04-06,168.20143127441406,158.75599670410156,135.34783935546875,118.29686737060547,221.35617065429688,289.1028137207031,24.33428382873535,348.586669921875,491.8414611816406,72.3992919921875
2022-04-07,168.50486755371094,157.7845001220703,134.69412231445312,117.93701171875,221.00918579101562,290.9078369140625,24.135873794555664,352.4200134277344,496.6512451171875,73.61100769042969
2022-04-08,166.4981689453125,154.4604949951172,132.11599731445312,120.0962142944336,220.3946075439453,286.6606750488281,23.05012321472168,341.8299865722656,504.98504638671875,75.16024780273438
2022-04-11,162.24978637695312,151.1219940185547,127.69123077392578,119.6553726196289,214.57566833496094,275.3572082519531,21.85169792175293,325.30999755859375,497.10443115234375,72.57238006591797
2022-04-12,164.1194305419922,150.78750610351562,126.59199523925781,118.34184265136719,212.27586364746094,272.26824951171875,21.439931869506836,328.98333740234375,493.65447998046875,74.08702087402344
2022-04-13,166.80160522460938,155.54100036621094,128.75233459472656,114.52729034423828,213.11846923828125,277.63525390625,22.136850357055664,340.7900085449219,496.6975402832031,75.13427734375
2022-04-14,161.7994842529297,151.7064971923828,125.61614990234375,113.46569061279297,208.350341796875,270.11572265625,21.19466209411621,328.3333435058594,494.68115234375,76.01709747314453
2022-04-18,161.58416748046875,152.78500366210938,126.55431365966797,115.57089233398438,208.93521118164062,270.7817077636719,21.718103408813477,334.7633361816406,493.9967041015625,76.64027404785156
2022-04-19,163.8649444580078,158.11549377441406,128.86630249023438,117.96399688720703,215.4182586669922,275.3957824707031,22.13186264038086,342.7166748046875,497.3450012207031,75.95649719238281
2022-04-20,163.6985321044922,153.9980010986328,126.91460418701172,118.37785339355469,198.67532348632812,276.4190368652344,21.417999267578125,325.73333740234375,505.03131103515625,76.12963104248047
2022-04-21,162.9056396484375,148.29600524902344,123.71746826171875,117.46017456054688,186.43283081054688,271.0616760253906,20.122867584228516,336.260009765625,497.10443115234375,75.3246841430664
2022-04-22,158.3734130859375,144.35000610351562,118.58399200439453,114.08644104003906,182.50730895996094,264.51702880859375,19.456857681274414,335.01666259765625,481.8427734375,73.68022918701172
2022-04-25,159.44041442871094,146.07400512695312,121.99226379394531,114.05045318603516,185.3622283935547,270.97479248046875,19.84270477294922,332.67333984375,484.9229736328125,71.19624328613281
2022-04-26,153.48880004882812,139.39100646972656,117.60713958740234,110.67671966552734,179.37481689453125,260.8392639160156,18.732027053833008,292.1400146484375,475.22015380859375,71.22222137451172
2022-04-27,153.263671875,138.16700744628906,113.2899398803711,109.23725128173828,173.42703247070312,273.3879699707031,18.360136032104492,293.836669921875,475.2478942871094,73.25614929199219
2022-04-28,160.18438720703125,144.59649658203125,117.48075866699219,110.964599609375,203.93907165527344,279.57550048828125,19.72306251525879,292.5033264160156,485.0616760253906,75.4718246459961
2022-04-29,154.3208465576172,124.28150177001953,113.10655212402344,107.38394927978516,198.72486877441406,267.8858337402344,18.491743087768555,290.2533264160156,470.38275146484375,73.78410339355469
2022-05-02,154.62432861328125,124.5,115.55831909179688,108.36458587646484,209.29209899902344,274.5946350097656,19.47480583190918,300.9800109863281,463.5380859375,74.7880859375
2022-05-03,156.11221313476562,124.25350189208984,116.3027114868164,110.68569946289062,210.1842498779297,271.9979553222656,19.543598175048828,303.0833435058594,462.1230163574219,76.32867431640625
2022-05-04,162.51406860351562,125.92849731445312,121.1864242553711,114.34733581542969,221.46519470214844,279.9132995605469,20.273422241210938,317.5400085449219,469.52252197265625,79.3665771484375
2022-05-05,153.4594268798828,116.40699768066406,115.48150634765625,111.48641204833984,206.4668731689453,267.7217102050781,18.787857055664062,291.09332275390625,457.5906677246094,78.16354370117188
2022-05-06,154.18484497070312,114.77249908447266,114.72916412353516,111.30648803710938,201.9961700439453,265.1927185058594,18.61936378479004,288.54998779296875,462.1230163574219,79.35794067382812
2022-05-09,149.06759643554688,108.78900146484375,111.52210998535156,109.63311767578125,194.50198364257812,255.39512634277344,16.899497985839844,262.3699951171875,449.91363525390625,73.1003646850586
2022-05-10,151.46939086914062,108.85900115966797,113.38954162597656,106.96109771728516,195.92941284179688,260.144287109375,17.54257583618164,266.67999267578125,451.38433837890625,73.58501434326172
2022-05-11,143.6170196533203,105.37200164794922,112.6040267944336,106.28636932373047,187.09701538085938,251.5050048828125,16.58045196533203,244.6666717529297,449.6638488769531,75.11697387695312
2022-05-12,139.75454711914062,106.93049621582031,111.85218048095703,106.1963882446289,189.5752410888672,246.48550415039062,16.12681007385254,242.6666717529297,442.8655090332031,75.45796966552734
2022-05-13,144.2150115966797,113.05500030517578,115.03048706054688,107.14102172851562,196.89096069335938,252.05520629882812,17.653249740600586,256.5299987792969,448.9701232910156,77.69635772705078
2022-05-16,142.67588806152344,110.81050109863281,113.4391098022461,106.39432525634766,198.2986297607422,252.4219970703125,17.21256446838379,241.4566650390625,452.5034484863281,79.5237808227539
2022-05-17,146.3031005859375,115.36849975585938,115.44928741455078,109.92098999023438,200.85614013671875,257.5572814941406,18.122844696044922,253.8699951171875,455.5650329589844,80.53805541992188
2022-05-18,138.04881286621094,107.11250305175781,110.9159927368164,108.04069519042969,190.5665283203125,245.830810546875,16.887537002563477,236.60333251953125,436.0023193359375,79.261474609375
2022-05-19,134.64706420898438,107.31900024414062,109.41381072998047,106.43930053710938,189.62478637695312,244.92135620117188,17.072986602783203,236.47332763671875,442.63421630859375,79.68990325927734
2022-05-20,134.8823699951172,107.59100341796875,107.95077514648438,105.5666275024414,191.855224609375,244.3601531982422,16.644262313842773,221.3000030517578,449.2753601074219,80.31947326660156
2022-05-23,140.293701171875,107.55699920654297,110.50810241699219,112.0981674194336,194.52178955078125,252.18751525878906,16.847658157348633,224.96665954589844,455.1487731933594,82.09443664550781
2022-05-24,137.5978240966797,104.0999984741211,105.03860473632812,113.68160247802734,179.70193481445312,251.1909637451172,16.105873107910156,209.3866729736328,460.217529296875,82.54034423828125
2022-05-25,137.7546844482422,106.7750015258789,104.87505340576172,114.47329711914062,182.22972106933594,253.99679565429688,16.924427032470703,219.60000610351562,460.7077941894531,84.20166778564453
2022-05-26,140.95054626464844,111.07749938964844,106.84508514404297,116.45255279541016,189.9618377685547,257.26702880859375,17.797813415527344,235.91000366210938,464.53704833984375,84.4989242553711
2022-05-27,146.69522094726562,115.14649963378906,111.3293228149414,118.0989761352539,193.43138122558594,264.3687744140625,18.754959106445312,253.2100067138672,469.05072021484375,85.32957458496094
2022-05-31,145.91098022460938,120.20950317382812,112.7621078491211,118.96260833740234,191.954345703125,263.04327392578125,18.616371154785156,252.75332641601562,459.49609375,83.93934631347656
2022-06-01,145.78353881835938,121.68399810791016,112.89097595214844,116.87540435791016,186.99786376953125,263.5754089355469,18.265419006347656,246.7899932861328,455.5835876464844,85.54817199707031
2022-06-02,148.2343292236328,125.51100158691406,116.58868408203125,118.7557144165039,197.12889099121094,265.6653137207031,19.53362274169922,258.3333435058594,455.3153381347656,85.39955139160156
2022-06-03,142.51902770996094,122.3499984741211,113.53426361083984,117.1003189086914,189.11924743652344,261.2533264160156,18.66422462463379,234.51666259765625,449.1644287109375,86.64114379882812
2022-06-06,143.26409912109375,124.79000091552734,115.7937240600586,116.71346282958984,192.5590057373047,260.0245361328125,18.730030059814453,238.27999877929688,453.3913879394531,86.42253112792969
2022-06-07,145.78353881835938,123.0,116.11983489990234,117.01936340332031,193.94683837890625,263.65277099609375,18.869617462158203,238.8866729736328,459.7920837402344,90.38343811035156
2022-06-08,145.04827880859375,121.18000030517578,116.1639404296875,115.15705108642578,194.92822265625,261.6307067871094,18.596370697021484,241.86666870117188,456.4900207519531,91.45014953613281
2022-06-09,139.8329620361328,116.1500015258789,113.82617950439453,112.73693084716797,182.39822387695312,256.1930847167969,17.998029708862305,239.7066650390625,452.6976623535156,89.47410583496094
2022-06-10,134.4314727783203,109.6500015258789,110.1844711303711,107.55487060546875,174.0416717529297,244.77618408203125,16.9270076751709,232.22999572753906,448.2579040527344,87.83901977539062
2022-06-13,129.2847137451172,103.66999816894531,105.45738983154297,104.35208129882812,162.830078125,234.3945770263672,15.603679656982422,215.73666381835938,434.448486328125,83.80818176269531
2022-06-14,130.1473846435547,102.30999755859375,105.77754211425781,102.61572265625,162.30471801757812,236.55218505859375,15.792158126831055,220.88999938964844,427.0951232910156,84.02678680419922
2022-06-15,132.7648468017578,107.66999816894531,108.79975128173828,103.83026885986328,167.8757781982422,243.5861358642578,16.481245040893555,233.0,429.4814453125,82.96878814697266
2022-06-16,127.50053405761719,103.66000366210938,105.10155487060547,102.0489273071289,159.46958923339844,237.01663208007812,15.557807922363281,213.10000610351562,423.3643493652344,79.90851593017578
2022-06-17,128.9709930419922,106.22000122070312,106.2017822265625,101.68907165527344,162.3146209716797,239.60958862304688,15.836034774780273,216.75999450683594,419.62353515625,75.30058288574219
2022-06-21,133.19622802734375,108.68000030517578,110.56360626220703,104.20811462402344,155.68287658691406,245.50186157226562,16.520137786865234,237.0366668701172,445.855712890625,79.9872055053711
2022-06-22,132.68646240234375,108.94999694824219,110.50760650634766,103.62334442138672,154.49330139160156,244.9116668701172,16.314708709716797,236.086669921875,454.5441589355469,76.82199096679688
2022-06-23,135.54896545410156,112.44000244140625,111.2554702758789,102.48976135253906,157.36805725097656,250.45567321777344,16.180078506469727,235.07000732421875,463.9473876953125,74.50492095947266
2022-06-24,138.87225341796875,116.45999908447266,116.93807220458984,105.54862976074219,168.6787567138672,259.00860595703125,17.078584671020508,245.7066650390625,460.0765075683594,75.98258972167969
2022-06-27,138.87225341796875,113.22000122070312,114.81541442871094,104.70294189453125,168.01455688476562,256.2899169921875,16.82229995727539,244.9199981689453,469.37750244140625,77.84500122070312
2022-06-28,134.7353057861328,107.4000015258789,111.02303314208984,104.19913482666016,159.28128051757812,248.1529083251953,15.93775463104248,232.663330078125,471.9580383300781,80.00469207763672
2022-06-29,136.4900665283203,108.91999816894531,110.7197265625,103.7313232421875,162.5128936767578,251.8101348876953,15.498970985412598,228.49000549316406,478.70648193359375,77.04933166503906
2022-06-30,134.02947998046875,106.20999908447266,108.00527954101562,101.31120300292969,159.8463134765625,248.49154663085938,15.11703109741211,224.47332763671875,476.7756652832031,74.88089752197266
2022-07-01,136.19595336914062,109.55999755859375,107.78178405761719,102.60670471191406,158.63693237304688,251.1522674560547,14.48279094696045,227.26333618164062,480.2751770019531,76.55093383789062
2022-07-05,138.7742462158203,113.5,112.26750946044922,102.21644592285156,166.72589111328125,254.31613159179688,14.922572135925293,233.06666564941406,468.9876708984375,74.1551742553711
2022-07-06,140.1074676513672,114.33000183105469,113.56498718261719,101.55388641357422,168.29212951660156,257.56695556640625,15.088111877441406,231.73333740234375,478.3165283203125,72.81739044189453
2022-07-07,143.469970703125,116.33000183105469,117.73896789550781,104.1224594116211,170.69107055664062,259.6859130859375,15.81409740447998,244.5433349609375,477.471923828125,75.14321899414062
2022-07-08,144.14639282226562,115.54000091552734,118.3044662475586,103.79570770263672,169.39247131347656,258.9699401855469,15.794150352478027,250.76333618164062,481.4169616699219,75.26560974121094
2022-07-11,142.01910400390625,111.75,114.65977478027344,102.43426513671875,161.46212768554688,255.9221954345703,15.1100492477417,234.3433380126953,479.85748291015625,74.88089752197266
2022-07-12,142.9895782470703,109.22000122070312,113.01834869384766,102.53411865234375,161.8487091064453,245.43414306640625,15.040244102478027,233.07000732421875,477.5090637207031,73.88410186767578
2022-07-13,142.62689208984375,110.4000015258789,110.3747787475586,101.57203674316406,162.06678771972656,244.51499938964844,15.122017860412598,237.0399932861328,465.27471923828125,74.181396484375
2022-07-14,145.54823303222656,110.62999725341797,109.39744567871094,98.0232162475586,156.67416381835938,245.830810546875,15.329442024230957,238.31333923339844,466.3793029785156,72.69496154785156
2022-07-15,147.2147979736328,113.55000305175781,110.79505920410156,102.51595306396484,163.2662811279297,248.38510131835938,15.718362808227539,240.06666564941406,491.739013671875,73.9190902709961
2022-07-18,144.17579650878906,113.76000213623047,108.07170867919922,101.46312713623047,165.7742462158203,245.99530029296875,16.056421279907227,240.54666137695312,482.1038818359375,75.28311157226562
2022-07-19,148.02845764160156,118.20999908447266,112.80968475341797,103.97722625732422,174.24981689453125,251.10385131835938,16.944955825805664,245.52999877929688,495.17340087890625,77.18048858642578
2022-07-20,150.0283203125,122.7699966430664,112.8989028930664,103.9590835571289,181.4961700439453,253.75494384765625,17.757699966430664,247.5,482.19659423828125,78.02860260009766
2022-07-21,152.29283142089844,124.62999725341797,113.33502960205078,104.6670150756836,181.57550048828125,256.2414855957031,18.000024795532227,271.7066650390625,484.9720458984375,76.7258071899414
2022-07-22,151.0576629638672,122.41999816894531,106.95164489746094,104.15877532958984,167.79649353027344,251.90692138671875,17.27104949951172,272.24334716796875,483.9974670410156,76.13998413085938
2022-07-25,149.94007873535156,121.13999938964844,106.56504821777344,104.5762710571289,165.1992950439453,250.42660522460938,16.976869583129883,268.4333190917969,491.4791564941406,78.67565155029297
2022-07-26,148.6166534423828,114.80999755859375,104.09696197509766,102.94255065917969,157.76458740234375,243.7216033935547,16.487226486206055,258.8599853515625,493.4470520019531,78.36962127685547
2022-07-27,153.7045135498047,120.97000122070312,112.06629180908203,104.59441375732422,168.10377502441406,260.0149230957031,17.740745544433594,274.82000732421875,496.25030517578125,80.0658950805664
2022-07-28,154.2534942626953,122.27999877929688,113.2160873413086,104.20413970947266,159.32093811035156,267.43585205078125,17.9342098236084,280.8999938964844,502.6366882324219,81.00146484375
2022-07-29,159.31195068359375,134.9499969482422,115.29763793945312,104.70333099365234,157.71498107910156,271.625244140625,18.112714767456055,297.1499938964844,503.42584228515625,84.75251007080078
2022-08-01,158.33163452148438,135.38999938964844,113.85045623779297,103.6595687866211,158.53778076171875,268.98394775390625,18.389942169189453,297.27667236328125,496.9649658203125,82.61030578613281
2022-08-02,156.8611297607422,134.16000366210938,114.11808776855469,102.04398345947266,158.7955322265625,265.8974304199219,18.474706649780273,300.586669921875,497.0394287109375,82.25183868408203
2022-08-03,162.86073303222656,139.52000427246094,117.04216766357422,103.114990234375,167.33056640625,273.2991027832031,18.8406925201416,307.39666748046875,501.8568420410156,79.5849838256836
2022-08-04,162.54701232910156,142.57000732421875,117.15119171142578,101.98046875,169.08518981933594,274.4407958984375,19.161800384521484,308.6333312988281,495.45196533203125,76.23617553710938
2022-08-05,162.3212432861328,140.8000030517578,116.43753051757812,105.06637573242188,165.65530395507812,273.7248229980469,18.936429977416992,288.1700134277344,496.6679992675781,77.33787536621094
2022-08-08,161.8500213623047,139.41000366210938,116.26902770996094,103.78662872314453,168.76795959472656,271.2189025878906,17.743738174438477,290.42333984375,498.0975036621094,77.77505493164062
2022-08-09,161.8991241455078,137.8300018310547,115.60489654541016,104.72148895263672,167.06292724609375,273.13458251953125,17.0386962890625,283.3333435058594,498.7102355957031,79.2090072631836
2022-08-10,166.1399688720703,142.69000244140625,118.64791107177734,107.45343017578125,176.7875213623047,279.77197265625,18.04690170288086,294.3566589355469,499.13720703125,79.9609603881836
2022-08-11,165.40371704101562,140.63999938964844,117.79547882080078,109.0417709350586,175.94493103027344,277.7013854980469,17.892324447631836,286.6300048828125,494.6258239746094,82.27408599853516
2022-08-12,168.9475860595703,143.5500030517578,120.61051940917969,110.84793090820312,178.9287109375,282.4325866699219,18.657201766967773,300.0299987792969,504.68798828125,82.98918151855469
2022-08-15,170.01759338378906,143.17999267578125,121.00699615478516,111.14745330810547,179.3153533935547,283.94195556640625,18.97930908203125,309.32000732421875,505.5606689453125,81.50598907470703
2022-08-16,169.8605499267578,144.77999877929688,120.63033294677734,112.20936584472656,177.90769958496094,283.2066650390625,18.826730728149414,306.5633239746094,506.9345703125,80.74671936035156
2022-08-17,171.3527069091797,142.10000610351562,118.4992446899414,111.26544952392578,173.32791137695312,282.46002197265625,18.284238815307617,303.9966735839844,505.894775390625,81.40003967285156
2022-08-18,170.96002197265625,142.3000030517578,119.1137924194336,110.4031982421875,173.1395721435547,281.34503173828125,18.72102165222168,302.8699951171875,506.09912109375,83.3246841430664
2022-08-19,168.378173828125,138.22999572753906,116.1798095703125,107.6712646484375,166.4978790283203,277.4472961425781,17.799583435058594,296.6666564941406,508.9764709472656,83.05982971191406
2022-08-22,164.50054931640625,133.22000122070312,113.23590850830078,105.8923110961914,161.63064575195312,269.302734375,16.98683738708496,289.913330078125,505.49578857421875,82.99803161621094
2022-08-23,164.166748046875,133.6199951171875,112.8592529296875,104.84854125976562,159.70753479003906,268.0326232910156,17.13343048095703,296.4533386230469,497.35491943359375,86.52064514160156
2022-08-24,164.46127319335938,133.8000030517578,112.69074249267578,105.10269165039062,161.8387908935547,267.4023742675781,17.174318313598633,297.0966796875,497.96759033203125,87.03270721435547
2022-08-25,166.91546630859375,137.27999877929688,115.6247329711914,107.5986557006836,167.31072998046875,270.36932373046875,17.863407135009766,296.07000732421875,502.71099853515625,87.48297119140625
2022-08-26,160.62290954589844,130.75,109.37017822265625,104.07708740234375,160.37167358398438,259.93658447265625,16.214982986450195,288.0899963378906,491.2748718261719,86.40586853027344
2022-08-29,158.42391967773438,129.7899932861328,108.4582748413086,103.82292938232422,157.7843780517578,257.1635437011719,15.757253646850586,284.82000732421875,491.75762939453125,88.39230346679688
2022-08-30,155.9991912841797,128.72999572753906,107.98249053955078,103.8410873413086,155.79190063476562,254.97222900390625,15.425176620483398,277.70001220703125,485.3247985839844,85.02861022949219
2022-08-31,154.3401641845703,126.7699966430664,107.2688217163086,103.22390747070312,161.51168823242188,253.51788330078125,15.052209854125977,275.6099853515625,482.0667419433594,84.3929443359375
2022-09-01,155.0666046142578,127.81999969482422,108.77545928955078,103.93185424804688,163.9205322265625,252.48040771484375,13.898412704467773,277.1600036621094,486.4015808105469,82.87442016601562
2022-09-02,152.9559783935547,127.51000213623047,106.9020767211914,103.20574188232422,158.9244384765625,248.27243041992188,13.60921573638916,270.2099914550781,479.30047607421875,84.3929443359375
2022-09-06,151.6994171142578,126.11000061035156,105.87120819091797,103.23298645019531,157.15988159179688,245.54788208007812,13.427720069885254,274.4200134277344,480.53515625,83.82791137695312
2022-09-07,153.10321044921875,129.47999572753906,108.48800659179688,105.19345092773438,158.9937744140625,250.24069213867188,13.680093765258789,283.70001220703125,484.24810791015625,83.11280059814453
2022-09-08,151.6306915283203,129.82000732421875,107.42741394042969,107.64403533935547,160.64923095703125,250.65760803222656,13.955413818359375,289.260009765625,489.6597595214844,83.79259490966797
2022-09-09,154.48739624023438,133.27000427246094,109.67745971679688,108.16136932373047,167.67750549316406,256.4169616699219,14.351432800292969,299.67999267578125,488.2444152832031,85.19634246826172
2022-09-12,160.4364013671875,136.4499969482422,109.8856201171875,109.44112396240234,167.48919677734375,258.54034423828125,14.469139099121094,304.4200134277344,494.6786804199219,86.17632293701172
2022-09-13,151.02206420898438,126.81999969482422,103.4030990600586,105.63819122314453,151.79698181152344,244.3262176513672,13.098536491394043,292.1300048828125,478.5789489746094,84.16340637207031
2022-09-14,152.4651336669922,128.5500030517578,104.07713317871094,105.39311981201172,150.1514434814453,244.54920959472656,13.095544815063477,302.6099853515625,474.6773986816406,86.22930908203125
2022-09-15,149.57894897460938,126.27999877929688,102.0054931640625,106.98146057128906,148.24815368652344,237.91722106933594,12.897034645080566,303.75,486.912841796875,83.72197723388672
2022-09-16,147.93955993652344,123.52999877929688,101.8964614868164,106.26444244384766,145.01654052734375,237.29669189453125,13.165371894836426,303.3500061035156,485.1529541015625,82.29170989990234
2022-09-19,151.6503143310547,124.66000366210938,102.1640853881836,107.24468231201172,146.73146057128906,237.0833740234375,13.348915100097656,309.07000732421875,487.5087890625,82.28289794921875
2022-09-20,154.02598571777344,122.19000244140625,100.25105285644531,105.12992858886719,144.81825256347656,235.0763397216797,13.143424987792969,308.7300109863281,486.8104553222656,81.6119384765625
2022-09-21,150.9042205810547,118.54000091552734,98.40739440917969,102.09845733642578,140.88284301757812,231.6827850341797,13.228215217590332,300.79998779296875,476.8283996582031,80.29645538330078
2022-09-22,149.9422149658203,117.30999755859375,99.25983428955078,100.93669891357422,141.5767364501953,233.65103149414062,12.529945373535156,288.5899963378906,481.83807373046875,79.96096801757812
2022-09-23,147.6744842529297,113.77999877929688,97.87213134765625,99.05792236328125,139.187744140625,230.68408203125,12.485055923461914,275.3299865722656,478.25311279296875,75.70556640625
2022-09-26,148.00828552246094,115.1500015258789,97.30715942382812,96.92501068115234,135.1829071044922,230.22837829589844,12.197770118713379,276.010009765625,473.36444091796875,74.14290618896484
2022-09-27,148.98016357421875,114.41000366210938,96.64303588867188,96.07183074951172,133.2300262451172,229.22006225585938,12.382311820983887,282.94000244140625,473.373779296875,75.69673919677734
2022-09-28,147.09532165527344,118.01000213623047,99.170654296875,98.01415252685547,140.3772735595703,233.73829650878906,12.704513549804688,287.80999755859375,478.5603942871094,78.4512710571289
2022-09-29,139.87014770507812,114.80000305175781,96.5637435913086,96.35321044921875,135.2225341796875,230.27688598632812,12.189789772033691,268.2099914550781,473.8021545410156,78.2923355102539
2022-09-30,135.66851806640625,113.0,94.80931091308594,94.84654998779297,134.49888610839844,225.81678771972656,12.108989715576172,265.25,470.2730712890625,77.08283233642578
2022-10-03,139.84066772460938,115.87999725341797,97.77302551269531,97.77819061279297,137.4033660888672,233.4183349609375,12.481067657470703,242.39999389648438,480.02227783203125,81.15282440185547
2022-10-04,143.42381286621094,121.08999633789062,100.74665832519531,102.35260009765625,139.058837890625,241.310791015625,13.134448051452637,249.44000244140625,487.15496826171875,84.11042785644531
2022-10-05,143.7183074951172,120.94999694824219,100.53849792480469,101.0888671875,137.77017211914062,241.6210479736328,13.17634391784668,240.80999755859375,490.78656005859375,87.50945281982422
2022-10-06,142.76612854003906,120.30000305175781,100.5285873413086,99.0284423828125,137.85939025878906,239.2843475341797,13.097540855407715,238.1300048828125,483.39306640625,90.10507202148438
2022-10-07,137.52392578125,114.55999755859375,97.81266021728516,97.05045318603516,132.28829956054688,227.1160430908203,12.04614543914795,223.07000732421875,470.09613037109375,89.19572448730469
2022-10-10,137.847900390625,113.66999816894531,96.9998779296875,96.14385223388672,132.62533569335938,222.27780151367188,11.641149520874023,222.9600067138672,464.5184326171875,87.26223754882812
2022-10-11,136.4342498779297,112.20999908447266,96.32585906982422,93.36915588378906,127.4210433959961,218.55458068847656,11.557355880737305,216.5,465.4031677246094,86.52064514160156
2022-10-12,135.8059539794922,112.9000015258789,96.70250701904297,94.88011932373047,126.39009857177734,218.88426208496094,11.471570014953613,217.24000549316406,465.5427551269531,86.90027618408203
2022-10-13,140.37078857421875,112.52999877929688,98.18932342529297,100.15481567382812,129.15577697753906,227.1160430908203,11.930432319641113,221.72000122070312,474.80780029296875,89.93734741210938
2022-10-14,135.84524536132812,106.9000015258789,95.71129608154297,101.82146453857422,125.65653228759766,221.6087646484375,11.199244499206543,204.99000549316406,477.8060607910156,87.57127380371094
2022-10-17,139.80140686035156,113.79000091552734,99.09133911132812,106.09798431396484,132.87313842773438,230.3059539794922,11.85860824584961,219.35000610351562,485.95367431640625,88.833740234375
2022-10-18,141.1168670654297,116.36000061035156,99.88430786132812,108.82688903808594,131.6439666748047,231.24644470214844,11.937416076660156,220.19000244140625,486.2610778808594,88.99267578125
2022-10-19,141.22488403320312,115.06999969482422,98.75432586669922,106.69322204589844,132.0702362060547,229.28790283203125,12.021206855773926,222.0399932861328,484.50115966796875,91.63243103027344
2022-10-20,140.7634735107422,115.25,99.09133911132812,106.34523010253906,130.385009765625,228.9679412841797,12.163853645324707,207.27999877929688,485.0225524902344,91.75601959228516
2022-10-21,144.5723876953125,119.31999969482422,100.24112701416016,111.93125915527344,128.8782196044922,234.75636291503906,12.435178756713867,214.44000244140625,496.9879455566406,93.4599609375
2022-10-24,146.71246337890625,119.81999969482422,101.6189193725586,112.06861877441406,128.5907440185547,239.73036193847656,12.567852973937988,211.25,504.3162536621094,94.11328125
2022-10-25,149.54949951171875,120.5999984741211,103.56170654296875,112.3616714477539,136.31292724609375,243.03665161132812,13.228215217590332,222.4199981689453,503.03131103515625,93.47762298583984
2022-10-26,146.61431884765625,115.66000366210938,94.09563446044922,113.65286254882812,128.6898956298828,224.2848358154297,12.864115715026855,224.63999938964844,505.7780456542969,94.59002685546875
2022-10-27,142.14767456054688,110.95999908447266,91.40945434570312,114.10157775878906,97.0874252319336,219.85379028320312,13.143424987792969,225.08999633789062,504.5024108886719,94.95199584960938
2022-10-28,152.88726806640625,103.41000366210938,95.44367980957031,115.45687103271484,98.33644104003906,228.69647216796875,13.799798965454102,228.52000427246094,513.2926025390625,97.73301696777344
2022-10-31,150.53118896484375,102.44000244140625,93.6793212890625,115.27371215820312,92.3490219116211,225.0701904296875,13.463631629943848,227.5399932861328,516.9335327148438,97.83013916015625
2022-11-01,147.8904571533203,96.79000091552734,89.6748275756836,117.35246276855469,94.37126159667969,221.23068237304688,13.509517669677734,227.82000732421875,509.6331787109375,98.80128479003906
2022-11-02,142.3734130859375,92.12000274658203,86.20559692382812,116.27189636230469,89.75184631347656,213.40609741210938,13.186318397521973,214.97999572753906,506.0202941894531,96.77070617675781
2022-11-03,136.33607482910156,89.30000305175781,82.69671630859375,116.48251342773438,88.13603973388672,207.7340087890625,13.387819290161133,215.30999755859375,506.1877746582031,98.0861587524414
2022-11-04,136.07057189941406,90.9800033569336,85.81903076171875,119.66928100585938,89.99966430664062,214.65684509277344,14.121003150939941,207.47000122070312,501.12237548828125,99.15441131591797
2022-11-07,136.6015625,90.52999877929688,87.71221160888672,120.30115509033203,95.87803649902344,220.9397430419922,14.265643119812012,197.0800018310547,507.5008544921875,100.3286361694336
2022-11-08,137.17189025878906,89.9800033569336,88.1186294555664,120.3744125366211,95.63021850585938,221.9093475341797,14.565899848937988,191.3000030517578,514.97802734375,100.64645385742188
2022-11-09,132.6191864013672,86.13999938964844,86.55252075195312,118.80850219726562,100.5866928100586,217.6819610595703,13.741943359375,177.58999633789062,503.4408264160156,96.14386749267578
2022-11-10,144.41888427734375,96.62999725341797,93.11434936523438,123.69855499267578,110.8961410522461,235.59024047851562,15.71106243133545,190.72000122070312,506.7093505859375,97.55645751953125
2022-11-11,147.20164489746094,100.79000091552734,95.5626220703125,123.90003967285156,112.0361328125,239.59461975097656,16.28663444519043,195.97000122070312,486.1400451660156,100.6023178100586
2022-11-14,145.80535888671875,98.48999786376953,94.85885620117188,122.62712097167969,113.22570037841797,234.20372009277344,16.254709243774414,190.9499969482422,478.3834228515625,100.8960189819336
2022-11-15,147.53599548339844,98.94000244140625,97.57477569580078,121.73886108398438,116.06080627441406,234.61093139648438,16.624797821044922,194.4199981689453,468.38275146484375,101.57238006591797
2022-11-16,146.30679321289062,97.12000274658203,97.98118591308594,121.90370178222656,112.24432373046875,235.0387725830078,15.870667457580566,186.9199981689453,476.306884765625,100.48661804199219
2022-11-17,148.2046661376953,94.8499984741211,97.49549102783203,121.37255096435547,110.47980499267578,234.99012756347656,15.638240814208984,183.1699981689453,479.8360900878906,100.62010955810547
2022-11-18,148.76513671875,94.13999938964844,96.57365417480469,122.56301879882812,111.0745849609375,234.54286193847656,15.370905876159668,180.19000244140625,493.5147705078125,99.74796295166016
2022-11-21,145.5398712158203,92.45999908447266,94.75973510742188,121.839599609375,108.90364074707031,235.3498992919922,15.279132843017578,167.8699951171875,481.5865783691406,98.76007843017578
2022-11-22,147.6736297607422,93.19999694824219,96.1969985961914,123.66192626953125,110.46990966796875,238.24740600585938,15.998350143432617,169.91000366210938,487.08050537109375,101.61688232421875
2022-11-23,148.54881286621094,94.12999725341797,97.5946044921875,124.9805908203125,111.26292419433594,240.72683715820312,16.47816276550293,183.1999969482422,493.2447814941406,101.10960388183594
2022-11-25,145.63821411132812,93.41000366210938,96.60338592529297,125.21867370605469,110.44017028808594,240.63934326171875,16.229774475097656,182.86000061035156,500.61016845703125,100.75361633300781
2022-11-28,141.81312561035156,93.94999694824219,95.2057876586914,123.03005981445312,107.83304595947266,235.06790161132812,15.787872314453125,182.9199981689453,495.62860107421875,97.72772216796875
2022-11-29,138.81402587890625,92.41999816894531,94.35334014892578,125.05386352539062,108.50714111328125,233.6775360107422,15.600335121154785,180.8300018310547,491.6524963378906,98.37738037109375
2022-11-30,145.55953979492188,96.54000091552734,100.10237121582031,126.53736114501953,117.07191467285156,248.07754516601562,16.885480880737305,194.6999969482422,510.05206298828125,99.08937072753906
2022-12-01,145.83486938476562,95.5,100.10237121582031,124.7608413696289,119.39155578613281,247.64002990722656,17.09701156616211,194.6999969482422,499.94903564453125,98.60879516601562
2022-12-02,145.34323120117188,94.12999725341797,99.55720520019531,123.77181243896484,122.41499328613281,247.9608917236328,16.83858299255371,194.86000061035156,500.7896423339844,97.77222442626953
2022-12-05,144.1829071044922,91.01000213623047,98.60563659667969,120.30115509033203,121.36421966552734,243.27427673339844,16.57317543029785,182.4499969482422,499.7435607910156,95.09339904785156
2022-12-06,140.5249786376953,88.25,96.12760925292969,120.50262451171875,113.1265869140625,238.3349151611328,15.951557159423828,179.82000732421875,503.74127197265625,92.45018768310547
2022-12-07,138.58786010742188,88.45999908447266,94.10556030273438,120.42020416259766,112.93821716308594,237.6056365966797,16.084259033203125,174.0399932861328,507.0943908691406,92.24549865722656
2022-12-08,140.2693328857422,90.3499984741211,92.88636016845703,121.6839370727539,114.3260498046875,240.5517578125,17.130937576293945,173.44000244140625,511.7738037109375,92.93077087402344
2022-12-09,139.78750610351562,89.08999633789062,92.01409149169922,121.02460479736328,114.89108276367188,238.62657165527344,16.96331024169922,179.0500030517578,503.62921142578125,92.14759063720703
2022-12-12,142.07864379882812,90.55000305175781,92.48987579345703,122.90188598632812,113.71143341064453,245.5203399658203,17.49612808227539,167.82000732421875,509.84979248046875,94.41703033447266
2022-12-13,143.04226684570312,92.48999786376953,94.78947448730469,122.78282165527344,119.10408020019531,249.80825805664062,18.03193473815918,160.9499969482422,502.7137451171875,95.44940185546875
2022-12-14,140.8199920654297,91.58000183105469,94.2343978881836,122.16925811767578,120.53153991699219,250.09996032714844,17.63481903076172,156.8000030517578,502.8445739746094,94.7463150024414
2022-12-15,134.22195434570312,88.44999694824219,90.06141662597656,119.13815307617188,115.13890075683594,242.11721801757812,16.91441535949707,157.6699981689453,492.8691711425781,93.83856201171875
2022-12-16,132.26515197753906,87.86000061035156,89.46669006347656,118.39639282226562,118.39035034179688,237.91680908203125,16.534257888793945,150.22999572753906,489.1517028808594,93.17996215820312
2022-12-19,130.16087341308594,84.91999816894531,87.66268157958984,119.1015396118164,113.48343658447266,233.7941436767578,16.21796226501465,149.8699951171875,489.0582580566406,93.5982437133789
2022-12-20,130.09205627441406,85.19000244140625,88.2375717163086,119.67845153808594,116.07070922851562,235.10682678222656,16.04933738708496,137.8000030517578,485.89202880859375,94.95101165771484
2022-12-21,133.18946838378906,86.7699966430664,88.79265594482422,121.02460479736328,118.71747589111328,237.66400146484375,16.46441650390625,137.57000732421875,492.7383728027344,96.17025756835938
2022-12-22,130.02322387695312,83.79000091552734,86.9886474609375,119.65097045898438,116.1004409790039,231.59674072265625,15.304990768432617,125.3499984741211,492.3180236816406,94.23013305664062
2022-12-23,129.65940856933594,85.25,88.44572448730469,120.21874237060547,117.01244354248047,232.12179565429688,15.17228889465332,123.1500015258789,496.25970458984375,96.72203063964844
2022-12-27,127.85993194580078,83.04000091552734,86.62189483642578,120.63998413085938,115.862548828125,230.4008026123047,14.08969497680664,109.0999984741211,496.89483642578125,98.06591033935547
2022-12-28,123.93653869628906,81.81999969482422,85.26393127441406,121.29931640625,114.61353302001953,228.03802490234375,14.004880905151367,112.70999908447266,493.5884094238281,96.45506286621094
2022-12-29,127.44694519042969,84.18000030517578,87.67257690429688,121.99528503417969,119.21311950683594,234.3386688232422,14.570623397827148,121.81999969482422,494.9239807128906,97.18484497070312
2022-12-30,127.76160430908203,84.0,87.45452117919922,122.80115509033203,119.29243469238281,233.18167114257812,14.581600189208984,123.18000030517578,495.2041015625,98.16380310058594
2023-01-03,122.98271942138672,85.81999969482422,88.33670043945312,123.73519134521484,123.65412902832031,232.94827270507812,14.283262252807617,108.0999984741211,484.425537109375,94.79080200195312
2023-01-04,124.25119018554688,85.13999938964844,87.30583953857422,124.88903045654297,126.26123046875,222.75839233398438,14.716300964355469,113.63999938964844,471.21832275390625,95.06672668457031
2023-01-05,122.93355560302734,83.12000274658203,85.4423599243164,124.8613510131836,125.8349838256836,216.15628051757812,14.233370780944824,110.33999633789062,457.6375427246094,97.1937255859375
2023-01-06,127.4567642211914,86.08000183105469,86.57233428955078,127.25064086914062,128.88816833496094,218.70379638671875,14.826057434082031,113.05999755859375,457.67486572265625,98.36849975585938
2023-01-09,127.9779281616211,87.36000061035156,87.2463607788086,126.72481536865234,128.3429412841797,220.83316040039062,15.593352317810059,119.7699966430664,457.73089599609375,96.53515625
2023-01-10,128.54824829101562,89.87000274658203,87.64285278320312,127.8594970703125,131.8323211669922,222.51527404785156,15.87372875213623,118.8499984741211,453.9386901855469,97.9769058227539
2023-01-11,131.26219177246094,95.08999633789062,90.71561431884766,128.8096923828125,131.73318481445312,229.24368286132812,15.965522766113281,123.22000122070312,460.85064697265625,99.11605834960938
2023-01-12,131.1835174560547,95.2699966430664,90.32903289794922,128.6805419921875,135.51995849609375,231.90789794921875,16.474395751953125,123.55999755859375,462.97088623046875,100.76252746582031
2023-01-13,132.51100158691406,98.12000274658203,91.31033325195312,131.92774963378906,135.78753662109375,232.6079864501953,16.86153221130371,122.4000015258789,457.2733154296875,100.70021057128906
2023-01-17,133.6713104248047,96.05000305175781,90.48762512207031,129.88900756835938,134.18165588378906,233.6969451904297,17.662757873535156,131.49000549316406,453.0794677734375,100.50443267822266
2023-01-18,132.95350646972656,95.45999908447266,90.31913757324219,125.9867935180664,131.86204528808594,229.28262329101562,17.338472366333008,128.77999877929688,444.82257080078125,98.43968963623047
2023-01-19,133.01251220703125,93.68000030517578,92.23214721679688,124.30785369873047,134.96478271484375,225.510009765625,16.727828979492188,127.16999816894531,452.4069519042969,99.07157897949219
2023-01-20,135.56910705566406,97.25,97.15845489501953,124.61226654052734,138.15675354003906,233.570556640625,17.799449920654297,133.4199981689453,454.61126708984375,100.87821960449219
2023-01-23,138.75503540039062,97.5199966430664,98.91292572021484,126.63258361816406,142.02284240722656,235.865234375,19.150453567504883,143.75,453.7612609863281,100.3531265258789
2023-01-24,140.1513214111328,96.31999969482422,96.84127807617188,127.72111511230469,141.89393615722656,235.3401336669922,19.222288131713867,143.88999938964844,459.16937255859375,101.28759765625
2023-01-25,139.4925079345703,97.18000030517578,94.38308715820312,128.33921813964844,140.26820373535156,233.94976806640625,19.280162811279297,144.42999267578125,460.010009765625,100.75361633300781
2023-01-26,141.55746459960938,99.22000122070312,96.66285705566406,129.132568359375,146.01771545410156,241.1352081298828,19.75809669494629,160.27000427246094,459.9913330078125,104.80298614501953
2023-01-27,143.4945526123047,102.23999786376953,98.49662017822266,129.44622802734375,150.41909790039062,241.29075622558594,20.319849014282227,177.89999389648438,453.9853820800781,102.8895492553711
2023-01-30,140.61349487304688,100.55000305175781,96.08795928955078,128.34841918945312,145.7798309326172,235.9916534423828,19.11952018737793,166.66000366210938,453.7426452636719,101.06510162353516
2023-01-31,141.88198852539062,103.12999725341797,97.97126007080078,129.11412048339844,147.6732177734375,240.95045471191406,19.493682861328125,173.22000122070312,466.2585754394531,103.24552917480469
2023-02-01,143.00294494628906,105.1500015258789,99.54730224609375,128.77279663085938,151.7870635986328,245.75369262695312,20.896568298339844,181.41000366210938,464.21307373046875,102.11527252197266
2023-02-02,148.30299377441406,112.91000366210938,106.79302978515625,128.1731414794922,187.126708984375,257.2757263183594,21.660869598388672,188.27000427246094,439.76953125,98.92029571533203
2023-02-03,151.92153930664062,103.38999938964844,103.85904693603516,130.15655517578125,184.90621948242188,251.19874572753906,21.053220748901367,189.97999572753906,440.8810119628906,99.60554504394531
2023-02-06,149.19778442382812,102.18000030517578,101.99559020996094,130.9222412109375,184.44033813476562,249.6624298095703,21.04224395751953,194.75999450683594,443.8886413574219,99.43645477294922
2023-02-07,152.06903076171875,102.11000061035156,106.69392395019531,132.5181427001953,189.95191955566406,260.15374755859375,22.123842239379883,196.80999755859375,445.4203796386719,102.27546691894531
2023-02-08,149.38462829589844,100.05000305175781,98.49662017822266,131.58641052246094,181.8332061767578,259.3467102050781,22.15576934814453,201.2899932861328,451.34210205078125,101.38550567626953
2023-02-09,148.35214233398438,98.23999786376953,94.17493438720703,129.53846740722656,176.3711700439453,256.32275390625,22.2874813079834,207.32000732421875,453.6865234375,101.76818084716797
2023-02-10,148.7165069580078,97.61000061035156,93.73880004882812,130.1103973388672,172.63397216796875,255.81723022460938,21.21785545349121,196.88999938964844,461.6445007324219,106.05783081054688
2023-02-13,151.51341247558594,99.54000091552734,93.77845001220703,131.52186584472656,177.86802673339844,263.80975341796875,21.73969268798828,194.63999938964844,462.6719055175781,105.64532470703125
2023-02-14,150.87322998046875,99.69999694824219,93.84783172607422,132.10302734375,177.9176025390625,264.6361389160156,22.92007064819336,209.25,460.31817626953125,104.40771484375
2023-02-15,152.97091674804688,101.16000366210938,96.08795928955078,132.6565399169922,175.61782836914062,262.5209045410156,22.713533401489258,214.24000549316406,458.8423767089844,104.09380340576172
2023-02-16,151.37551879882812,98.1500015258789,94.67053985595703,130.82998657226562,170.93887329101562,255.5319366455078,21.953224182128906,202.0399932861328,455.19970703125,103.78889465332031
2023-02-17,150.23313903808594,97.19999694824219,93.52073669433594,131.2174072265625,171.37506103515625,251.54519653320312,21.340579986572266,208.30999755859375,466.1558532714844,99.79803466796875
2023-02-21,146.2248992919922,94.58000183105469,90.98322296142578,128.8096923828125,170.58201599121094,246.29129028320312,20.609209060668945,197.3699951171875,458.8985290527344,99.69940185546875
2023-02-22,146.64840698242188,95.79000091552734,90.8444595336914,127.8226089477539,169.63038635253906,245.16053771972656,20.70798683166504,200.86000061035156,456.6381530761719,98.40797424316406
2023-02-23,147.13095092773438,95.81999969482422,90.09114074707031,128.84657287597656,170.5423583984375,248.33827209472656,23.611534118652344,202.07000732421875,459.25341796875,99.31375122070312
2023-02-24,144.48182678222656,93.5,88.34659576416016,130.00892639160156,168.90675354003906,242.92835998535156,23.234373092651367,196.8800048828125,452.37890625,99.3227310180664
2023-02-27,145.67344665527344,93.76000213623047,89.08010864257812,131.1436309814453,168.06410217285156,243.84461975097656,23.448898315429688,207.6300048828125,451.43560791015625,99.14337158203125
2023-02-28,145.1711883544922,94.2300033569336,89.26844024658203,132.24143981933594,173.41712951660156,243.12330627441406,23.16452407836914,205.7100067138672,444.5424499511719,98.56941986083984
2023-03-01,143.1031036376953,92.16999816894531,89.5657958984375,131.50340270996094,171.91033935546875,240.0528564453125,22.647676467895508,202.77000427246094,443.86993408203125,99.44828796386719
2023-03-02,143.69398498535156,92.12999725341797,91.19139099121094,130.13807678222656,173.01068115234375,244.77066040039062,23.262313842773438,190.89999389648438,446.1863098144531,99.9056625366211
2023-03-03,148.73622131347656,94.9000015258789,92.8268814086914,132.52740478515625,183.6373748779297,248.8450927734375,23.8370361328125,197.7899932861328,446.98956298828125,101.170166015625
2023-03-06,151.4937286376953,93.75,94.29386901855469,131.7525177001953,183.2904052734375,250.38519287109375,23.501779556274414,193.80999755859375,449.0631408691406,102.06700134277344
2023-03-07,149.29759216308594,93.55000305175781,93.03504180908203,127.87794494628906,182.90380859375,247.73388671875,23.240314483642578,187.7100067138672,442.6183166503906,100.09400177001953
2023-03-08,150.5482940673828,93.91999816894531,93.4216079711914,127.12149047851562,183.35980224609375,247.2952880859375,24.131488800048828,182.0,439.5547180175781,98.63218688964844
2023-03-09,148.3029022216797,92.25,91.5085678100586,120.23958587646484,180.1083526611328,245.95010375976562,23.388015747070312,172.9199981689453,434.2400817871094,97.86988067626953
2023-03-10,146.24465942382812,90.7300033569336,89.83341217041016,123.2930908203125,177.9473419189453,242.3142852783203,22.91797637939453,173.44000244140625,431.4936218261719,96.65918731689453
2023-03-13,148.18472290039062,92.43000030517578,90.3092041015625,121.07906341552734,179.32522583007812,247.50973510742188,22.91897201538086,174.47999572753906,434.6337890625,95.547119140625
2023-03-14,150.27252197265625,94.87999725341797,93.14407348632812,124.18792724609375,192.33102416992188,254.20626831054688,24.013729095458984,183.25999450683594,435.4774475097656,95.90585327148438
2023-03-15,150.66644287109375,96.19999694824219,95.26525115966797,118.32077026367188,196.02857971191406,258.7388916015625,24.17839241027832,180.4499969482422,436.2742004394531,91.13478088378906
2023-03-16,153.48301696777344,100.04000091552734,99.4382553100586,120.61781311035156,203.1460418701172,269.2272033691406,25.48870277404785,184.1300048828125,442.45135498046875,90.60564422607422
2023-03-17,152.6459503173828,98.94999694824219,100.7268295288086,116.06063079833984,193.90719604492188,272.3757019042969,25.67232322692871,180.1300048828125,440.08917236328125,89.5384292602539
2023-03-20,155.0094757080078,97.70999908447266,100.33033752441406,117.28755950927734,196.08804321289062,265.3575134277344,25.846969604492188,183.25,447.08184814453125,91.87913513183594
2023-03-21,156.86093139648438,100.61000061035156,103.9978256225586,120.43331146240234,200.40017700195312,266.8682556152344,26.145355224609375,197.5800018310547,450.0251770019531,95.99552917480469
2023-03-22,155.4329376220703,98.69999694824219,102.46145629882812,117.32447052001953,198.07061767578125,265.41595458984375,26.413803100585938,191.14999389648438,445.7320251464844,93.7983169555664
2023-03-23,156.51625061035156,98.70999908447266,104.6718521118164,117.01081085205078,202.50169372558594,270.650390625,27.135324478149414,192.22000122070312,440.47357177734375,92.74008178710938
2023-03-24,157.81617736816406,98.12999725341797,104.51325988769531,115.23036193847656,204.21665954589844,273.4869384765625,26.724170684814453,190.41000366210938,446.1725769042969,92.84768676757812
2023-03-27,155.87611389160156,98.04000091552734,101.5594482421875,118.532958984375,201.0742645263672,269.4027099609375,26.4766788482666,191.80999755859375,451.7124328613281,94.88346862792969
2023-03-28,155.25567626953125,97.23999786376953,100.14201354980469,118.8927230834961,198.9330596923828,268.2817687988281,26.355924606323242,189.19000244140625,442.97625732421875,96.0672836303711
2023-03-29,158.32827758789062,100.25,100.49884033203125,119.13257598876953,203.5624237060547,273.428466796875,26.928747177124023,193.8800048828125,437.3614807128906,97.71743774414062
2023-03-30,159.8941650390625,102.0,100.00323486328125,118.7728042602539,206.0307159423828,276.87908935546875,27.326934814453125,195.27999877929688,440.6141052246094,98.19271850585938
2023-03-31,162.3955535888672,103.29000091552734,102.81829833984375,120.2119140625,210.0950469970703,281.0217590332031,27.720123291015625,207.4600067138672,442.985595703125,98.34519958496094
2023-04-03,163.6462860107422,102.41000366210938,103.44275665283203,120.07355499267578,211.2152099609375,279.9787902832031,27.907743453979492,194.77000427246094,463.2325439453125,104.14762878417969
2023-04-04,163.11448669433594,103.94999694824219,103.79959106445312,118.4683837890625,212.850830078125,279.9300537109375,27.396787643432617,192.5800018310547,462.3514404296875,103.15214538574219
2023-04-05,161.27285766601562,101.0999984741211,103.55179595947266,118.64501190185547,209.63902282714844,277.1617736816406,26.825958251953125,185.52000427246094,477.3304138183594,104.91888427734375
2023-04-06,162.1592559814453,102.05999755859375,107.46707153320312,118.51486206054688,214.21881103515625,284.2384338378906,26.981637954711914,185.05999755859375,480.6861877441406,103.1790542602539
2023-04-10,159.5691680908203,102.16999816894531,105.50447845458984,118.90534973144531,212.88055419921875,282.084228515625,27.52252960205078,184.50999450683594,482.9076232910156,102.7216796875
2023-04-11,158.35784912109375,99.91999816894531,104.4240493774414,119.49111938476562,211.98843383789062,275.68988037109375,27.113370895385742,186.7899932861328,488.3349304199219,103.44810485839844
2023-04-12,157.66848754882812,97.83000183105469,103.72027587890625,119.4725112915039,212.13711547851562,276.33319091796875,26.440752029418945,180.5399932861328,488.5411376953125,103.34049987792969
2023-04-13,163.04554748535156,102.4000015258789,106.48577117919922,119.9280776977539,218.43182373046875,282.5229187011719,26.4088134765625,185.89999389648438,493.2654724121094,103.82476043701172
2023-04-14,162.7008514404297,102.51000213623047,107.91311645507812,128.98385620117188,219.56192016601562,278.9162902832031,26.70321273803711,185.0,479.73004150390625,104.07587432861328
2023-04-17,162.7205352783203,102.73999786376953,105.03860473632812,130.00653076171875,216.95480346679688,281.5091247558594,26.94671058654785,187.0399932861328,473.69342041015625,102.86516571044922
2023-04-18,163.94178771972656,102.30000305175781,103.58151245117188,131.4662322998047,215.9932403564453,281.0899963378906,27.6103515625,184.30999755859375,472.8779602050781,104.87403106689453
2023-04-19,165.08412170410156,104.30000305175781,103.26432800292969,131.2989044189453,213.8223114013672,281.1679992675781,27.873807907104492,180.58999633789062,455.7430725097656,104.54222869873047
2023-04-20,164.11900329589844,103.80999755859375,104.36457824707031,130.91766357421875,211.2152099609375,278.8870849609375,27.04850196838379,162.99000549316406,456.9241027832031,103.70818328857422
2023-04-21,162.51373291015625,106.95999908447266,104.48352813720703,130.66664123535156,211.03677368164062,278.5458679199219,27.063467025756836,165.0800018310547,453.5121154785156,104.04000091552734
2023-04-24,162.81903076171875,106.20999908447266,105.03860473632812,130.84329223632812,210.93763732910156,274.6566467285156,26.986629486083984,162.5500030517578,458.3113708496094,106.00404357910156
2023-04-25,161.28274536132812,102.56999969482422,102.93722534179688,127.99829864501953,205.7432403564453,268.46697998046875,26.18726921081543,160.6699981689453,461.1047668457031,104.49738311767578
2023-04-26,161.27285766601562,104.9800033569336,102.79845428466797,125.72968292236328,207.5771484375,287.91326904296875,26.900802612304688,153.75,452.6966857910156,103.53778076171875
2023-04-27,165.852294921875,109.81999969482422,106.64434814453125,127.42184448242188,236.48329162597656,297.13446044921875,27.170255661010742,160.19000244140625,459.74560546875,104.77540588378906
2023-04-28,167.10296630859375,105.44999694824219,106.39656066894531,128.5282440185547,238.22796630859375,299.503173828125,27.69217872619629,164.30999755859375,461.2640686035156,106.12957763671875
2023-05-01,167.01434326171875,102.05000305175781,106.2577896118164,131.2803192138672,241.06307983398438,297.84600830078125,28.85080337524414,161.8300018310547,464.6479797363281,102.83826446533203
2023-05-02,165.98028564453125,103.62999725341797,104.39431762695312,129.1604461669922,237.15737915039062,297.6997985839844,28.152236938476562,160.30999755859375,462.4826354980469,98.73979187011719
2023-05-03,164.9068603515625,103.6500015258789,104.48352813720703,126.427001953125,234.96661376953125,296.7153015136719,27.74507713317871,160.61000061035156,458.78009033203125,96.79368591308594
2023-05-04,163.2720489501953,104.0,103.76985931396484,124.69767761230469,231.48719787597656,297.6997985839844,27.505565643310547,161.1999969482422,456.7554016113281,95.09870910644531
2023-05-05,170.93386840820312,105.66000366210938,104.64212036132812,127.13362884521484,230.7536163330078,302.8075256347656,28.62127685546875,170.05999755859375,463.3168640136719,97.46630859375
2023-05-08,170.86495971679688,105.83000183105469,106.8227767944336,127.4404296875,231.23936462402344,300.85809326171875,29.091310501098633,171.7899932861328,461.76092529296875,97.85194396972656
2023-05-09,169.1612091064453,106.62000274658203,106.40646362304688,126.82679748535156,231.33848571777344,299.2496643066406,28.51249885559082,169.14999389648438,459.66119384765625,97.87884521484375
2023-05-10,170.92405700683594,110.19000244140625,110.76779174804688,126.89189910888672,231.05101013183594,304.42559814453125,28.825857162475586,168.5399932861328,459.3706970214844,96.62329864501953
2023-05-11,171.1111602783203,112.18000030517578,115.54542541503906,126.49210357666016,233.73741149902344,302.28118896484375,28.519481658935547,172.0800018310547,458.1426696777344,94.87450408935547
2023-05-12,170.1841278076172,110.26000213623047,116.47716522216797,124.6790771484375,231.77464294433594,301.16998291015625,28.281970977783203,167.97999572753906,460.45794677734375,94.86553192138672
2023-05-15,169.6911163330078,111.19999694824219,115.48595428466797,125.72968292236328,236.78070068359375,301.6475524902344,28.89371681213379,166.35000610351562,456.3617248535156,95.04646301269531
2023-05-16,169.6911163330078,113.4000015258789,118.45957946777344,124.8836441040039,236.74102783203125,303.87005615234375,29.15318489074707,166.52000427246094,449.6689453125,92.7397232055664
2023-05-17,170.30250549316406,115.5,119.77789306640625,128.72348022460938,240.37908935546875,306.7420959472656,30.116207122802734,173.86000061035156,454.4400634765625,94.82029724121094
2023-05-18,172.62986755371094,118.1500015258789,121.75041198730469,129.69972229003906,244.70115661621094,311.1575927734375,31.613136291503906,176.88999938964844,449.2096862792969,95.6796646118164
2023-05-19,172.73834228515625,116.25,121.68102264404297,129.40219116210938,243.5016632080078,310.9817810058594,31.19998550415039,180.13999938964844,448.82537841796875,96.12294006347656
2023-05-22,171.79161071777344,115.01000213623047,123.95091247558594,128.3329620361328,246.15834045410156,313.7560729980469,31.112165451049805,188.8699951171875,450.5125427246094,94.95599365234375
2023-05-23,169.1881103515625,114.98999786376953,121.48278045654297,126.99413299560547,244.59210205078125,307.97296142578125,30.625167846679688,185.77000427246094,449.40655517578125,96.24958038330078
2023-05-24,169.46424865722656,116.75,119.8373794555664,125.83197021484375,247.04058837890625,306.5954895019531,30.47547149658203,182.89999389648438,450.7094421386719,97.3260498046875
2023-05-25,170.5983428955078,115.0,122.39469909667969,126.13875579833984,250.4903106689453,318.38653564453125,37.90223693847656,184.47000122070312,447.7755432128906,95.5801773071289
2023-05-26,173.00462341308594,120.11000061035156,123.51477813720703,127.319580078125,259.7589111328125,325.1954650878906,38.86625289916992,193.1699981689453,451.3561706542969,94.95599365234375
2023-05-30,174.84877014160156,121.66000366210938,122.58303833007812,127.80303192138672,260.2347412109375,323.5542297363281,40.02886962890625,201.16000366210938,449.7908020019531,94.11470794677734
2023-05-31,174.79946899414062,120.58000183105469,121.7900619506836,126.17597961425781,262.4155578613281,320.7994689941406,37.756526947021484,203.92999267578125,456.7178649902344,92.43215942382812
2023-06-01,177.60018920898438,122.7699966430664,122.6325912475586,127.91462707519531,270.23687744140625,324.8926086425781,39.68857192993164,207.52000427246094,462.7076416015625,93.49959564208984
2023-06-02,178.4482879638672,124.25,123.57423400878906,130.6015625,270.23687744140625,327.6474304199219,39.24646759033203,213.97000122070312,468.284912109375,95.67064666748047
2023-06-05,177.09722900390625,125.30000305175781,124.9024658203125,129.31851196289062,269.02752685546875,328.1749267578125,39.09079360961914,217.61000061035156,466.9819641113281,95.24546813964844
2023-06-06,176.7323760986328,126.61000061035156,126.19103240966797,129.55096435546875,268.7598571777344,325.9671630859375,38.574859619140625,221.30999755859375,457.0272216796875,96.0234375
2023-06-07,175.361572265625,121.2300033569336,121.42330932617188,130.80613708496094,261.3053283691406,315.9052429199219,37.40213394165039,224.57000732421875,451.9280090332031,98.1763916015625
2023-06-08,178.07354736328125,124.25,121.06647491455078,130.84329223632812,262.27679443359375,317.7417907714844,38.43512725830078,234.86000061035156,459.5206298828125,97.86882019042969
2023-06-09,178.45816040039062,123.43000030517578,121.15570068359375,131.10362243652344,262.64361572265625,319.23638916015625,38.694618225097656,244.39999389648438,462.6982421875,97.14513397216797
2023-06-12,181.2490234375,126.56999969482422,122.55329132080078,131.09432983398438,268.69049072265625,324.1795349121094,39.40523910522461,249.8300018310547,461.7327575683594,96.26766204833984
2023-06-13,180.775634765625,126.66000366210938,122.74163818359375,132.04269409179688,268.9581298828125,326.5630798339844,40.94224166870117,258.7099914550781,460.5329895019531,96.2857666015625
2023-06-14,181.4068145751953,126.41999816894531,122.58303833007812,131.54991149902344,270.9704895019531,329.5425720214844,42.91340255737305,256.7900085449219,431.0530700683594,95.12786865234375
2023-06-15,183.43832397460938,127.11000061035156,123.99055480957031,133.03750610351562,279.3765869140625,340.05389404296875,42.570072174072266,255.89999389648438,438.49798583984375,95.7882308959961
2023-06-16,182.3634490966797,125.48999786376953,122.44425964355469,133.195556640625,278.5538635253906,334.417236328125,42.60898971557617,260.5400085449219,431.5331115722656,95.1007308959961
2023-06-20,182.4521484375,125.77999877929688,122.01803588867188,132.516845703125,281.8548278808594,330.23614501953125,43.72282409667969,274.45001220703125,441.792236328125,92.92063903808594
2023-06-21,181.4167022705078,124.83000183105469,119.49046325683594,132.3216094970703,279.1883239746094,325.84991455078125,42.96131134033203,259.4599914550781,448.71954345703125,93.96094512939453
2023-06-22,184.41465759277344,130.14999389648438,122.0676040649414,129.7740936279297,282.40008544921875,331.85772705078125,42.941349029541016,264.6099853515625,450.88427734375,93.44530487060547
2023-06-23,184.0990447998047,129.3300018310547,121.26469421386719,129.09535217285156,286.216552734375,327.27618408203125,42.12693405151367,256.6000061035156,448.9547424316406,92.63116455078125
2023-06-26,182.7085723876953,127.33000183105469,117.29988098144531,129.41148376464844,276.0458984375,321.0046691894531,40.553001403808594,241.0500030517578,450.8936462402344,94.34086608886719
2023-06-27,185.45997619628906,129.17999267578125,117.28996276855469,129.4207763671875,284.5511169433594,326.836669921875,41.79457473754883,250.2100067138672,454.1878967285156,94.57606506347656
2023-06-28,186.63352966308594,129.0399932861328,119.12369537353516,128.8536376953125,282.8065185546875,328.0870666503906,41.037052154541016,256.239990234375,446.55474853515625,95.34498596191406
2023-06-29,186.9688262939453,127.9000015258789,118.05318450927734,133.35360717773438,279.0792236328125,327.30548095703125,40.74263000488281,257.5,448.427734375,96.52095031738281
2023-06-30,191.28829956054688,130.36000061035156,118.64791107177734,135.22242736816406,284.4818115234375,332.66864013671875,42.21975326538086,261.7699890136719,452.3807678222656,97.01849365234375
2023-07-03,189.79917907714844,130.22000122070312,118.8461685180664,136.31021118164062,283.5301208496094,330.1775817871094,42.33052444458008,279.82000732421875,449.7830810546875,97.20844268798828
2023-07-05,188.68479919433594,130.3800048828125,120.67990112304688,135.4021759033203,291.8074645996094,330.3338623046875,42.23472595214844,282.4800109863281,443.5146484375,96.71094512939453
2023-07-06,189.15817260742188,128.36000061035156,119.05431365966797,134.06350708007812,289.44818115234375,333.3817443847656,42.021141052246094,276.5400085449219,441.7639465332031,93.1015625
2023-07-07,188.0437774658203,129.77999877929688,118.42987060546875,135.12132263183594,288.0008850097656,329.42535400390625,42.42035675048828,274.42999267578125,434.4413757324219,93.31867980957031
2023-07-10,186.00238037109375,127.12999725341797,115.42646789550781,135.87960815429688,291.5398254394531,324.1598815917969,42.097991943359375,269.6099853515625,435.82501220703125,94.70271301269531
2023-07-11,185.479736328125,128.77999877929688,116.11042785644531,138.00462341308594,295.693359375,324.7851867675781,42.322547912597656,269.7900085449219,435.6744384765625,95.860595703125
2023-07-12,187.1463623046875,130.8000030517578,117.88469696044922,138.68797302246094,306.6470947265625,329.40582275390625,43.81663513183594,271.989990234375,425.142333984375,96.33098602294922
2023-07-13,187.9056854248047,134.3000030517578,123.44538116455078,139.3620147705078,310.68170166015625,334.7395935058594,45.887611389160156,277.8999938964844,421.424560546875,94.56702423095703
2023-07-14,188.05364990234375,134.67999267578125,124.31764221191406,140.20452880859375,306.1812744140625,337.260009765625,45.380592346191406,281.3800048828125,451.93841552734375,91.31045532226562
2023-07-17,191.3080291748047,133.55999755859375,123.55442810058594,143.583984375,307.916015625,337.7386169433594,46.37067413330078,290.3800048828125,455.6185302734375,91.70846557617188
2023-07-18,191.0515899658203,132.8300018310547,122.67223358154297,143.84609985351562,309.33355712890625,351.1805725097656,47.40165328979492,293.3399963378906,470.6025085449219,91.29237365722656
2023-07-19,192.4026641845703,135.36000061035156,120.95745086669922,144.39837646484375,313.2591247558594,346.8725280761719,46.985469818115234,291.260009765625,474.0849304199219,91.92559051513672
2023-07-20,190.4599151611328,129.9600067138672,118.15231323242188,146.17706298828125,299.8865051269531,338.852294921875,45.431495666503906,262.8999938964844,474.59326171875,93.5448226928711
2023-07-21,189.28636169433594,130.0,118.9651107788086,145.05369567871094,291.6984558105469,335.823974609375,44.222843170166016,260.0199890136719,476.74859619140625,93.97904205322266
2023-07-24,190.08517456054688,128.8000030517578,120.46183776855469,147.90890502929688,289.07147216796875,337.1329650878906,44.52526092529297,269.05999755859375,478.7721862792969,95.45352172851562
2023-07-25,190.943115234375,129.1300048828125,121.1358642578125,146.80426025390625,291.9066162109375,342.8673095703125,45.59018325805664,265.2799987792969,480.889892578125,95.5982666015625
2023-07-26,191.81097412109375,128.14999389648438,128.13381958007812,147.6842498779297,295.9709167480469,329.962646484375,45.36362075805664,264.3500061035156,478.1321105957031,95.06453704833984
2023-07-27,190.54867553710938,128.25,128.26268005371094,146.0553436279297,308.9964904785156,323.07562255859375,45.810760498046875,255.7100067138672,475.5250244140625,95.3630599975586
2023-07-28,193.12258911132812,132.2100067138672,131.4147186279297,146.8885040283203,322.6466369628906,330.5487060546875,46.65909957885742,266.44000244140625,473.3414306640625,94.2232666015625
2023-07-31,193.73399353027344,133.67999267578125,131.55348205566406,147.87147521972656,315.8265380859375,328.15545654296875,46.638145446777344,267.42999267578125,476.5979919433594,97.00943756103516
2023-08-01,192.90562438964844,131.69000244140625,130.39376831054688,147.14126586914062,319.9007873535156,328.5657043457031,46.41657257080078,261.07000732421875,475.0638122558594,96.44859313964844
2023-08-02,189.91751098632812,128.2100067138672,127.25163269042969,145.47494506835938,311.57391357421875,319.9300231933594,44.18292999267578,254.11000061035156,475.1202392578125,95.24546813964844
2023-08-03,188.52700805664062,128.91000366210938,127.32100677490234,146.36427307128906,310.4636535644531,319.10943603515625,44.42844772338867,259.32000732421875,475.1767272949219,96.90089416503906
2023-08-04,179.4739227294922,139.57000732421875,126.98399353027344,146.0553436279297,308.0250549316406,320.2035827636719,44.5931282043457,253.86000061035156,473.1719970703125,97.1722640991211
2023-08-07,176.37733459472656,142.22000122070312,130.3739471435547,146.74807739257812,313.8042907714844,322.4797668457031,45.328697204589844,251.4499969482422,480.7110595703125,96.97325897216797
2023-08-08,177.31419372558594,139.94000244140625,130.24508666992188,145.92430114746094,309.9184875488281,318.51348876953125,44.5771598815918,249.6999969482422,476.11798095703125,97.45271301269531
2023-08-09,175.7264862060547,137.85000610351562,128.52035522460938,143.9677734375,302.5530700683594,314.7818298339844,42.47126007080078,242.19000244140625,472.58843994140625,99.10810852050781
2023-08-10,175.50949096679688,138.55999755859375,128.5501251220703,143.75244140625,303.0784912109375,315.4656677246094,42.30558776855469,245.33999633789062,473.8779296875,99.61469268798828
2023-08-11,175.5687255859375,138.41000366210938,128.42127990722656,144.58560180664062,299.0141906738281,313.5899963378906,40.77556610107422,242.64999389648438,478.1416015625,101.16157531738281
2023-08-14,177.2178955078125,140.57000732421875,130.17568969726562,144.88516235351562,303.52459716796875,316.5500183105469,43.66792297363281,239.75999450683594,480.889892578125,101.24296569824219
2023-08-15,175.23300170898438,137.6699981689453,128.63931274414062,141.19680786132812,299.32147216796875,314.4203186035156,43.85456848144531,232.9600067138672,476.8992004394531,98.64373016357422
2023-08-16,174.3639678955078,135.07000732421875,127.56880187988281,140.5977020263672,291.7281494140625,313.65679931640625,43.40144348144531,225.60000610351562,473.95318603515625,96.9838638305664
2023-08-17,171.82606506347656,133.97999572753906,128.77809143066406,139.1373291015625,282.6082763671875,310.21087646484375,43.25972366333008,219.22000122070312,464.9176025390625,98.86261749267578
2023-08-18,172.3099822998047,133.22000122070312,126.3397216796875,139.45562744140625,280.78424072265625,309.8193359375,43.21481704711914,215.49000549316406,469.13427734375,100.35832977294922
2023-08-21,173.64312744140625,134.67999267578125,127.24169921875,139.93304443359375,287.37640380859375,315.1056823730469,46.87567901611328,231.27999877929688,468.41888427734375,99.14533233642578
2023-08-22,175.01573181152344,134.25,127.94548797607422,137.03106689453125,285.09637451171875,315.6734924316406,45.57920455932617,233.19000244140625,463.392822265625,98.58899688720703
2023-08-23,178.85714721679688,135.52000427246094,131.20655822753906,137.95779418945312,291.6786193847656,320.1178894042969,47.02439880371094,236.86000061035156,460.6634216308594,97.72259521484375
2023-08-24,174.17637634277344,131.83999633789062,128.63931274414062,137.82672119140625,284.2538146972656,313.23577880859375,47.0713005065918,230.0399932861328,459.4021301269531,96.99298095703125
2023-08-25,176.3784942626953,133.25999450683594,128.73846435546875,137.65826416015625,283.0146484375,316.1825256347656,45.92852783203125,238.58999633789062,460.3622131347656,98.7258071899414
2023-08-28,177.9387664794922,133.13999938964844,129.8585205078125,138.1356658935547,287.7332763671875,316.88739013671875,46.74393844604492,238.82000732421875,462.39520263671875,99.55574798583984
2023-08-29,181.81964111328125,134.91000366210938,133.38722229003906,139.25901794433594,295.39593505859375,321.4982604980469,48.68915557861328,257.17999267578125,463.85406494140625,100.1485595703125
2023-08-30,185.30557250976562,135.07000732421875,134.68572998046875,138.69735717773438,292.5310974121094,321.8702087402344,49.16820526123047,256.8999938964844,462.6304931640625,101.1244125366211
2023-08-31,185.52279663085938,138.00999450683594,134.97315979003906,136.98422241210938,293.31427001953125,320.8619384765625,49.259037017822266,258.0799865722656,448.55950927734375,101.40713500976562
2023-09-01,187.09295654296875,138.1199951171875,134.4676513671875,137.44293212890625,293.7999572753906,321.7429504394531,48.41468811035156,245.00999450683594,448.2394714355469,103.5321273803711
2023-09-05,187.32997131347656,137.27000427246094,134.57669067382812,135.92640686035156,297.53717041015625,326.5299987792969,48.45361328125,256.489990234375,452.54083251953125,103.541259765625
2023-09-06,180.62478637695312,135.36000061035156,133.27818298339844,135.70175170898438,296.565673828125,325.8741149902344,46.97336959838867,251.9199981689453,448.8983459472656,104.4350357055664
2023-09-07,175.3415985107422,137.85000610351562,134.07115173339844,134.54095458984375,296.0699768066406,322.9667053222656,46.1548957824707,251.49000549316406,456.3055725097656,103.92430114746094
2023-09-08,175.953857421875,138.22999572753906,135.1813201904297,134.64389038085938,295.2968444824219,327.23492431640625,45.48714828491211,248.5,454.26470947265625,105.4382553100586
2023-09-11,177.11912536621094,143.10000610351562,135.71656799316406,135.23365783691406,304.8826599121094,330.8276672363281,45.093868255615234,273.5799865722656,452.9513244628906,104.11583709716797
2023-09-12,174.09739685058594,141.22999572753906,134.15045166015625,136.9935760498047,299.0340270996094,324.78753662109375,44.78644943237305,267.4800109863281,453.4426574707031,107.15283966064453
2023-09-13,172.03347778320312,144.85000610351562,135.5084228515625,137.05911254882812,302.4043884277344,328.9872741699219,45.400306701660156,271.29998779296875,453.38592529296875,106.19522857666016
2023-09-14,173.54437255859375,144.72000122070312,136.88619995117188,139.71774291992188,309.0064392089844,331.5716552734375,45.496124267578125,276.0400085449219,456.93865966796875,108.09221649169922
2023-09-15,172.82347106933594,140.38999938964844,136.19236755371094,139.3058624267578,297.6957702636719,323.2701416015625,43.81825256347656,274.3900146484375,459.8678283691406,106.43234252929688
2023-09-18,175.7465057373047,139.97999572753906,136.9952392578125,139.59603881835938,299.916259765625,322.1344909667969,43.88412857055664,265.2799987792969,459.2630920410156,107.28965759277344
2023-09-19,176.83277893066406,137.6300048828125,136.8267364501953,139.4181671142578,302.41436767578125,321.733154296875,43.438968658447266,266.5,454.1607666015625,107.00691986083984
2023-09-20,173.29751586914062,135.2899932861328,132.56454467773438,138.8284149169922,297.06134033203125,314.01904296875,42.16034698486328,262.5899963378906,464.9983825683594,106.15872955322266
2023-09-21,171.75697326660156,129.3300018310547,129.29351806640625,137.7425079345703,293.1556701660156,312.8050842285156,40.94062042236328,255.6999969482422,473.5116882324219,104.66303253173828
2023-09-22,172.60621643066406,129.1199951171875,129.10519409179688,136.42251586914062,296.4764404296875,310.33819580078125,41.53252029418945,244.8800048828125,478.1982421875,104.82720184326172
2023-09-25,173.88011169433594,131.27000427246094,129.95765686035156,137.0965576171875,298.21124267578125,310.85699462890625,42.14338302612305,246.99000549316406,482.1477355957031,106.00370025634766
2023-09-26,169.8115997314453,125.9800033569336,127.43994140625,135.67361450195312,296.3575134277344,305.5706787109375,41.83296203613281,244.1199951171875,477.5840759277344,106.1678695678711
2023-09-27,168.30072021484375,125.9800033569336,129.3926544189453,136.4693603515625,295.1481018066406,306.20697021484375,42.38892364501953,240.5,475.9588623046875,109.62440490722656
2023-09-28,168.5574493408203,125.9800033569336,131.14707946777344,138.1637725830078,301.31396484375,307.03912353515625,43.00876235961914,246.3800048828125,481.97772216796875,108.95863342285156
2023-09-29,169.07095336914062,127.12000274658203,129.70982360839844,135.75790405273438,297.59661865234375,309.10467529296875,43.41799545288086,250.22000122070312,476.3935241699219,107.23491668701172
2023-10-02,171.57920837402344,129.4600067138672,132.99073791503906,134.58773803710938,304.14910888671875,315.0273132324219,44.698612213134766,251.60000610351562,486.2012634277344,105.45649719238281
2023-10-03,170.24607849121094,124.72000122070312,131.26602172851562,133.59544372558594,298.3202819824219,306.7943420410156,43.435970306396484,246.52999877929688,481.3824768066406,105.63890075683594
2023-10-04,171.4903564453125,127.0,134.0513458251953,134.194580078125,302.9198303222656,312.24713134765625,43.9589958190918,261.1600036621094,482.4690246582031,101.68986511230469
2023-10-05,172.72471618652344,125.95999908447266,133.88284301757812,134.7603759765625,302.1368103027344,312.6386413574219,44.60478591918945,260.04998779296875,487.7697448730469,99.40069580078125
2023-10-06,175.27249145507812,127.95999908447266,136.37075805664062,136.83505249023438,312.68414306640625,320.3724060058594,45.676788330078125,260.5299987792969,495.876708984375,97.7408218383789
2023-10-09,176.75375366210938,128.25999450683594,137.20338439941406,136.5238494873047,315.588623046875,322.8785095214844,45.188690185546875,259.6700134277344,497.48284912109375,101.160888671875
2023-10-10,176.16123962402344,129.47999572753906,136.84652709960938,137.3537139892578,319.038330078125,321.47869873046875,45.71272277832031,263.6199951171875,495.3381042480469,100.73223876953125
2023-10-11,177.55364990234375,131.8300018310547,139.3146514892578,137.82525634765625,324.9662780761719,325.4238586425781,46.71883773803711,262.989990234375,495.2341613769531,97.12065124511719
2023-10-12,178.4522705078125,132.3300018310547,137.74856567382812,137.50462341308594,321.338134765625,324.19036865234375,46.85758590698242,258.8699951171875,496.56646728515625,97.10242462158203
2023-10-13,176.6155242919922,129.7899932861328,136.1527099609375,139.5699005126953,311.9505615234375,320.8325500488281,45.376346588134766,251.1199951171875,509.66241455078125,100.20327758789062
2023-10-16,176.4871368408203,132.5500030517578,137.87741088867188,139.42845153808594,318.3543395996094,325.6392517089844,46.0091667175293,253.9199981689453,508.36785888671875,100.27622985839844
2023-10-17,174.93673706054688,131.47000122070312,138.49195861816406,139.12664794921875,321.1795349121094,325.07135009765625,43.85618209838867,254.85000610351562,507.0638732910156,101.58954620361328
2023-10-18,173.64312744140625,128.1300048828125,136.74745178222656,137.59893798828125,314.2107238769531,323.16253662109375,42.11742401123047,242.67999267578125,506.5064697265625,103.01227569580078
2023-10-19,173.26788330078125,128.39999389648438,136.53927612304688,137.0142364501953,310.0869445800781,324.34698486328125,42.02260971069336,220.11000061035156,502.32073974609375,103.07613372802734
2023-10-20,170.72007751464844,125.16999816894531,134.40817260742188,134.8075408935547,305.96319580078125,319.79486083984375,41.3099365234375,211.99000549316406,497.97442626953125,101.30680847167969
2023-10-23,170.8385772705078,126.55999755859375,135.3002471923828,132.96859741210938,311.2765197753906,322.38909912109375,42.89497375488281,212.0800018310547,492.8152770996094,99.82023620605469
2023-10-24,171.27313232421875,128.55999755859375,137.58995056152344,133.12893676757812,309.8292236328125,323.5735778808594,43.58169174194336,216.52000427246094,496.0563049316406,98.85350036621094
2023-10-25,168.96234130859375,121.38999938964844,124.50598907470703,132.40280151367188,296.9225158691406,333.500244140625,41.701202392578125,212.4199981689453,500.97900390625,99.035888671875
2023-10-26,164.804931640625,119.56999969482422,121.20523071289062,132.74224853515625,285.83984375,320.98919677734375,40.25090789794922,205.75999450683594,499.23101806640625,98.13300323486328
2023-10-27,166.11831665039062,127.73999786376953,121.0962142944336,127.96107482910156,294.14697265625,322.8688049316406,40.424583435058594,207.3000030517578,495.73504638671875,96.26335906982422
2023-10-30,168.16246032714844,132.7100067138672,123.36608123779297,129.592529296875,300.02532958984375,330.2109680175781,41.084354400634766,197.36000061035156,500.77117919921875,96.5643310546875
2023-10-31,168.636474609375,133.08999633789062,122.98942565917969,131.13909912109375,298.64739990234375,330.9940185546875,40.704063415527344,200.83999633789062,506.0339660644531,96.5369644165039
2023-11-01,171.79649353027344,137.0,125.33858489990234,131.0259246826172,309.13531494140625,338.78656005859375,42.246185302734375,205.66000366210938,502.29241943359375,96.3454360961914
2023-11-02,175.3514862060547,138.07000732421875,126.36945343017578,133.3646697998047,308.1638488769531,340.9892272949219,43.42498779296875,218.50999450683594,506.57269287109375,99.51014709472656
2023-11-03,174.4429931640625,138.60000610351562,127.96528625488281,134.85472106933594,311.86138916015625,345.3749084472656,44.921199798583984,219.9600067138672,501.6309814453125,98.29715728759766
2023-11-06,176.99075317382812,139.74000549316406,129.10519409179688,135.8731689453125,313.0509338378906,349.0263977050781,45.665809631347656,219.27000427246094,504.0498352050781,96.55522155761719
2023-11-07,179.5484161376953,142.7100067138672,129.8188934326172,135.80715942382812,316.0447082519531,352.9422302246094,45.86943435668945,222.17999267578125,508.1788635253906,95.041259765625
2023-11-08,180.60504150390625,142.0800018310547,130.6812286376953,136.4767303466797,316.99627685546875,355.5560607910156,46.487274169921875,222.11000061035156,507.1395263671875,93.87388610839844
2023-11-09,180.13104248046875,140.60000610351562,129.0952911376953,136.07119750976562,317.7595520019531,353.0988464355469,46.862579345703125,209.97999572753906,509.2842712402344,93.9012451171875
2023-11-10,184.31365966796875,143.55999755859375,131.4246368408203,138.0893096923828,325.907958984375,361.889892578125,48.244998931884766,214.64999389648438,511.3725891113281,94.62173461914062
2023-11-13,182.7315673828125,142.58999633789062,130.92901611328125,137.47634887695312,326.3243713378906,358.9627380371094,48.52946090698242,223.7100067138672,512.6576538085938,95.61582946777344
2023-11-14,185.342041015625,145.8000030517578,132.445556640625,139.98483276367188,333.3823547363281,362.4772644042969,49.563533782958984,237.41000366210938,510.6639709472656,95.98397064208984
2023-11-15,185.90567016601562,143.1999969482422,133.43675231933594,141.21078491210938,329.8137512207031,362.6243896484375,48.79697036743164,242.83999633789062,508.72698974609375,95.40415954589844
2023-11-16,187.58665466308594,142.8300018310547,135.72645568847656,142.8233642578125,331.28082275390625,369.0005187988281,49.38786315917969,233.58999633789062,510.05926513671875,94.29972839355469
2023-11-17,187.5668487548828,145.17999267578125,134.1207275390625,144.11534118652344,332.1234436035156,362.80096435546875,49.20621109008789,234.3000030517578,506.7237854003906,96.6006088256836
2023-11-20,189.30715942382812,146.1300048828125,135.05247497558594,144.5585479736328,337.01055908203125,370.2463073730469,50.31513214111328,235.60000610351562,505.5993957519531,96.17726135253906
2023-11-21,188.50624084472656,143.89999389648438,135.76612854003906,144.2567596435547,334.0465087890625,365.9595642089844,49.85100555419922,241.1999969482422,509.842041015625,96.14043426513672
2023-11-22,189.16873168945312,146.7100067138672,137.2727813720703,144.59629821777344,338.51727294921875,370.6484375,48.625282287597656,234.2100067138672,513.7820434570312,95.72628021240234
2023-11-24,187.84371948242188,146.74000549316406,135.4885711669922,144.79432678222656,335.2856750488281,370.2364807128906,47.68703842163086,235.4499969482422,516.937744140625,96.2416763305664
2023-11-27,187.6657257080078,147.72999572753906,135.21104431152344,144.46426391601562,331.7864074707031,371.3940124511719,48.15217208862305,236.0800018310547,513.6213989257812,95.68025207519531
2023-11-28,188.2689208984375,147.02999877929688,135.99412536621094,144.79432678222656,336.0390625,375.4060974121094,47.73194885253906,246.72000122070312,510.7301025390625,95.62503051757812
2023-11-29,187.2504425048828,146.32000732421875,133.8035430908203,145.52992248535156,329.3081970214844,371.6294250488281,48.050357818603516,244.13999938964844,505.4859619140625,94.18928527832031
2023-11-30,187.82395935058594,146.08999633789062,131.36514282226562,147.1896514892578,324.3021240234375,371.68829345703125,46.68291091918945,240.0800018310547,522.4841918945312,94.55741882324219
2023-12-01,189.09954833984375,147.02999877929688,130.70103454589844,147.9063262939453,321.992431640625,367.3721923828125,46.677921295166016,238.8300018310547,518.75830078125,94.78751373291016
2023-12-04,187.30975341796875,144.83999633789062,128.13381958007812,148.99085998535156,317.23419189453125,362.1044921875,45.42524719238281,235.5800018310547,519.8201904296875,94.2721176147461
2023-12-05,191.25511169433594,146.8800048828125,129.83871459960938,148.97201538085938,315.519287109375,365.4200439453125,46.48337173461914,238.72000122070312,521.697265625,92.44061279296875
2023-12-06,190.1674346923828,144.52000427246094,128.87721252441406,147.40655517578125,314.6865539550781,361.7709655761719,45.422264099121094,239.3699951171875,521.0051879882812,91.21652221679688
2023-12-07,192.09561157226562,146.8800048828125,135.72645568847656,147.8592071533203,323.74700927734375,363.8800354003906,46.51332092285156,242.63999938964844,519.8106689453125,90.58148956298828
2023-12-08,193.5194854736328,147.4199981689453,133.8035430908203,149.49066162109375,329.8533935546875,367.0975036621094,47.42171096801758,243.83999633789062,521.2327880859375,91.62149810791016
2023-12-11,191.01779174804688,145.88999938964844,132.11846923828125,150.03761291503906,322.4483642578125,364.2232666015625,46.544273376464844,239.74000549316406,515.4588623046875,91.68589782714844
2023-12-12,192.5306854248047,147.47999572753906,131.35525512695312,151.37673950195312,331.31060791015625,367.2445983886719,47.572444915771484,237.00999450683594,517.3929443359375,90.24095916748047
2023-12-13,195.7443084716797,148.83999633789062,131.40478515625,151.88597106933594,331.8260498046875,367.2348327636719,48.00267791748047,239.2899932861328,520.5123291015625,91.04166412353516
2023-12-14,195.8926239013672,147.4199981689453,130.78030395507812,154.64907836914062,330.2697448730469,358.9556884765625,48.26420593261719,251.0500030517578,506.5089416503906,93.48981475830078
2023-12-15,195.35865783691406,149.97000122070312,131.43453979492188,155.81846618652344,332.0044860839844,363.6642150878906,48.803253173828125,253.5,503.5508728027344,92.86396026611328
2023-12-18,193.6974639892578,154.07000732421875,134.60641479492188,156.76148986816406,341.6199951171875,365.5475158691406,49.9881477355957,252.0800018310547,499.2181091308594,93.55423736572266
2023-12-19,194.73573303222656,153.7899932861328,135.44894409179688,158.85504150390625,347.3100891113281,366.1459655761719,49.5159797668457,257.2200012207031,496.8383483886719,94.78751373291016
2023-12-20,192.64932250976562,152.1199951171875,137.12408447265625,157.0632781982422,346.2394714355469,363.5562744140625,48.025638580322266,247.13999938964844,489.1492919921875,93.2044906616211
2023-12-21,192.5009765625,153.83999633789062,139.18580627441406,157.95916748046875,351.00762939453125,366.4206237792969,48.903079986572266,254.5,492.8943176269531,93.62788391113281
2023-12-22,191.43310546875,153.4199981689453,140.24639892578125,157.8648681640625,350.313720703125,367.44073486328125,48.74336242675781,252.5399932861328,493.3019714355469,93.79353332519531
2023-12-26,190.88925170898438,153.41000366210938,140.2761688232422,158.7984619140625,351.74114990234375,367.5192565917969,49.191566467285156,256.6099853515625,493.0365905761719,94.00521850585938
2023-12-27,190.98812866210938,153.33999633789062,139.13624572753906,159.7509307861328,354.7149658203125,366.94049072265625,49.329315185546875,261.44000244140625,495.6532287597656,93.56344604492188
2023-12-28,191.413330078125,153.3800048828125,138.99745178222656,160.59967041015625,355.2008056640625,368.1274719238281,49.43413162231445,253.17999267578125,497.6536560058594,92.21051788330078
2023-12-29,190.37506103515625,151.94000244140625,138.46224975585938,160.41107177734375,350.8787536621094,368.87298583984375,49.43413162231445,248.47999572753906,499.14215087890625,92.01725006103516
2024-01-02,183.5621795654297,149.92999267578125,136.95559692382812,162.27830505371094,343.2755126953125,363.801513671875,48.08253479003906,248.4199981689453,511.3442687988281,94.20768737792969
2024-01-03,182.187744140625,148.47000122070312,137.69898986816406,161.5709991455078,341.4713439941406,363.53662109375,47.484596252441406,238.4499969482422,513.8946533203125,94.99920654296875
2024-01-04,179.87393188476562,144.57000732421875,135.1912384033203,162.6431884765625,344.0982360839844,360.9273681640625,47.912837982177734,237.92999267578125,517.1085815429688,94.17088317871094
2024-01-05,179.15208435058594,145.24000549316406,134.53701782226562,163.45924377441406,348.8862609863281,360.740966796875,49.009883880615234,237.49000549316406,509.4859924316406,94.45618438720703
2024-01-08,183.4830780029297,149.10000610351562,137.61968994140625,163.22201538085938,355.53778076171875,367.5486755371094,52.1602783203125,240.4499969482422,508.6705322265625,92.88236999511719
2024-01-09,183.06777954101562,151.3699951171875,139.71115112304688,161.9315643310547,354.3185119628906,368.62774658203125,53.045711517333984,234.9600067138672,510.42462158203125,91.73192596435547
2024-01-10,184.1060333251953,153.72999572753906,141.02944946289062,162.27317810058594,367.2450256347656,375.47467041015625,54.253562927246094,233.94000244140625,509.73236083984375,90.82999420166016
2024-01-11,183.5127410888672,155.17999267578125,140.8312225341797,161.5899658203125,366.4520568847656,377.2992248535156,54.724727630615234,227.22000122070312,511.66650390625,90.81156158447266
2024-01-12,183.83905029296875,154.6199951171875,141.396240234375,160.40391540527344,371.2300109863281,381.0660705566406,54.6129264831543,218.88999938964844,494.4396667480469,91.98963165283203
2024-01-16,181.5746612548828,153.16000366210938,141.2376251220703,159.3981475830078,364.26116943359375,382.8316955566406,56.281959533691406,219.91000366210938,492.2021789550781,89.90962219238281
2024-01-17,180.63528442382812,151.7100067138672,140.22659301757812,158.54415893554688,365.1632995605469,382.0470275878906,55.953548431396484,215.5500030517578,497.691650390625,89.25617980957031
2024-01-18,186.5187225341797,153.5,142.21890258789062,158.85728454589844,372.855712890625,386.36309814453125,57.00566864013672,211.8800048828125,489.5380859375,89.09050750732422
2024-01-19,189.41590881347656,155.33999633789062,145.0934295654297,161.5994873046875,380.1120300292969,391.07171630859375,59.38544845581055,212.19000244140625,477.42144775390625,89.22856140136719
2024-01-22,191.71983337402344,154.77999877929688,144.70684814453125,161.40969848632812,378.4565734863281,388.95281982421875,59.54815673828125,208.8000030517578,486.3619689941406,89.10891723632812
2024-01-23,192.99539184570312,156.02000427246094,145.7476348876953,160.3469696044922,381.84686279296875,391.2972412109375,59.76676559448242,209.13999938964844,488.7605895996094,90.11210632324219
2024-01-24,192.32301330566406,156.8699951171875,147.39305114746094,161.77976989746094,387.2989196777344,394.8875427246094,61.25312805175781,207.8300018310547,486.5894470214844,91.6675033569336
2024-01-25,191.99673461914062,157.75,150.53514099121094,164.094970703125,389.75732421875,397.15350341796875,61.50767135620117,182.6300048828125,467.788818359375,93.99600982666016
2024-01-26,190.26629638671875,159.1199951171875,150.8523712158203,163.46873474121094,390.708984375,396.23138427734375,60.92271041870117,183.25,477.0801086425781,94.79671478271484
2024-01-29,189.58404541015625,161.25999450683594,152.16075134277344,163.89572143554688,397.529052734375,401.9110412597656,62.35416030883789,190.92999267578125,478.35052490234375,94.91637420654297
2024-01-30,185.93533325195312,159.0,150.1287841796875,167.2546844482422,396.5774230957031,400.8025817871094,62.66261291503906,191.58999633789062,477.4687805175781,96.49938201904297
2024-01-31,182.3360595703125,155.1999969482422,138.86863708496094,165.4423370361328,386.7438049316406,390.0024108886719,61.4178352355957,187.2899932861328,485.17681884765625,94.62185668945312
2024-02-01,184.7685546875,159.27999877929688,139.9193115234375,164.84454345703125,391.3433837890625,396.08428955078125,62.91516876220703,188.86000061035156,480.8155517578125,94.23530578613281
2024-02-02,183.76983642578125,171.80999755859375,141.12857055664062,165.79339599609375,470.8551330566406,403.3824462890625,66.04261779785156,187.91000366210938,483.74517822265625,93.8487548828125
2024-02-05,185.57936096191406,170.30999755859375,142.4171600341797,165.5751953125,455.41082763671875,397.9186096191406,69.20897674560547,181.05999755859375,476.8525695800781,93.46220397949219
2024-02-06,187.1812286376953,169.14999389648438,142.83346557617188,166.1444854736328,450.7615966796875,397.7616882324219,68.1019515991211,185.10000610351562,484.1623840332031,94.1064453125
2024-02-07,187.29000854492188,170.52999877929688,144.26080322265625,166.45761108398438,465.5021667480469,406.1585388183594,69.97461700439453,187.5800018310547,492.4296875,94.07884979248047
2024-02-08,186.2122039794922,169.83999633789062,144.62754821777344,165.8598175048828,465.9085388183594,406.2173767089844,69.5174331665039,189.55999755859375,493.0933837890625,95.68946075439453
2024-02-09,186.9745330810547,174.4499969482422,147.69039916992188,166.05908203125,464.0350036621094,412.53460693359375,72.00501251220703,193.57000732421875,491.3204040527344,93.6646728515625
2024-02-12,185.2914276123047,172.33999633789062,146.23330688476562,166.7991943359375,464.8181457519531,407.34552001953125,72.11980438232422,188.1300048828125,490.77056884765625,94.95318603515625
2024-02-13,183.20236206054688,168.63999938964844,143.8643341064453,165.3474578857422,456.1145935058594,398.5758972167969,72.00003051757812,184.02000427246094,490.0215759277344,94.1357421875
2024-02-14,182.3212127685547,170.97999572753906,144.6573028564453,167.0269317626953,469.1600646972656,402.42822265625,73.76887512207031,188.7100067138672,490.1068420410156,93.67127990722656
2024-02-15,182.0341033935547,169.8000030517578,141.51516723632812,170.6705322265625,479.8164367675781,399.5487365722656,72.52908325195312,200.4499969482422,493.8424072265625,96.35584259033203
2024-02-16,180.49949645996094,169.50999450683594,139.284912109375,169.8734893798828,469.19970703125,397.0919494628906,72.4841537475586,199.9499969482422,494.4775695800781,96.35584259033203
2024-02-20,179.7569580078125,167.0800018310547,139.879638671875,170.5376739501953,467.6433410644531,395.84381103515625,69.32877349853516,193.75999450683594,494.0129699707031,95.44548797607422
2024-02-21,180.50938415527344,168.58999633789062,141.2970733642578,171.64785766601562,464.447998046875,395.2442932128906,67.352294921875,194.77000427246094,494.875732421875,97.3962173461914
2024-02-22,182.53900146484375,174.5800018310547,142.82354736328125,173.70684814453125,482.4094543457031,404.551025390625,78.39866638183594,197.41000366210938,499.1706237792969,97.31260681152344
2024-02-23,180.70742797851562,174.99000549316406,142.69468688964844,174.57980346679688,480.3255310058594,403.2635803222656,78.67715454101562,191.97000122070312,499.8721923828125,96.45801544189453
2024-02-26,179.36094665527344,174.72999572753906,136.3608856201172,173.98204040527344,478.0531005859375,400.5118713378906,78.95166778564453,199.39999389648438,498.0519714355469,96.83885955810547
2024-02-27,180.81631469726562,173.5399932861328,137.6593475341797,174.0674285888672,483.32244873046875,400.452880859375,78.56136322021484,199.72999572753906,486.76953125,96.63450622558594
2024-02-28,179.61831665039062,173.16000366210938,135.1813201904297,174.9498748779297,480.315673828125,400.6888122558594,77.52519989013672,202.0399932861328,472.41552734375,96.90389251708984
2024-02-29,178.95498657226562,176.75999450683594,137.2430419921875,176.5439453125,486.3788757324219,406.5067443847656,78.97162628173828,201.8800048828125,467.9784240722656,97.08966827392578
2024-03-01,177.8758087158203,178.22000122070312,135.9346466064453,175.81332397460938,498.4556884765625,408.3346252441406,82.13301086425781,202.63999938964844,464.11962890625,98.31583404541016
2024-03-04,173.36111450195312,177.5800018310547,132.17794799804688,177.13223266601562,494.3772277832031,407.7646484375,85.08575439453125,188.13999938964844,456.8572998046875,96.94104766845703
2024-03-05,168.4305419921875,174.1199951171875,131.50390625,178.90660095214844,486.4681701660156,395.70623779296875,85.81550598144531,180.74000549316406,448.5898742675781,98.13004302978516
2024-03-06,167.44049072265625,173.50999450683594,130.24508666992188,179.83648681640625,492.2932434082031,395.1558837890625,88.54676818847656,176.5399932861328,448.0685119628906,99.17971801757812
2024-03-07,167.32167053222656,176.82000732421875,133.19886779785156,178.26138305664062,508.27001953125,402.08428955078125,92.50891876220703,178.64999389648438,453.9277038574219,99.737060546875
2024-03-08,169.03448486328125,175.35000610351562,134.2198486328125,178.5934600830078,502.0777893066406,399.2146301269531,87.37679290771484,175.33999633789062,453.61358642578125,100.67526245117188
2024-03-11,171.034423828125,171.9600067138672,136.45997619628906,178.65989685058594,479.888916015625,397.5439758300781,85.62583923339844,177.77000427246094,465.58758544921875,101.26976776123047
2024-03-12,171.5096435546875,175.38999938964844,137.2826690673828,180.13059997558594,495.92523193359375,408.1183776855469,91.75422668457031,177.5399932861328,465.7779846191406,100.61952209472656
2024-03-13,169.43051147460938,176.55999755859375,138.5613250732422,181.59182739257812,491.7772521972656,407.9414978027344,90.73098754882812,169.47999572753906,464.49298095703125,101.74349975585938
2024-03-14,171.28195190429688,178.75,141.84225463867188,178.3562469482422,488.0657958984375,417.8869934082031,87.79206848144531,162.5,465.4448547363281,103.54560089111328
2024-03-15,170.90573120117188,174.4199981689453,139.93910217285156,180.56710815429688,480.3950500488281,409.2387390136719,87.68526458740234,163.57000732421875,467.17718505859375,103.35981750488281
2024-03-18,171.99481201171875,174.47999572753906,146.38198852539062,182.806396484375,493.17645263671875,410.12322998046875,88.30220031738281,173.8000030517578,463.5887451171875,104.31659698486328
2024-03-19,174.33135986328125,175.89999389648438,145.73768615722656,183.87857055664062,492.44207763671875,414.1426696777344,89.24357604980469,171.32000732421875,469.5567321777344,105.05042266845703
2024-03-20,176.89561462402344,178.14999389648438,147.4326934814453,186.2886962890625,501.6510925292969,417.8968200683594,90.21588134765625,175.66000366210938,470.42291259765625,104.95751953125
2024-03-21,169.6681365966797,178.14999389648438,146.30270385742188,188.87905883789062,503.87396240234375,421.9654235839844,91.27703094482422,172.82000732421875,468.0052185058594,105.42198944091797
2024-03-22,170.56907653808594,178.8699951171875,149.44483947753906,186.5638427734375,505.6800231933594,421.3463134765625,94.12611389160156,170.8300018310547,466.4632873535156,105.42198944091797
2024-03-25,169.1533203125,179.7100067138672,148.75100708007812,184.8559112548828,499.1701965332031,415.56768798828125,94.83787536621094,172.6300048828125,462.4751281738281,106.49951934814453
2024-03-26,168.02462768554688,178.3000030517578,149.34571838378906,185.7193603515625,492.0948181152344,414.3785095214844,92.4011001586914,177.6699981689453,468.5953674316406,105.7006607055664
2024-03-27,171.5888671875,179.8300018310547,149.54396057128906,189.31556701660156,490.0802917480469,414.162353515625,90.0940933227539,179.8300018310547,469.3473205566406,106.7967758178711
2024-03-28,169.7770233154297,180.3800048828125,149.60340881347656,190.0556640625,481.86370849609375,413.464599609375,90.19990539550781,175.7899932861328,470.8702392578125,107.97648620605469
2024-04-01,168.3414306640625,180.97000122070312,154.1233673095703,188.7651824951172,487.5895080566406,417.2481994628906,90.20689392089844,175.22000122070312,466.11114501953125,108.67316436767578
2024-04-02,167.16326904296875,180.69000244140625,153.20152282714844,188.68930053710938,493.5634765625,414.172119140625,89.29747772216797,166.6300048828125,436.0713806152344,110.80037689208984
2024-04-03,167.96522521972656,182.41000366210938,153.55836486816406,188.15792846679688,502.8617858886719,413.1992492675781,88.81031799316406,168.3800048828125,437.59423828125,110.81896209716797
2024-04-04,167.14346313476562,180.0,149.20693969726562,186.72630310058594,507.00970458984375,410.673583984375,85.756591796875,171.11000061035156,433.4443054199219,111.20909881591797
2024-04-05,167.8959197998047,185.07000732421875,151.15963745117188,188.44422912597656,523.3041381835938,418.1817932128906,87.8559799194336,164.89999389648438,433.7869873046875,112.74181365966797
2024-04-08,166.7771453857422,185.19000244140625,153.48898315429688,189.42726135253906,515.2759399414062,417.2679138183594,86.98246765136719,172.97999572753906,434.03448486328125,111.98009490966797
2024-04-09,167.98501586914062,185.6699981689453,155.22360229492188,188.1579132080078,512.9439697265625,418.9287414550781,85.20654296875,176.8800048828125,437.57525634765625,112.56531524658203
2024-04-10,166.11376953125,185.9499969482422,154.76763916015625,186.5545654296875,515.8516235351562,415.9608459472656,86.8886489868164,171.75999450683594,428.3710021972656,113.51278686523438
2024-04-11,173.3016815185547,189.0500030517578,158.00889587402344,186.51637268066406,519.156005859375,420.5502014160156,90.45946502685547,174.60000610351562,420.44232177734375,113.1319580078125
2024-04-12,174.7967071533203,186.1300048828125,156.34368896484375,174.452880859375,507.9823303222656,414.62420654296875,88.03366088867188,171.0500030517578,418.0437316894531,111.8128890991211
2024-04-15,170.9750213623047,183.6199951171875,153.49888610839844,174.54833984375,496.40155029296875,406.5067443847656,85.8524169921875,161.47999572753906,424.1639709472656,111.17194366455078
2024-04-16,167.69790649414062,183.32000732421875,153.0429229736328,172.55364990234375,495.9351501464844,407.4305114746094,87.26399230957031,157.11000061035156,446.303466796875,110.25232696533203
2024-04-17,166.33160400390625,181.27999877929688,154.10353088378906,171.8665008544922,490.387939453125,404.73773193359375,83.88982391357422,155.4499969482422,455.9169921875,110.19658660888672
2024-04-18,165.38113403320312,179.22000122070312,154.63877868652344,172.983154296875,497.9595642089844,397.29827880859375,84.52472686767578,149.92999267578125,469.4234313964844,110.09440612792969
2024-04-19,163.36138916015625,174.6300048828125,152.7356414794922,177.32559204101562,477.38818359375,392.2370910644531,76.06836700439453,147.0500030517578,476.9905090332031,111.35772705078125
2024-04-22,164.19302368164062,177.22999572753906,154.9064178466797,180.7709503173828,478.0431823730469,394.0453186035156,79.38063049316406,142.0500030517578,467.5674133300781,111.9893798828125
2024-04-23,165.24252319335938,179.5399932861328,156.8690185546875,183.37644958496094,492.3031921386719,400.5413818359375,82.2806167602539,144.67999267578125,462.7606506347656,112.42597198486328
2024-04-24,167.34149169921875,176.58999633789062,157.7313690185547,184.2735595703125,489.7230529785156,402.005615234375,79.53936767578125,162.1300048828125,463.8266906738281,112.44454193115234
2024-04-25,168.2028350830078,173.6699981689453,154.62889099121094,184.55032348632812,438.0019836425781,392.15850830078125,82.48925018310547,170.17999267578125,470.0706787109375,112.70464324951172
2024-04-26,167.61871337890625,179.6199951171875,170.4386749267578,184.6648406982422,439.8973693847656,399.31292724609375,87.58345794677734,168.2899932861328,471.4889831542969,109.57421112060547
2024-04-29,171.77696228027344,180.9600067138672,164.6896514892578,184.46441650390625,429.3089904785156,395.3131103515625,87.60541534423828,194.0500030517578,465.473388671875,111.13478088378906
2024-04-30,168.63844299316406,175.0,161.34927368164062,182.99468994140625,426.8778076171875,382.6159362792969,86.25274658203125,183.27999877929688,460.40008544921875,109.86217498779297
2024-05-01,167.61871337890625,179.0,162.41981506347656,183.10919189453125,435.8287048339844,388.1291809082031,82.89753723144531,179.99000549316406,460.7903747558594,107.78141784667969
2024-05-02,171.31166076660156,184.72000122070312,165.15553283691406,182.91831970214844,438.2997131347656,390.97918701171875,85.66874694824219,180.00999450683594,469.2236022949219,107.97648620605469
2024-05-03,181.55885314941406,186.2100067138672,165.77008056640625,181.82080078125,448.5010070800781,399.64703369140625,88.63561248779297,181.19000244140625,468.7286682128906,107.75355529785156
2024-05-06,179.90545654296875,188.6999969482422,166.62252807617188,183.24281311035156,462.1159973144531,406.4084167480469,91.98082733154297,184.75999450683594,470.565673828125,108.45024871826172
2024-05-07,180.5885772705078,188.75999450683594,169.74481201171875,183.0042266845703,464.6563720703125,402.28082275390625,90.39756774902344,177.80999755859375,476.82867431640625,107.9114761352539
2024-05-08,180.92523193359375,188.0,167.8912811279297,186.72630310058594,468.9830627441406,403.4601745605469,90.25582122802734,174.72000122070312,478.9703674316406,107.89287567138672
2024-05-09,182.73704528808594,189.5,168.4661865234375,188.491943359375,471.78143310546875,405.2094421386719,88.59369659423828,171.97000122070312,482.6063232421875,110.02010345458984
2024-05-10,181.4779510498047,187.47999572753906,167.16769409179688,189.7040557861328,472.55548095703125,407.58770751953125,89.72272491455078,168.47000122070312,488.10791015625,109.57421112060547
2024-05-13,184.68020629882812,186.57000732421875,167.6533966064453,189.66586303710938,464.4281921386719,406.5853271484375,90.24284362792969,171.88999938964844,487.0894775390625,109.52777099609375
2024-05-14,185.82032775878906,187.07000732421875,168.84283447265625,192.31907653808594,468.23883056640625,409.3763427734375,91.19818115234375,177.5500030517578,489.1263732910156,110.19265747070312
2024-05-15,188.0906982421875,185.99000549316406,170.99374389648438,192.89170837402344,477.8546447753906,416.5338134765625,94.46652221679688,173.99000549316406,492.6195068359375,111.04483795166016
2024-05-16,188.20962524414062,183.6300048828125,172.64907836914062,193.2352752685547,469.60821533203125,414.47613525390625,94.19599914550781,174.83999633789062,496.1603698730469,110.37994384765625
2024-05-17,188.23939514160156,184.6999969482422,174.51254272460938,195.44944763183594,468.2983093261719,413.7082824707031,92.31924438476562,177.4600067138672,499.3584899902344,112.0374755859375
2024-05-20,189.39932250976562,183.5399932861328,175.36500549316406,186.65953063964844,465.2518005371094,418.7588806152344,94.61627197265625,174.9499969482422,492.31494140625,111.12910461425781
2024-05-21,190.69810485839844,183.14999389648438,176.28683471679688,190.41986083984375,461.0740051269531,422.4016418457031,95.2212142944336,186.60000610351562,498.33050537109375,110.3612060546875
2024-05-22,189.26055908203125,183.1300048828125,174.8297576904297,189.2650146484375,464.199951171875,423.8587341308594,94.78597259521484,180.11000061035156,496.2364807128906,108.14183044433594
2024-05-23,185.27505493164062,181.0500030517578,172.0246124267578,187.9384307861328,462.21527099609375,420.3931884765625,103.61970520019531,173.74000549316406,491.9342346191406,106.2969970703125
2024-05-24,188.3484344482422,180.75,173.45199584960938,191.55555725097656,474.56005859375,423.50433349609375,106.28507232666016,179.24000549316406,483.69140625,106.21271514892578
2024-05-28,188.3583526611328,182.14999389648438,174.8495635986328,190.40074157714844,476.2470397949219,423.6618347167969,113.70423889160156,176.75,479.4176940917969,107.56123352050781
2024-05-29,188.65577697753906,182.02000427246094,174.35397338867188,189.07411193847656,470.7295227050781,422.5296630859375,114.62664031982422,176.19000244140625,461.3710021972656,106.40937805175781
2024-05-30,189.64718627929688,179.32000732421875,170.5972900390625,190.2384796142578,463.4754638671875,408.2539978027344,110.30911254882812,178.7899932861328,458.4488830566406,106.74649810791016
2024-05-31,190.5989532470703,176.44000244140625,170.9838409423828,193.3879852294922,463.2571716308594,408.7069091796875,109.44361877441406,178.0800018310547,471.5079650878906,109.80870819091797
2024-06-03,192.36363220214844,178.33999633789062,171.64791870117188,192.61492919921875,473.8356018066406,407.1217956542969,114.80134582519531,176.2899932861328,473.4783020019531,107.17726135253906
2024-06-04,192.68092346191406,179.33999633789062,172.2624969482422,190.07623291015625,473.3394470214844,409.63232421875,116.23584747314453,174.77000427246094,481.14044189453125,105.5103759765625
2024-06-05,194.18783569335938,181.27999877929688,173.86825561523438,188.2628936767578,491.27117919921875,417.4494934082031,122.22848510742188,175.0,478.8846740722656,105.93177795410156
2024-06-06,192.80979919433594,185.0,175.17666625976562,187.92889404296875,489.9810791015625,417.9515686035156,120.7889633178711,177.94000244140625,477.74249267578125,106.727783203125
2024-06-07,195.19908142089844,184.3000030517578,172.92662048339844,190.83021545410156,489.1871643066406,417.29193115234375,120.67916870117188,177.47999572753906,467.05340576171875,105.5853042602539
2024-06-10,191.4614715576172,187.05999755859375,173.67086791992188,190.5057373046875,498.75347900390625,421.24969482421875,121.57958984375,173.7899932861328,471.15576171875,105.89431762695312
2024-06-11,205.37098693847656,187.22999572753906,175.2685546875,185.49517822265625,503.5860900878906,425.9853210449219,120.71104431152344,170.66000366210938,472.3170471191406,105.04216766357422
2024-06-12,211.24014282226562,186.88999938964844,176.4296112060547,182.79425048828125,504.9457092285156,434.23565673828125,124.99397277832031,177.2899932861328,469.31878662109375,103.88095092773438
2024-06-13,212.40008544921875,183.8300018310547,173.8197479248047,184.82711791992188,500.2419738769531,434.7475891113281,129.396728515625,182.47000122070312,473.344970703125,103.04749298095703
2024-06-14,210.6651153564453,183.66000366210938,175.43727111816406,184.941650390625,500.79827880859375,435.7222900390625,131.6630096435547,178.00999450683594,473.1737060546875,102.17660522460938
2024-06-17,214.80921936035156,184.05999755859375,175.88381958007812,186.08688354492188,503.2517395019531,441.4324951171875,130.7644805908203,187.44000244140625,467.63922119140625,101.4742660522461
2024-06-18,212.4496612548828,182.80999755859375,173.75025939941406,188.0147705078125,496.1593322753906,439.4339599609375,135.35690307617188,184.86000061035156,459.8202209472656,102.429443359375
2024-06-20,207.8792724609375,186.10000610351562,174.9510040283203,189.60858154296875,498.3546447753906,438.8039245605469,130.56480407714844,181.57000732421875,463.1370849609375,104.63947296142578
2024-06-21,205.7080841064453,189.0800018310547,178.25555419921875,187.34671020507812,491.4807434082031,442.82073974609375,126.36173248291016,183.00999450683594,461.2922668457031,103.72174835205078
2024-06-24,206.35247802734375,185.57000732421875,177.84864807128906,189.8090057373047,495.5832214355469,440.7433776855469,117.91564178466797,182.5800018310547,468.3561096191406,106.80269622802734
2024-06-25,207.27450561523438,186.33999633789062,182.62184143066406,189.0359649658203,507.1952819824219,443.97265625,125.88251495361328,187.35000610351562,463.1179504394531,107.10234832763672
2024-06-26,211.41859436035156,193.61000061035156,182.4730224609375,188.42514038085938,509.6984558105469,445.1639099121094,126.1920166015625,196.3699951171875,462.67828369140625,107.13980865478516
2024-06-27,212.26129150390625,197.85000610351562,183.99130249023438,190.08578491210938,516.095458984375,445.84326171875,123.78596496582031,197.4199981689453,464.97235107421875,107.59867858886719
2024-06-28,208.81117248535156,193.25,180.75624084472656,193.03485107421875,500.8578186035156,440.0345458984375,123.33671569824219,197.8800048828125,486.7852478027344,107.80470275878906
2024-07-01,214.88851928710938,197.1999969482422,181.58982849121094,196.07936096191406,501.3147277832031,449.6631774902344,124.09546661376953,209.86000061035156,472.82000732421875,107.65486907958984
2024-07-02,218.37831115722656,200.0,183.82261657714844,199.30520629882812,506.1026611328125,452.17376708984375,122.46814727783203,231.25999450683594,476.2515869140625,106.92443084716797
2024-07-03,219.64730834960938,197.58999633789062,184.3981475830078,199.1715545654297,506.55950927734375,453.640625,128.0689239501953,246.38999938964844,468.27008056640625,107.46757507324219
2024-07-05,224.39614868164062,200.0,189.1416015625,196.53245544433594,536.309814453125,460.32562255859375,125.6229476928711,251.52000427246094,466.47308349609375,106.16590881347656
2024-07-08,225.8634490966797,199.2899932861328,187.58360290527344,196.8971405029297,525.79052734375,459.02606201171875,127.989013671875,252.94000244140625,467.7443542480469,105.05152130126953
2024-07-09,226.71609497070312,199.33999633789062,187.53399658203125,199.25796508789062,526.4659423828125,452.42974853515625,131.16383361816406,262.3299865722656,470.39208984375,103.89031982421875
2024-07-10,230.97914123535156,199.7899932861328,189.71713256835938,199.42108154296875,531.1246948242188,459.035888671875,134.68801879882812,263.260009765625,478.8228454589844,104.80803680419922
2024-07-11,225.6156005859375,195.0500030517578,184.15008544921875,199.085205078125,509.2812805175781,447.66461181640625,127.19036102294922,241.02999877929688,482.10150146484375,106.05352020263672
2024-07-12,228.5601043701172,194.49000549316406,183.65390014648438,196.6764373779297,495.54345703125,446.5323791503906,129.02731323242188,248.22999572753906,488.9551086425781,106.07225799560547
2024-07-15,232.38697814941406,192.72000122070312,185.10275268554688,201.58038330078125,492.8515625,446.9360656738281,128.2286376953125,252.63999938964844,492.6256408691406,107.88896942138672
2024-07-16,232.80335998535156,193.02000427246094,182.51272583007812,205.00640869140625,486.5240783691406,442.56475830078125,126.15208435058594,256.55999755859375,524.6471557617188,108.66624450683594
2024-07-17,226.9143829345703,187.92999267578125,179.6348876953125,208.1253662109375,458.9093933105469,436.6575622558594,117.79584503173828,248.5,547.97998046875,110.16455078125
2024-07-18,222.2547149658203,183.75,176.33038330078125,201.51318359375,472.6770324707031,433.55633544921875,120.89073181152344,249.22999572753906,539.4343872070312,111.2508544921875
2024-07-19,222.3836212158203,183.1300048828125,176.3005828857422,201.32127380371094,473.6107177734375,430.34674072265625,117.73594665527344,239.1999969482422,540.3807373046875,108.69432830810547
2024-07-22,222.03662109375,182.5500030517578,180.27992248535156,201.80108642578125,484.1499938964844,436.0865478515625,123.33671569824219,251.50999450683594,533.8809204101562,107.94515991210938
2024-07-23,223.0775909423828,186.41000366210938,180.3990020751953,201.8490753173828,485.4313659667969,437.9670104980469,122.38826751708984,246.3800048828125,530.2198486328125,106.20336151123047
2024-07-24,216.6631622314453,180.8300018310547,171.30909729003906,200.17926025390625,458.1942138671875,422.2637939453125,114.06200408935547,215.99000549316406,535.0470581054688,107.7016830444336
2024-07-25,215.6221923828125,179.85000610351562,166.00001525878906,200.25601196289062,450.3866271972656,411.92626953125,112.09524536132812,220.25,534.9801025390625,109.96791076660156
2024-07-26,216.088134765625,182.5,165.72215270996094,203.68206787109375,462.5946960449219,418.69000244140625,112.87395477294922,219.8000030517578,544.5769653320312,109.87425231933594
2024-07-29,216.36573791503906,183.1999969482422,168.2327880859375,202.34811401367188,462.6045837402344,420.1273498535156,111.40638732910156,232.10000610351562,541.738037109375,108.72241973876953
2024-07-30,216.9209442138672,181.7100067138672,168.9869842529297,206.5131378173828,460.1014404296875,416.3763427734375,103.55931091308594,222.6199951171875,550.8953247070312,110.660888671875
2024-07-31,220.17276000976562,186.97999572753906,170.22743225097656,204.21949768066406,471.6637878417969,411.87701416015625,116.82743072509766,232.07000732421875,550.7327880859375,111.05419158935547
2024-08-01,216.4846954345703,184.07000732421875,169.45338439941406,199.5746612548828,494.42095947265625,410.6562194824219,109.03028869628906,216.86000061035156,547.4924926757812,109.51840209960938
2024-08-02,217.97181701660156,167.89999389648438,165.384765625,191.11029052734375,484.8850402832031,402.1695556640625,107.09347534179688,207.6699981689453,563.7994384765625,109.45285034179688
2024-08-05,207.4727783203125,161.02000427246094,158.031494140625,187.04124450683594,472.5577697753906,389.0360107421875,100.28471374511719,198.8800048828125,544.8063354492188,107.47693634033203
2024-08-06,205.45028686523438,161.92999267578125,157.0788116455078,192.26190185546875,490.79534912109375,393.427001953125,104.0784683227539,200.63999938964844,543.2673950195312,106.90569305419922
2024-08-07,208.01805114746094,162.77000427246094,157.72386169433594,192.31947326660156,485.65985107421875,392.2652282714844,98.74724578857422,191.75999450683594,541.09765625,108.32911682128906
2024-08-08,211.4780731201172,165.8000030517578,160.79019165039062,195.83187866210938,506.2317199707031,396.4593505859375,104.79727172851562,198.83999633789062,541.2505493164062,110.39867401123047
2024-08-09,214.3829345703125,166.94000244140625,162.4176483154297,197.5017547607422,514.3175048828125,399.73779296875,104.57763671875,200.0,534.1007080078125,111.29766082763672
2024-08-12,215.9114532470703,166.8000030517578,161.04820251464844,197.8760223388672,512.5095825195312,400.5155944824219,108.8405990600586,197.49000549316406,540.3424682617188,111.43814086914062
2024-08-13,219.62362670898438,170.22999572753906,162.90390014648438,199.55548095703125,525.015625,407.60418701171875,115.94889068603516,207.8300018310547,548.8975219726562,110.37057495117188
2024-08-14,220.07028198242188,170.10000610351562,159.1428985595703,201.76271057128906,523.24755859375,410.4100646972656,117.88571166992188,201.3800048828125,554.0878295898438,111.39131927490234
2024-08-15,223.0479736328125,177.58999633789062,160.06578063964844,203.0198974609375,533.7470703125,415.2626953125,122.65782928466797,214.13999938964844,554.030517578125,112.08043670654297
2024-08-16,224.3680877685547,177.05999755859375,161.71311950683594,205.3423309326172,523.9031982421875,412.7377624511719,124.37500762939453,216.1199951171875,552.1857299804688,111.55179595947266
2024-08-19,224.20924377441406,178.22000122070312,165.3946990966797,206.7626495361328,525.750732421875,415.755859375,129.7860870361328,222.72000122070312,553.2372436523438,111.89163970947266
2024-08-20,224.82464599609375,178.8800048828125,165.90078735351562,205.87013244628906,523.2177124023438,418.9810485839844,127.04061126708984,221.10000610351562,555.0247192382812,108.16284942626953
2024-08-21,224.71548461914062,180.11000061035156,164.5809783935547,205.94692993164062,531.5914916992188,418.3301086425781,128.28857421875,223.27000427246094,552.5584106445312,107.4737319946289
2024-08-22,222.85935974121094,176.1300048828125,162.54664611816406,207.89505004882812,528.3829956054688,409.8577575683594,123.53638458251953,210.66000366210938,553.1798095703125,108.30445861816406
2024-08-23,225.15219116210938,177.0399932861328,164.3527374267578,209.50732421875,524.4791870117188,411.080810546875,129.15711975097656,220.32000732421875,558.7142944335938,109.80540466308594
2024-08-26,225.48965454101562,175.5,164.88858032226562,210.33262634277344,517.6452026367188,407.825927734375,126.25190734863281,213.2100067138672,561.21875,112.15595245361328
2024-08-27,226.3333282470703,173.1199951171875,163.419921875,211.30189514160156,515.6384887695312,408.17120361328125,128.0889129638672,209.2100067138672,561.428955078125,111.08924102783203
2024-08-28,224.80479431152344,170.8000030517578,161.60391235351562,212.36717224121094,513.3341064453125,404.9756164550781,125.40330505371094,205.75,562.5664672851562,109.99420166015625
2024-08-29,228.08026123046875,172.1199951171875,160.54212951660156,213.25009155273438,514.7643432617188,407.4610595703125,117.39649200439453,206.27999877929688,565.4627075195312,111.5140380859375
2024-08-30,227.29611206054688,178.5,162.1298828125,215.73562622070312,517.8338012695312,411.426025390625,119.17357635498047,214.11000061035156,564.1532592773438,111.33467102050781
2024-09-03,221.1124725341797,176.25,156.1559295654297,211.41708374023438,508.3475646972656,403.8314514160156,107.8222885131836,210.60000610351562,572.2589111328125,109.00301361083984
2024-09-04,219.20677185058594,173.3300018310547,155.2528839111328,210.48617553710938,509.32098388671875,403.298828125,106.03523254394531,219.41000366210938,577.5162353515625,107.67198181152344
2024-09-05,220.72540283203125,177.88999938964844,156.03684997558594,208.85476684570312,513.4134521484375,402.79583740234375,107.0335922241211,230.1699981689453,569.209716796875,106.83182525634766
2024-09-06,219.177001953125,171.38999938964844,149.76519775390625,203.89320373535156,496.9341735839844,396.1974792480469,102.66079711914062,210.72999572753906,570.5383911132812,106.33151245117188
2024-09-09,219.26632690429688,175.39999389648438,147.7679443359375,208.06777954101562,501.4240417480469,400.16241455078125,106.29479217529297,216.27000427246094,567.8810424804688,108.56877899169922
2024-09-10,218.47225952148438,179.5500030517578,147.71827697753906,197.2714080810547,501.4240417480469,408.5262756347656,107.92212677001953,226.1699981689453,572.593505859375,104.61344146728516
2024-09-11,221.00331115722656,184.52000427246094,150.20242309570312,198.8740692138672,508.4170227050781,417.2451477050781,116.71762084960938,228.1300048828125,563.7230224609375,103.5750503540039
2024-09-12,221.1124725341797,187.0,153.71006774902344,198.2694854736328,522.09521484375,421.1509094238281,118.95413208007812,229.80999755859375,562.4517822265625,105.00048065185547
2024-09-13,220.84445190429688,186.49000549316406,156.4625244140625,196.0814208984375,521.1218872070312,424.6917419433594,118.9141845703125,230.2899932861328,568.09130859375,104.92495727539062
2024-09-16,214.71047973632812,184.88999938964844,157.05868530273438,199.47866821289062,530.2293090820312,425.4314880371094,116.59780883789062,226.77999877929688,565.1369018554688,106.39759063720703
2024-09-17,215.17697143554688,186.8800048828125,158.3107452392578,200.81263732910156,533.2520751953125,429.1893005371094,115.40966033935547,227.8699951171875,554.412353515625,107.78526306152344
2024-09-18,219.04795837402344,186.42999267578125,158.79763793945312,199.16197204589844,534.8727416992188,424.90869140625,113.19313049316406,227.1999969482422,556.99267578125,108.16284942626953
2024-09-19,227.16708374023438,189.8699951171875,161.1128692626953,201.99302673339844,555.9017333984375,432.6807861328125,117.68611907958984,243.9199981689453,553.55859375,109.50332641601562
2024-09-20,226.5020751953125,191.60000610351562,162.55368041992188,202.5784454345703,558.1387939453125,429.3076477050781,115.81902313232422,238.25,551.572998046875,108.814208984375
2024-09-23,224.7849578857422,193.8800048828125,160.82470703125,202.91433715820312,561.1812744140625,427.5717468261719,116.07862854003906,250.0,550.047607421875,110.78715515136719
2024-09-24,225.67825317382812,193.9600067138672,161.26190185546875,203.05828857421875,560.1075439453125,423.2912292480469,120.68142700195312,254.27000427246094,551.7551879882812,110.4945297241211
2024-09-25,224.68569946289062,192.52999877929688,160.4669952392578,201.71473693847656,565.0590209960938,426.1908874511719,123.31731414794922,257.0199890136719,552.82958984375,108.34221649169922
2024-09-26,225.82713317871094,191.16000366210938,161.69912719726562,201.32127380371094,564.5917358398438,425.4018859863281,123.84649658203125,254.22000122070312,551.3906860351562,106.48255920410156
2024-09-27,226.09510803222656,187.97000122070312,162.91139221191406,202.01222229003906,564.1143798828125,422.1569519042969,121.21060180664062,260.4599914550781,558.1438598632812,109.33341217041016
2024-09-30,231.266357421875,186.3300018310547,164.7993621826172,202.35769653320312,569.1653442382812,424.40570068359375,121.25054168701172,261.6300048828125,560.8585815429688,110.6550064086914
2024-10-01,224.52688598632812,185.1300048828125,165.93215942382812,198.69174194335938,573.1723022460938,414.9273986816406,116.81746673583984,258.0199890136719,559.5347290039062,113.21322631835938
2024-10-02,225.0926513671875,184.75999450683594,164.80931091308594,198.93167114257812,569.5332641601562,411.4161376953125,118.66458129882812,249.02000427246094,568.1776733398438,114.71417236328125
2024-10-03,223.99090576171875,181.9600067138672,164.80931091308594,196.95472717285156,579.436279296875,410.8341979980469,122.65834045410156,240.66000366210938,568.5997924804688,115.71481323242188
2024-10-04,225.11248779296875,186.50999450683594,166.001708984375,203.9453887939453,592.5308837890625,410.3607482910156,124.72510528564453,250.0800018310547,567.1129760742188,117.83880615234375
2024-10-07,220.04052734375,180.8000030517578,161.94754028320312,203.66534423828125,581.4347534179688,403.9300842285156,127.52073669433594,240.8300018310547,559.7842407226562,118.34855651855469
2024-10-08,224.0901641845703,182.72000122070312,163.3386993408203,203.49154663085938,589.4984741210938,409.0292663574219,132.68267822265625,244.5,557.8848876953125,115.20506286621094
2024-10-09,227.83209228515625,185.1699981689453,160.8346405029297,206.06959533691406,587.1320190429688,411.7416076660156,132.44305419921875,241.0500030517578,567.132080078125,115.25226593017578
2024-10-10,227.33583068847656,186.64999389648438,161.05323791503906,205.5095672607422,580.4902954101562,410.1437683105469,134.5996856689453,238.77000427246094,573.3480834960938,116.24344635009766
2024-10-11,225.85694885253906,188.82000732421875,162.2058868408203,214.6340789794922,586.5752563476562,410.61724853515625,134.58970642089844,217.8000030517578,573.683837890625,116.68711853027344
2024-10-14,229.57901000976562,187.5399932861328,163.91500854492188,213.85198974609375,587.04248046875,413.3985900878906,137.85462951660156,219.16000366210938,580.7344360351562,117.13079833984375
2024-10-15,232.11004638671875,187.69000244140625,164.4118194580078,214.73065185546875,582.916259765625,413.0040588378906,131.3946990966797,219.57000732421875,533.6251831054688,113.60970306396484
2024-10-16,230.05545043945312,186.88999938964844,164.11373901367188,215.9376220703125,573.490478515625,410.4199523925781,135.5082550048828,221.3300018310547,548.0621337890625,113.90234375
2024-10-17,230.42266845703125,187.52999877929688,161.89784240722656,216.6907501220703,573.6296997070312,411.0117492675781,136.7163848876953,220.88999938964844,542.9684448242188,113.60970306396484
2024-10-18,233.25148010253906,188.99000549316406,162.384765625,217.60801696777344,573.1723022460938,412.4320373535156,137.7847137451172,220.6999969482422,546.4025268554688,113.28875732421875
2024-10-21,234.720458984375,189.07000732421875,163.0306396484375,215.3196563720703,571.8697509765625,413.04351806640625,143.48580932617188,218.85000610351562,548.186767578125,113.35482788085938
2024-10-22,234.10508728027344,189.6999969482422,164.09388732910156,216.40106201171875,578.6806640625,421.6539611816406,143.365966796875,217.97000122070312,546.6422729492188,113.94009399414062
2024-10-23,229.04302978515625,184.7100067138672,161.74880981445312,215.71554565429688,560.4654541015625,418.7838134765625,139.34228515625,213.64999389648438,541.6350708007812,113.53418731689453
2024-10-24,228.85446166992188,186.3800048828125,161.68917846679688,217.23146057128906,564.5321044921875,418.9120178222656,140.1909637451172,260.4800109863281,537.9611206054688,112.89227294921875
2024-10-25,229.6881866455078,187.8300018310547,164.22303771972656,214.65342712402344,569.9707641601562,422.28515625,141.31919860839844,269.19000244140625,541.5582275390625,112.7978744506836
2024-10-28,231.6633758544922,188.38999938964844,165.66384887695312,217.73355102539062,574.8526000976562,420.7464904785156,140.30075073242188,262.510009765625,542.2105712890625,112.24091339111328
2024-10-29,231.931396484375,190.8300018310547,168.6050567626953,215.2230987548828,589.88623046875,426.0331115722656,141.02964782714844,259.5199890136719,539.2272338867188,110.71163940429688
2024-10-30,228.38792419433594,192.72999572753906,173.3548126220703,216.68109130859375,588.4146118164062,426.60516357421875,139.1226348876953,257.54998779296875,540.0234375,110.1546859741211
2024-10-31,224.2291259765625,186.39999389648438,170.0260467529297,214.27684020996094,564.3331909179688,400.7838134765625,132.5529022216797,249.85000610351562,541.5007934570312,110.23963928222656
2024-11-01,221.25144958496094,197.92999267578125,170.2048797607422,215.26173400878906,563.9156494140625,404.74871826171875,135.18875122070312,248.97999572753906,544.43603515625,108.51213836669922
2024-11-04,220.35813903808594,195.77999877929688,168.16787719726562,212.21054077148438,557.47265625,402.8648681640625,135.8377685546875,242.83999633789062,535.0449829101562,111.96717071533203
2024-11-05,221.78741455078125,199.5,168.66473388671875,213.86167907714844,569.1553955078125,405.8237609863281,139.69174194335938,251.44000244140625,543.927734375,112.29755401611328
2024-11-06,221.06285095214844,207.08999633789062,175.39183044433594,238.55101013183594,568.7776489257812,414.4243469238281,145.38282775878906,288.5299987792969,572.3792114257812,114.22329711914062
2024-11-07,225.78744506835938,210.0500030517578,179.60498046875,228.23883056640625,588.315185546875,419.6024475097656,148.6477508544922,296.9100036621094,580.7822875976562,114.36490631103516
2024-11-08,225.51914978027344,208.17999267578125,177.2201690673828,228.81817626953125,585.9686889648438,416.7520446777344,147.399658203125,321.2200012207031,590.7202758789062,114.32714080810547
2024-11-11,222.80645751953125,206.83999633789062,179.20751953125,231.048583984375,579.833984375,412.28411865234375,145.03338623046875,350.0,599.7755737304688,113.72299194335938
2024-11-12,222.80645751953125,208.91000366210938,180.46945190429688,231.309326171875,581.4745483398438,417.23529052734375,148.0586395263672,328.489990234375,589.6266479492188,113.60970306396484
2024-11-13,223.69082641601562,214.10000610351562,177.74681091308594,232.8542022705078,576.6820678710938,419.3756103515625,146.04180908203125,330.239990234375,581.1851806640625,114.66697692871094
2024-11-14,226.7711181640625,211.47999572753906,174.46771240234375,233.5397491455078,573.8583984375,421.0424499511719,146.53103637695312,311.17999267578125,568.9833984375,114.74311828613281
2024-11-15,223.57159423828125,202.61000061035156,171.39730834960938,236.8612823486328,550.910400390625,409.31524658203125,141.75848388671875,320.7200012207031,568.1009521484375,113.55342864990234
2024-11-18,226.57241821289062,201.6999969482422,174.1894989013672,236.59091186523438,551.2285766601562,410.0649108886719,139.9313507080078,338.739990234375,565.6260986328125,114.50518035888672
2024-11-19,226.8307647705078,204.61000061035156,176.99163818359375,234.71771240234375,557.88037109375,412.06707763671875,146.78065490722656,346.0,553.4915161132812,112.90623474121094
2024-11-20,227.54620361328125,202.8800048828125,174.8651580810547,232.48727416992188,562.2850341796875,409.7986145019531,145.6623992919922,342.0299987792969,576.033935546875,114.51469421386719
2024-11-21,227.06924438476562,198.3800048828125,166.5680694580078,236.33018493652344,559.868896484375,408.029541015625,146.44119262695312,339.6400146484375,573.1466674804688,116.04701232910156
2024-11-22,228.41065979003906,197.1199951171875,163.7162628173828,239.9896697998047,555.9414672851562,412.1111755371094,141.72854614257812,352.55999755859375,566.7963256835938,115.91378784179688
2024-11-25,231.39161682128906,201.4499969482422,166.58795166015625,241.66976928710938,561.8773193359375,413.88018798828125,135.80780029296875,338.5899963378906,581.1468505859375,114.18158721923828
2024-11-26,233.56771850585938,207.86000061035156,168.0486297607422,241.3607635498047,570.2590942382812,422.9722900390625,136.70639038085938,338.2300109863281,582.0677490234375,112.27808380126953
2024-11-27,233.4385223388672,205.74000549316406,168.15794372558594,241.18695068359375,565.9439086914062,418.03094482421875,135.1288604736328,332.8900146484375,583.5929565429688,111.98303985595703
2024-11-29,235.8233184814453,207.88999938964844,167.8797149658203,241.119384765625,571.03466796875,418.49542236328125,138.03433227539062,345.1600036621094,585.3388061523438,112.26856231689453
2024-12-02,238.0689697265625,210.7100067138672,170.4036407470703,237.76890563964844,589.438720703125,425.9272766113281,138.41372680664062,357.0899963378906,583.727294921875,112.16386413574219
2024-12-03,241.1095428466797,213.44000244140625,170.25457763671875,236.38815307617188,610.1396484375,426.14471435546875,140.04116821289062,351.4200134277344,580.5712280273438,111.9925537109375
2024-12-04,241.4672393798828,218.16000366210938,173.26535034179688,235.01705932617188,610.2689208984375,432.2917785644531,144.91354370117188,357.92999267578125,585.9047241210938,108.76611328125
2024-12-05,241.4970703125,220.5500030517578,171.5463409423828,237.02542114257812,605.4465942382812,437.4307556152344,144.84368896484375,369.489990234375,555.3812255859375,109.24198913574219
2024-12-06,241.29832458496094,227.02999877929688,173.60324096679688,238.84063720703125,620.2017822265625,438.3696594238281,142.2275848388672,389.2200012207031,527.2269287109375,108.09037780761719
2024-12-09,245.1835174560547,226.08999633789062,174.45875549316406,235.4129180908203,610.0601196289062,440.7909240722656,138.6029815673828,389.7900085449219,539.8413696289062,107.45271301269531
2024-12-10,246.19703674316406,225.0399932861328,184.2078399658203,234.49563598632812,615.7772827148438,438.1324462890625,134.86859130859375,400.989990234375,544.2420654296875,107.23380279541016
2024-12-11,244.9251708984375,230.25999450683594,194.3846893310547,235.14256286621094,629.0607299804688,443.72613525390625,139.1022491455078,424.7699890136719,513.755615234375,106.51998138427734
2024-12-12,246.3858184814453,228.97000122070312,190.9625701904297,233.21144104003906,627.1815795898438,444.2893981933594,137.13519287109375,418.1000061035156,496.6441650390625,106.42481231689453
2024-12-13,246.5547637939453,227.4600067138672,188.8336944580078,231.67623901367188,616.8013305664062,442.0262451171875,134.0498046875,436.2300109863281,501.189208984375,105.49209594726562
2024-12-16,249.44625854492188,232.92999267578125,195.63812255859375,231.32861328125,621.1697998046875,446.295654296875,131.80313110351562,463.0199890136719,480.02386474609375,103.2364501953125
2024-12-17,251.8707733154297,231.14999389648438,194.40457153320312,230.15061950683594,616.3933715820312,449.1319885253906,130.19554138183594,479.8599853515625,467.5249328613281,102.79864501953125
2024-12-18,246.47528076171875,220.52000427246094,187.4210662841797,222.43582153320312,594.252685546875,432.2620849609375,128.71775817871094,440.1300048828125,481.1986389160156,101.28536224365234
2024-12-19,248.20419311523438,223.2899932861328,187.5304718017578,224.93661499023438,592.6407470703125,431.9063415527344,130.485107421875,436.1700134277344,471.11669921875,100.41927337646484
2024-12-20,252.8743896484375,224.9199981689453,190.41543579101562,229.41683959960938,582.3715209960938,431.4813537597656,134.49913024902344,421.05999755859375,481.5934143066406,100.76190185546875
2024-12-23,253.6494140625,225.05999755859375,193.61871337890625,230.17959594726562,596.899658203125,430.1471862792969,139.46170043945312,430.6000061035156,487.5732727050781,101.17115020751953
2024-12-24,256.560791015625,229.0500030517578,195.09100341796875,233.96458435058594,604.7608032226562,434.17938232421875,140.01089477539062,462.2799987792969,487.3421325683594,101.26631927490234
2024-12-26,257.3755798339844,227.0500030517578,194.5836639404297,234.76600646972656,600.3823852539062,432.9736328125,139.7213134765625,454.1300048828125,492.20501708984375,101.35197448730469
2024-12-27,253.96739196777344,223.75,191.75840759277344,232.86386108398438,596.85986328125,425.4825134277344,136.8056640625,431.6600036621094,491.0879821777344,101.34246826171875
2024-12-30,250.59889221191406,221.3000030517578,190.24632263183594,231.0775604248047,588.3319702148438,419.8493347167969,137.2849578857422,417.4100036621094,488.9791564941406,100.65721130371094
2024-12-31,248.8302001953125,219.38999938964844,188.31639099121094,231.45416259765625,582.6302490234375,416.55841064453125,134.0897216796875,403.8399963378906,487.11102294921875,102.37987518310547
2025-01-02,242.3019256591797,220.22000122070312,188.44570922851562,231.73416137695312,596.292724609375,413.672607421875,138.10372924804688,379.2799987792969,485.81109619140625,102.13241577148438
2025-01-03,241.81503295898438,224.19000244140625,190.79344177246094,234.90118408203125,601.6561889648438,418.3866882324219,144.25454711914062,410.44000244140625,493.9864196777344,102.65587615966797
2025-01-06,243.4446258544922,227.61000061035156,195.8470458984375,233.75595092773438,627.1004638671875,422.83392333984375,149.2071533203125,411.04998779296875,494.631591796875,102.54166412353516
2025-01-07,240.6723175048828,222.11000061035156,194.47422790527344,236.0076141357422,614.8510131835938,417.418212890625,139.93101501464844,394.3599853515625,495.1900939941406,103.5029296875
2025-01-08,241.1592254638672,222.1300048828125,192.9422149658203,235.9687957763672,607.7161865234375,419.5825500488281,139.90106201171875,394.94000244140625,505.0794677734375,101.77076721191406
2025-01-10,235.3463592529297,218.94000244140625,191.04214477539062,232.80479431152344,612.8308715820312,414.0382995605469,135.7073211669922,394.739990234375,501.3913879394531,101.39957427978516
2025-01-13,232.91189575195312,218.4600067138672,190.01748657226562,237.0169677734375,605.3379516601562,412.2989501953125,133.0312957763672,403.30999755859375,521.08349609375,104.01689147949219
2025-01-14,231.79904174804688,217.75999450683594,188.6745147705078,240.1809539794922,591.3272705078125,410.7967529296875,131.56349182128906,396.3599853515625,523.5870971679688,104.4261474609375
2025-01-15,236.35989379882812,223.35000610351562,194.53392028808594,244.91722106933594,614.0846557617188,421.3119812011719,136.0368194580078,428.2200012207031,523.2789916992188,106.12977600097656
2025-01-16,226.81089782714844,220.66000366210938,191.90762329101562,246.78067016601562,608.2933959960938,419.602294921875,133.37081909179688,413.82000732421875,491.6658020019531,105.94893646240234
2025-01-17,228.51995849609375,225.94000244140625,194.98158264160156,251.52667236328125,609.756103515625,424.0000915527344,137.504638671875,426.5,490.8665466308594,106.90068817138672
2025-01-21,221.22657775878906,230.7100067138672,197.02093505859375,255.28265380859375,613.4280395507812,423.4763488769531,140.61996459960938,424.07000732421875,505.5320739746094,106.09171295166016
2025-01-22,222.40902709960938,235.00999450683594,197.3392333984375,255.09823608398438,620.4334106445312,440.9688415527344,146.85067749023438,415.1099853515625,500.4573669433594,104.24530029296875
2025-01-23,222.2401123046875,235.4199981689453,196.95127868652344,258.11669921875,633.3196411132812,441.47283935546875,147.00047302246094,412.3800048828125,510.135009765625,104.83538818359375
2025-01-24,221.3656768798828,234.85000610351562,199.16970825195312,257.0393371582031,644.3053588867188,438.8539123535156,142.40731811523438,406.5799865722656,512.7733154296875,103.41728210449219
2025-01-27,228.40072631835938,235.4199981689453,190.81332397460938,258.0195617675781,656.6344604492188,429.46527099609375,118.24340057373047,397.1499938964844,523.3751831054688,104.85443115234375
2025-01-28,236.74740600585938,238.14999389648438,194.2852020263672,259.2715759277344,671.0133666992188,441.95709228515625,128.79763793945312,398.0899963378906,522.373779296875,102.82719421386719
2025-01-29,237.84042358398438,237.07000732421875,194.39463806152344,258.72802734375,673.1627197265625,437.1441955566406,123.5155258178711,389.1000061035156,518.1561279296875,103.42679595947266
2025-01-30,236.08164978027344,234.63999938964844,199.82626342773438,260.3294677734375,683.6210327148438,410.12469482421875,124.46410369873047,400.2799987792969,525.3493041992188,104.28337097167969
2025-01-31,234.5017547607422,237.67999267578125,202.9599151611328,259.4268798828125,685.790283203125,410.19390869140625,119.89093780517578,404.6000061035156,522.3834838867188,101.67558288574219
2025-02-03,226.56246948242188,237.4199981689453,200.18438720703125,258.9512939453125,694.029541015625,406.10247802734375,116.48603057861328,383.67999267578125,527.8624877929688,101.92303466796875
2025-02-04,231.3220672607422,242.05999755859375,205.30764770507812,260.04803466796875,700.7265014648438,407.535400390625,118.47306060791016,392.2099914550781,525.2337646484375,104.65455627441406
2025-02-05,230.99415588378906,236.1699981689453,190.33584594726562,262.4646911621094,701.403076171875,408.4446716308594,124.64384460449219,378.1700134277344,519.802734375,104.57841491699219
2025-02-06,231.73939514160156,238.8300018310547,190.60443115234375,268.7441101074219,708.4881591796875,410.9449462890625,128.4880828857422,374.32000732421875,510.39483642578125,103.19837951660156
2025-02-07,226.18490600585938,229.14999389648438,184.376953125,267.676513671875,711.005615234375,404.9461669921875,129.6463623046875,361.6199951171875,507.49639892578125,103.63617706298828
2025-02-10,226.4534454345703,233.13999938964844,185.5010986328125,263.0567321777344,713.8715209960938,407.38720703125,133.37081909179688,350.7300109863281,513.6015014648438,105.6158218383789
2025-02-11,231.39735412597656,232.75999450683594,184.35707092285156,266.890380859375,716.2597045898438,406.6163635253906,132.60195922851562,328.5,514.131103515625,106.28205108642578
2025-02-12,235.625,228.92999267578125,182.65594482421875,267.3368225097656,721.812255859375,404.2445068359375,130.94444274902344,336.510009765625,507.85272216796875,103.0843734741211
2025-02-13,240.26051330566406,230.3699951171875,185.1728057861328,268.1811828613281,724.9766845703125,405.72686767578125,135.08824157714844,355.94000244140625,511.4925537109375,103.83338165283203
2025-02-14,243.31439208984375,228.67999267578125,184.26751708984375,268.4432067871094,733.0466918945312,403.6416320800781,138.64292907714844,355.8399963378906,504.1069030761719,103.93900299072266
2025-02-18,243.18508911132812,226.64999389648438,182.81512451171875,271.7043151855469,712.8464965820312,404.83746337890625,139.1920928955078,354.1099853515625,482.1711730957031,105.76351165771484
2025-02-19,243.58294677734375,226.6300048828125,184.3073272705078,271.02490234375,700.3085327148438,409.90728759765625,139.02235412597656,360.55999755859375,492.0990905761719,105.91716003417969
2025-02-20,244.5379180908203,222.8800048828125,183.6009979248047,258.94158935546875,691.4224853515625,412.0759582519531,139.90106201171875,354.3999938964844,483.798583984375,107.54960632324219
2025-02-21,244.2593994140625,216.5800018310547,178.7264862060547,256.45703125,680.1880493164062,404.2331237792969,134.2295379638672,337.79998779296875,449.13287353515625,106.29166412353516
2025-02-24,245.80125427246094,212.7100067138672,178.31861877441406,253.6424102783203,664.8438720703125,400.06414794921875,130.08572387695312,330.5299987792969,444.4144592285156,106.8486099243164
2025-02-25,245.74156188964844,212.8000030517578,174.50851440429688,249.81846618652344,654.2661743164062,394.0235900878906,126.44114685058594,302.79998779296875,452.9460754394531,105.36980438232422
2025-02-26,239.09669494628906,214.35000610351562,171.8324737548828,251.16754150390625,670.386474609375,395.83575439453125,131.084228515625,290.79998779296875,446.4077453613281,105.11053466796875
2025-02-27,236.05276489257812,208.74000549316406,167.62445068359375,251.41989135742188,655.00244140625,388.70587158203125,119.97081756591797,281.95001220703125,451.1935119628906,105.77310943603516
2025-02-28,240.56887817382812,212.27999877929688,169.3952178955078,256.85491943359375,664.9135131835938,393.1224060058594,124.73370361328125,292.9800109863281,457.3562927246094,106.90621948242188
2025-03-03,236.77891540527344,205.02000427246094,166.14219665527344,252.943603515625,651.8281860351562,384.7052001953125,113.88990020751953,284.6499938964844,449.739501953125,103.47808837890625
2025-03-04,234.68994140625,203.8000030517578,170.0318603515625,242.87905883789062,636.8521728515625,384.82403564453125,115.81702423095703,272.0400085449219,457.019287109375,103.26683044433594
2025-03-05,234.50096130371094,208.36000061035156,172.12098693847656,244.1213836669922,653.2411499023438,397.1131286621094,117.12507629394531,279.1000061035156,458.3385314941406,101.2502670288086
2025-03-06,234.09312438964844,200.6999969482422,171.4544677734375,239.27833557128906,624.841552734375,393.0234375,110.40511322021484,263.45001220703125,469.6434020996094,103.34364318847656
2025-03-07,237.81344604492188,199.25,172.95660400390625,235.14381408691406,622.5827026367188,389.4783020019531,112.5219497680664,262.6700134277344,475.1899108886719,104.68801879882812
2025-03-10,226.28436279296875,194.5399932861328,165.1981658935547,225.38014221191406,595.0487060546875,376.4563903808594,106.8204574584961,222.14999389648438,464.3976135253906,107.35755157470703
2025-03-11,219.6792755126953,196.58999633789062,163.3755645751953,222.39085388183594,602.7308959960938,376.74359130859375,108.59780883789062,230.5800018310547,470.0258483886719,104.82244873046875
2025-03-12,215.83956909179688,198.88999938964844,166.43313598632812,221.1873779296875,616.5126953125,379.53607177734375,115.5780258178711,248.08999633789062,465.25830078125,104.79364776611328
2025-03-13,208.5779266357422,193.88999938964844,162.1007537841797,218.55718994140625,587.7349853515625,375.07989501953125,115.41825103759766,240.67999267578125,465.65478515625,104.35192108154297
2025-03-14,212.36790466308594,197.9499969482422,164.81971740722656,225.59365844726562,605.1494140625,384.7745361328125,121.49972534179688,249.97999572753906,472.5498352050781,107.45358276367188
2025-03-17,212.87521362304688,195.74000549316406,163.62457275390625,227.03973388671875,602.4603271484375,384.9132385253906,119.36271667480469,238.00999450683594,482.5782165527344,109.23966979980469
2025-03-18,211.5720977783203,192.82000732421875,160.01922607421875,228.04913330078125,580.01123046875,379.7836608886719,115.26846313476562,225.30999755859375,487.20068359375,109.12443542480469
2025-03-19,214.1086883544922,195.5399932861328,163.22618103027344,232.06719970703125,581.7044067382812,384.0417785644531,117.35552978515625,235.86000061035156,486.6204833984375,110.8240966796875
2025-03-20,212.97470092773438,194.9499969482422,162.14060974121094,231.97012329101562,583.6365966796875,383.07135009765625,118.36412048339844,236.25999450683594,494.4535827636719,111.29463195800781
2025-03-21,217.12278747558594,196.2100067138672,163.32579040527344,234.51296997070312,593.84521484375,387.4482727050781,117.5352783203125,248.7100067138672,499.8206787109375,110.91053009033203
2025-03-24,219.56985473632812,203.25999450683594,167.00082397460938,240.7535858154297,616.3540649414062,389.25048828125,121.24009704589844,278.3900146484375,499.48223876953125,111.1986083984375
2025-03-25,222.573974609375,205.7100067138672,169.86917114257812,243.733154296875,623.7840576171875,391.3102722167969,120.5210952758789,288.1400146484375,496.5133972167969,111.95720672607422
2025-03-26,220.3656463623047,201.1300048828125,164.39144897460938,243.63609313964844,608.5158081054688,386.17083740234375,113.60079956054688,272.05999755859375,501.1261901855469,113.57044982910156
2025-03-27,222.6734619140625,201.36000061035156,161.5828857421875,240.81179809570312,600.1497192382812,386.77484130859375,111.27406311035156,273.1300048828125,498.7279357910156,113.20556640625
2025-03-28,216.7547149658203,192.72000122070312,153.7049102783203,235.69705200195312,574.4139404296875,375.1096496582031,109.51652526855469,263.54998779296875,499.0373840332031,113.05191802978516
2025-03-31,220.9624786376953,190.25999450683594,154.01365661621094,238.07489013671875,574.035400390625,371.7328796386719,108.22832489013672,259.1600036621094,506.49334716796875,114.20423126220703
2025-04-01,222.01690673828125,192.1699981689453,156.433837890625,236.48318481445312,583.6365966796875,378.4666442871094,109.99585723876953,268.4599914550781,505.8841247558594,114.30986785888672
2025-04-02,222.71324157714844,196.00999450683594,156.40391540527344,238.57957458496094,581.574951171875,378.4171142578125,110.26546478271484,282.760009765625,505.9615478515625,113.95455932617188
2025-04-03,202.12203979492188,178.41000366210938,150.10952758789062,221.95411682128906,529.4758911132812,369.47503662109375,101.65754699707031,267.2799987792969,522.6334838867188,107.96250915527344
2025-04-04,187.389892578125,171.0,145.01028442382812,205.3434295654297,502.6943664550781,356.3343505859375,94.17801666259766,239.42999267578125,507.7505798339844,100.1939697265625
2025-04-07,180.50624084472656,175.25999450683594,146.15562438964844,209.40577697753906,514.1678466796875,354.3736572265625,97.50334930419922,233.2899932861328,507.4119873046875,98.849609375
2025-04-08,171.51376342773438,170.66000366210938,144.11390686035156,211.77870178222656,508.39129638671875,351.1058044433594,96.16523742675781,221.86000061035156,534.85693359375,96.76583099365234
2025-04-09,197.8048553466797,191.10000610351562,158.0671844482422,228.83859252929688,583.407470703125,386.68572998046875,114.17000579833984,272.20001220703125,559.439453125,101.59596252441406
2025-04-10,189.4191436767578,181.22000122070312,152.20101928710938,221.7783203125,544.0867309570312,377.6347961425781,107.4194564819336,252.39999389648438,574.8156127929688,95.95921325683594
2025-04-11,197.1085205078125,184.8699951171875,156.50350952148438,230.65493774414062,541.377685546875,384.6656494140625,110.77476501464844,252.30999755859375,579.718505859375,99.04165649414062
2025-04-14,201.45556640625,182.1199951171875,158.4257354736328,229.2096710205078,529.33642578125,384.0318603515625,110.55506896972656,252.35000610351562,567.7173461914062,99.28173065185547
2025-04-15,201.07754516601562,179.58999633789062,155.6768798828125,227.65699768066406,519.4166870117188,381.97210693359375,112.04297637939453,254.11000061035156,564.3617553710938,99.00325012207031
2025-04-16,193.24891662597656,174.3300018310547,152.70896911621094,224.21963500976562,500.2840881347656,367.9896545410156,104.3437728881836,241.5500030517578,565.7639770507812,100.04994201660156
2025-04-17,195.9446563720703,172.61000061035156,150.54776000976562,226.5144805908203,499.45751953125,364.197021484375,101.34796142578125,241.3699951171875,439.14788818359375,102.67146301269531
2025-04-21,192.14476013183594,167.32000732421875,147.07186889648438,223.61419677734375,482.705322265625,355.6213684082031,96.77438354492188,227.5,411.316162109375,101.16384887695312
2025-04-22,198.690185546875,173.17999267578125,150.85650634765625,230.0592498779297,498.2622985839844,363.2463684082031,98.75160217285156,237.97000122070312,413.1051940917969,103.99662780761719
2025-04-23,203.52462768554688,180.60000610351562,154.7207794189453,235.22506713867188,518.1717529296875,370.7426452636719,102.5662612915039,250.74000549316406,413.8594665527344,103.10357666015625
2025-04-24,207.27481079101562,186.5399932861328,158.63485717773438,238.8967742919922,530.999755859375,383.5268249511719,106.28105163574219,259.510009765625,410.2716979980469,104.31351470947266
2025-04-25,208.18002319335938,188.99000549316406,161.30401611328125,237.8323974609375,545.0628051757812,388.03253173828125,110.85465240478516,284.95001220703125,404.8465881347656,104.25588989257812
2025-04-28,209.0355224609375,187.6999969482422,159.95947265625,237.51011657714844,547.5228271484375,387.3492126464844,108.57784271240234,285.8800048828125,406.1617431640625,104.31351470947266
2025-04-29,210.09988403320312,187.38999938964844,159.51129150390625,238.87725830078125,552.203857421875,390.201171875,108.86742401123047,292.0299987792969,395.7466125488281,104.05424499511719
2025-04-30,211.38311767578125,184.4199981689453,158.15679931640625,238.87725830078125,546.7857666015625,391.4092712402344,108.76756286621094,282.1600036621094,397.8837585449219,101.4327163696289
2025-05-01,212.19879150390625,190.1999969482422,160.64666748046875,241.093994140625,569.9022216796875,421.2556457519531,111.45380401611328,280.5199890136719,387.4783020019531,101.5767593383789
2025-05-02,204.27069091796875,189.97999572753906,163.36561584472656,246.58204650878906,594.6121826171875,431.0393981933594,114.33976745605469,287.2099914550781,386.7433776855469,101.98966217041016
2025-05-05,197.8446502685547,186.35000610351562,163.54489135742188,246.630859375,596.85302734375,431.92071533203125,113.66071319580078,280.260009765625,391.47222900390625,99.16649627685547
2025-05-06,197.46664428710938,185.00999450683594,162.56886291503906,243.39854431152344,584.9413452148438,429.088623046875,113.38111114501953,275.3500061035156,381.5115966796875,100.54927062988281
2025-05-07,195.21852111816406,188.7100067138672,150.76687622070312,243.5352783203125,594.4029541015625,429.1282043457031,116.89617919921875,276.2200012207031,378.1752624511719,100.45325469970703
2025-05-08,196.45201110839844,192.0800018310547,153.6551055908203,247.5194854736328,595.59814453125,433.9012451171875,117.20575714111328,284.82000732421875,372.8467712402344,101.85523223876953
2025-05-09,197.4865264892578,193.05999755859375,152.1313018798828,247.13865661621094,590.1004028320312,434.4557800292969,116.48676300048828,298.260009765625,368.0986022949219,103.04595947265625
2025-05-12,209.95704650878906,208.63999938964844,157.8181915283203,253.94500732421875,636.8510131835938,444.88323974609375,122.82786560058594,318.3800048828125,366.2708435058594,104.82244873046875
2025-05-13,212.08860778808594,211.3699951171875,158.88385009765625,256.8355712890625,653.3840942382812,444.764404296875,129.74815368652344,334.07000732421875,301.12060546875,105.11053466796875
2025-05-14,211.49098205566406,210.25,164.7001953125,259.40380859375,656.70068359375,448.5273742675781,135.15060424804688,347.67999267578125,297.86163330078125,104.16947174072266
2025-05-15,210.6144561767578,205.1699981689453,163.2958984375,261.2103271484375,641.2831420898438,449.5392761230469,134.64129638671875,342.82000732421875,265.3106384277344,105.22579956054688
2025-05-16,210.42520141601562,205.58999633789062,165.51687622070312,261.2786865234375,637.7574462890625,450.67022705078125,135.21051025390625,349.9800109863281,282.2920837402344,104.84784698486328
2025-05-19,207.9550018310547,206.16000366210938,165.86546325683594,258.6616516113281,637.8470458984375,455.23382568359375,135.3802947998047,342.0899963378906,305.4820556640625,103.18099212646484
2025-05-20,206.04258728027344,204.07000732421875,163.31582641601562,259.4428405761719,634.530517578125,454.53936767578125,134.1919403076172,343.82000732421875,310.9844665527344,101.70793151855469
2025-05-21,201.2914276123047,201.1199951171875,167.8772735595703,254.91175842285156,632.93701171875,448.9837341308594,131.6155548095703,334.6199951171875,292.9973449707031,100.45779418945312
2025-05-22,200.5643310546875,203.10000610351562,170.1779022216797,254.5504913330078,634.0026245117188,451.25555419921875,132.6441192626953,341.0400085449219,286.895263671875,99.78910827636719
2025-05-23,194.49838256835938,200.99000549316406,167.78762817382812,254.5895233154297,624.531005859375,446.6126403808594,131.1062469482422,339.3399963378906,285.83148193359375,99.84724426269531
2025-05-27,199.4188690185547,206.02000427246094,172.19969177246094,259.06201171875,639.7294311523438,457.03936767578125,135.3103790283203,362.8900146484375,285.2802734375,100.32210540771484
2025-05-28,199.62803649902344,204.72000122070312,171.66188049316406,257.30426025390625,640.984375,453.7357177734375,134.62132263183594,356.8999938964844,288.2878112792969,98.95567321777344
2025-05-29,199.15988159179688,205.6999969482422,171.16390991210938,258.1636047363281,642.4483642578125,455.0452880859375,138.9951934814453,358.42999267578125,288.3458557128906,99.51776123046875
2025-05-30,200.05633544921875,205.00999450683594,171.0443878173828,257.80230712890625,644.8786010742188,456.7119445800781,134.94088745117188,346.4599914550781,291.9626159667969,99.13980865478516
2025-06-02,200.9029541015625,206.64999389648438,168.34535217285156,258.44677734375,668.1941528320312,458.3092346191406,137.187744140625,342.69000244140625,294.6800231933594,99.86663055419922
2025-06-03,202.46678161621094,205.7100067138672,165.50689697265625,260.01898193359375,664.1605224609375,459.3013000488281,141.0223846435547,344.2699890136719,291.2953186035156,100.59346771240234
2025-06-04,202.0185546875,207.22999572753906,167.36935424804688,258.01715087890625,685.1754150390625,460.19415283203125,141.72137451171875,332.04998779296875,290.4830322265625,99.13980865478516
2025-06-05,199.8372039794922,207.91000366210938,167.5286865234375,255.80044555664062,681.8588256835938,463.9739685058594,139.79408264160156,284.70001220703125,286.0925598144531,98.68431854248047
2025-06-06,203.11419677734375,213.57000732421875,172.97653198242188,259.4916687011719,694.8960571289062,466.6525573730469,141.52166748046875,295.1400146484375,293.22943115234375,101.04894256591797
2025-06-09,200.65394592285156,216.97999572753906,175.58908081054688,260.47796630859375,691.2608032226562,469.0038146972656,142.430419921875,308.5799865722656,293.2004699707031,101.72732543945312
2025-06-10,201.869140625,217.61000061035156,178.0919647216797,262.2942810058594,699.567138671875,467.1883239746094,143.758544921875,326.0899963378906,293.7806701660156,103.90782165527344
2025-06-11,197.9945068359375,213.1999969482422,176.8455047607422,261.8548583984375,691.3404541015625,468.8748474121094,142.64002990722656,326.42999267578125,300.3276062011719,105.9332504272461
2025-06-12,198.41285705566406,213.24000549316406,175.20021057128906,261.9427185058594,690.5635986328125,475.0752868652344,144.80712890625,319.1099853515625,308.0060119628906,106.34027862548828
2025-06-13,195.67373657226562,212.10000610351562,174.17312622070312,258.7300109863281,680.1159057617188,471.1962890625,141.78115844726562,325.30999755859375,303.1997375488281,108.65644073486328
2025-06-16,197.6359405517578,216.10000610351562,176.2671661376953,264.012939453125,699.8262939453125,475.3431701660156,144.49754333496094,329.1300048828125,299.6352233886719,109.00532531738281
2025-06-17,194.86692810058594,214.82000732421875,175.44949340820312,263.19268798828125,694.9522705078125,474.25189208984375,143.92828369140625,316.3500061035156,300.81365966796875,110.4783706665039
2025-06-18,195.80320739746094,212.52000427246094,172.8269805908203,267.5284729003906,693.4970703125,476.4344787597656,145.2864990234375,322.04998779296875,299.187255859375,109.69338989257812
2025-06-20,200.20574951171875,209.69000244140625,166.1659698486328,268.5440368652344,680.1207885742188,473.616943359375,143.65866088867188,322.1600036621094,294.132568359375,111.15673828125
2025-06-23,200.70375061035156,208.47000122070312,164.7200927734375,271.73724365234375,696.2481079101562,482.1488037109375,143.9782257080078,348.67999267578125,292.8372802734375,108.28817749023438
2025-06-24,199.50851440429688,212.77000427246094,166.2956085205078,274.6570739746094,709.8734130859375,486.2261962890625,147.70326232910156,340.4700012207031,297.6484375,104.99320983886719
2025-06-25,200.76353454589844,211.99000549316406,170.19447326660156,277.3913269042969,706.3648071289062,488.3691101074219,154.104736328125,327.54998779296875,294.142333984375,105.02228546142578
2025-06-26,200.20574951171875,217.1199951171875,173.04632568359375,281.9712829589844,723.7179565429688,493.50811767578125,154.81381225585938,325.7799987792969,294.7266845703125,106.59223937988281
2025-06-27,200.28543090820312,223.3000030517578,178.02215576171875,280.3697509765625,731.2333984375,492.0100402832031,157.5401611328125,323.6300048828125,301.04736328125,106.00108337402344
2025-06-30,204.3592529296875,219.38999938964844,175.72869873046875,283.10406494140625,735.6788330078125,493.4683837890625,157.7798614501953,317.6600036621094,303.83282470703125,104.46990203857422
2025-07-01,206.99880981445312,220.4600067138672,175.3397979736328,283.5923156738281,716.8704223632812,488.1508483886719,153.09609985351562,300.7099914550781,317.6332092285156,105.86540985107422
2025-07-02,211.6005401611328,219.9199981689453,178.1318359375,285.1449890136719,711.2388916015625,487.1984558105469,157.0408477783203,315.6499938964844,299.5378112792969,107.6195068359375
2025-07-03,212.70614624023438,223.41000366210938,179.01930236816406,290.443603515625,716.6611938476562,494.8870544433594,159.12806701660156,315.3500061035156,300.5019836425781,108.73397064208984
2025-07-07,209.12037658691406,223.47000122070312,176.28709411621094,286.4892272949219,716.0032958984375,493.77593994140625,158.02952575683594,293.94000244140625,295.7882385253906,107.67764282226562
2025-07-08,209.1801300048828,219.36000061035156,173.864013671875,277.47174072265625,718.315673828125,492.68463134765625,159.78717041015625,297.80999755859375,299.6741638183594,110.6624984741211
2025-07-09,210.30564880371094,222.5399932861328,176.11758422851562,277.8446044921875,730.3861694335938,499.5200500488281,162.66336059570312,295.8800048828125,295.0091247558594,110.28455352783203
2025-07-10,211.57066345214844,222.25999450683594,177.11473083496094,282.7802429199219,724.8641967773438,497.5061340332031,163.88172912597656,309.8699951171875,291.6978454589844,111.37964630126953
2025-07-11,210.32559204101562,225.02000427246094,179.67742919921875,281.4751281738281,715.1660766601562,499.3315734863281,164.70062255859375,313.510009765625,296.1680908203125,111.86420440673828
2025-07-14,207.7956085205078,225.69000244140625,181.04351806640625,283.2806701660156,718.5648803710938,499.0339050292969,163.8517608642578,316.8999938964844,292.7398986816406,110.40084075927734
2025-07-15,208.28369140625,226.35000610351562,181.48226928710938,281.1709899902344,708.0692749023438,501.811767578125,170.4729461669922,310.7799987792969,284.1012268066406,109.42204284667969
2025-07-16,209.3295440673828,223.19000244140625,182.4495086669922,280.4547119140625,700.6136474609375,501.6133117675781,171.14205932617188,321.6700134277344,284.86090087890625,108.76304626464844
2025-07-17,209.19009399414062,223.8800048828125,183.0577850341797,284.4580993652344,699.1185913085938,507.6451416015625,172.76988220214844,319.4100036621094,280.5561828613281,108.21065521240234
2025-07-18,210.3455047607422,226.1300048828125,184.53355407714844,285.8023986816406,701.979248046875,506.0082092285156,172.18067932128906,329.6499938964844,275.27752685546875,104.4408187866211
2025-07-21,211.640380859375,229.3000030517578,189.55923461914062,285.5080261230469,710.6408081054688,506.0181579589844,171.1520538330078,328.489990234375,274.7808837890625,104.7121810913086
2025-07-22,213.5527801513672,227.47000122070312,190.7957000732422,285.9593811035156,702.5075073242188,501.2660827636719,166.80783081054688,332.1099853515625,277.6929016113281,105.1870346069336
2025-07-23,213.30377197265625,228.2899932861328,189.68885803222656,291.1893310546875,711.2489013671875,501.8613586425781,170.55284118652344,332.55999755859375,284.8804016113281,106.53409576416016
2025-07-24,212.91531372070312,232.22999572753906,191.62335205078125,290.9832458496094,712.4649047851562,506.8316650390625,173.50892639160156,305.29998779296875,271.3136901855469,107.3675308227539
2025-07-25,213.0348358154297,231.44000244140625,192.6304473876953,293.014404296875,710.3517456054688,509.6392517089844,173.26922607421875,316.05999755859375,273.72900390625,106.98957824707031
2025-07-28,213.20419311523438,232.7899932861328,192.0321807861328,292.6807861328125,715.2855834960938,508.4388122558594,176.51490783691406,325.5899963378906,274.7613525390625,107.99745178222656
2025-07-29,210.43516540527344,231.00999450683594,195.19314575195312,291.464111328125,697.7131958007812,508.50823974609375,175.27655029296875,321.20001220703125,254.2604217529297,109.3929672241211
2025-07-30,208.2239227294922,230.19000244140625,195.97093200683594,294.0054626464844,692.9389038085938,509.1729431152344,179.03155517578125,319.0400085449219,259.1007995605469,108.44324493408203
2025-07-31,206.74978637695312,234.11000061035156,191.35409545898438,290.6790771484375,770.913330078125,529.2723999023438,177.6334228515625,308.2699890136719,243.0506591796875,108.19126892089844
2025-08-01,201.58029174804688,214.75,188.5919952392578,283.9380798339844,747.5598754882812,519.956787109375,173.4889373779297,302.6300048828125,231.56817626953125,106.25305938720703
2025-08-04,202.5464630126953,211.64999389648438,194.4851837158203,288.73626708984375,773.833740234375,531.3954467773438,179.7605743408203,309.260009765625,234.69444274902344,104.05318450927734
2025-08-05,202.1181640625,213.75,194.11624145507812,285.9004821777344,760.9659423828125,523.5679321289062,178.0229034423828,308.7200012207031,244.45310974121094,103.92720031738281
2025-08-06,212.40733337402344,222.30999755859375,195.5321807861328,285.8808898925781,769.468017578125,520.7802124023438,179.18133544921875,319.9100036621094,239.36924743652344,103.2197494506836
2025-08-07,219.16053771972656,223.1300048828125,195.9609832763672,281.5536804199219,759.3411865234375,516.7127075195312,180.52955627441406,322.2699890136719,238.2882080078125,102.67704772949219
2025-08-08,228.44371032714844,222.69000244140625,200.84701538085938,283.3395080566406,766.7868041992188,517.9031982421875,182.4569854736328,329.6499938964844,244.34596252441406,103.50079345703125
2025-08-11,226.53909301757812,221.3000030517578,200.42822265625,284.12445068359375,763.3680419921875,517.6353759765625,181.81784057617188,339.0299987792969,245.787353515625,102.56074523925781
2025-08-12,229.0021209716797,221.47000122070312,202.76156616210938,287.3527526855469,787.419189453125,525.046142578125,182.9163818359375,340.8399963378906,254.74742126464844,102.85148620605469
2025-08-13,232.6717529296875,224.55999755859375,201.385498046875,285.0762939453125,777.5316772460938,516.454833984375,181.3484649658203,339.3800048828125,264.7203063964844,104.27606964111328
2025-08-14,232.12330627441406,230.97999572753906,202.36270141601562,288.63812255859375,779.5748901367188,518.3397216796875,181.77789306640625,335.5799865722656,264.40863037109375,104.0628662109375
2025-08-15,230.9366455078125,231.02999877929688,203.31996154785156,285.03704833984375,782.664794921875,516.0480346679688,180.20999145507812,330.55999755859375,296.0804443359375,104.16068267822266
2025-08-18,230.23863220214844,231.49000549316406,202.92111206054688,286.0575256347656,764.8631591796875,513.0023803710938,181.7678985595703,335.1600036621094,300.4435729980469,104.38565826416016
2025-08-19,229.90956115722656,228.00999450683594,200.99661254882812,285.203857421875,749.0250854492188,505.73040771484375,175.40638732910156,329.30999755859375,296.3044128417969,105.07034301757812
2025-08-20,225.3723907470703,223.80999755859375,198.7530059814453,286.7541809082031,745.2772827148438,501.7125549316406,175.1667022705078,323.8999938964844,292.0191955566406,106.15605926513672
2025-08-21,224.26551818847656,221.9499969482422,199.18179321289062,285.9986572265625,736.6854248046875,501.0666198730469,174.74725341796875,320.1099853515625,295.43768310546875,106.84075164794922
2025-08-22,227.11744689941406,228.83999633789062,205.5037384033203,290.6790771484375,752.32421875,504.037841796875,177.7532501220703,340.010009765625,299.4014892578125,108.84590148925781
2025-08-25,226.51914978027344,227.94000244140625,207.8969268798828,289.3642578125,750.8391723632812,501.0865173339844,179.57083129882812,346.6000061035156,296.90826416015625,109.29583740234375
2025-08-26,228.6630859375,228.7100067138672,206.55076599121094,292.9653625488281,751.636474609375,498.8804626464844,181.52822875976562,351.6700134277344,292.59381103515625,109.05130767822266
2025-08-27,229.8397674560547,229.1199951171875,206.8897705078125,293.6620178222656,744.9384765625,503.5509033203125,181.35845947265625,349.6000061035156,295.9538269042969,110.28376007080078
2025-08-28,231.9039306640625,231.60000610351562,211.0379638671875,295.41845703125,748.6563110351562,506.4326477050781,179.93035888671875,345.9800109863281,294.4052734375,110.87063598632812
2025-08-29,231.485107421875,229.0,212.30433654785156,295.7618408203125,736.286865234375,503.501220703125,173.9483184814453,333.8699951171875,301.7875671386719,111.7900619506836
2025-09-02,229.0719451904297,225.33999633789062,210.74879455566406,294.07415771484375,732.70849609375,501.9410705566406,170.55284118652344,329.3599853515625,300.7454528808594,112.18132019042969
2025-09-03,237.79725646972656,225.99000549316406,230.00384521484375,293.8877258300781,734.6421508789062,502.16961669921875,170.39306640625,334.0899963378906,299.8494873046875,109.46212768554688
2025-09-04,239.10353088378906,235.67999267578125,231.63919067382812,298.1168212890625,746.204345703125,504.7731628417969,171.43167114257812,338.5299987792969,302.2843017578125,109.94140625
2025-09-05,239.01380920410156,232.3300018310547,234.33151245117188,288.85400390625,749.9918823242188,491.8847961425781,166.7978515625,350.8399963378906,307.16357421875,106.84075164794922
2025-09-08,237.20892333984375,235.83999633789062,233.5829620361328,287.4115905761719,749.8424072265625,495.0646667480469,168.0861358642578,346.3999938964844,311.8968200683594,107.44718170166016
2025-09-09,233.6888885498047,238.24000549316406,239.16204833984375,292.2588806152344,763.1986083984375,495.2733154296875,170.53286743164062,346.9700012207031,338.8451232910156,108.22969055175781
2025-09-10,226.1501922607422,230.3300018310547,238.7029266357422,294.89837646484375,749.5234375,497.2209777832031,177.09414672851562,347.7900085449219,337.7348327636719,110.03923034667969
2025-09-11,229.3810577392578,229.9499969482422,239.9005889892578,299.82415771484375,748.447021484375,497.8569641113281,176.94432067871094,368.80999755859375,344.38665771484375,109.68710327148438
2025-09-12,233.40968322753906,228.14999389648438,240.32977294921875,301.1488037109375,753.1216430664062,506.6910095214844,177.59349060058594,395.94000244140625,343.3153991699219,109.70665740966797
2025-09-15,236.03224182128906,231.42999267578125,251.11865234375,303.1014404296875,762.201904296875,512.1166381835938,177.52357482910156,410.0400085449219,340.9534606933594,109.89250183105469
2025-09-16,237.4781494140625,234.0500030517578,250.66952514648438,303.3860168457031,776.4552001953125,505.83642578125,174.65724182128906,421.6199951171875,333.005126953125,112.17153930664062
2025-09-17,238.3157958984375,231.6199951171875,249.04270935058594,305.89794921875,773.1858520507812,506.81024169921875,170.07308959960938,425.8599853515625,334.79864501953125,112.76820373535156
2025-09-18,237.20892333984375,231.22999572753906,251.53782653808594,307.3501892089844,777.7010498046875,505.2501220703125,176.01551818847656,416.8500061035156,328.14404296875,111.43794250488281
2025-09-19,244.8074188232422,231.47999572753906,254.2225799560547,308.8710632324219,775.8372192382812,514.6704711914062,176.4449462890625,426.07000732421875,329.97674560546875,110.35221862792969
2025-09-22,255.35755920410156,227.6300048828125,252.036865234375,306.5749816894531,763.1751098632812,511.21240234375,183.37612915039062,434.2099914550781,334.4948425292969,109.56971740722656
2025-09-23,253.7122344970703,220.7100067138672,251.16856384277344,306.8693542480469,753.4404907226562,506.0252380371094,178.2027130126953,425.8500061035156,340.7574157714844,111.45750427246094
2025-09-24,251.5981903076172,220.2100067138672,246.65737915039062,307.53662109375,758.686767578125,506.9394226074219,176.74456787109375,442.7900085449219,344.7952575683594,112.05416107177734
2025-09-25,256.14532470703125,218.14999389648438,245.30999755859375,307.5660705566406,746.9672241210938,503.8390808105469,177.4636688232422,423.3900146484375,338.6698913574219,113.06163024902344
2025-09-26,254.73931884765625,219.77999877929688,246.0585479736328,310.1270446777344,741.8206176757812,508.2411804199219,177.96302795410156,440.3999938964844,337.2193603515625,114.65597534179688
2025-09-29,253.7122344970703,222.1699981689453,243.57342529296875,309.7640075683594,741.4716186523438,511.3614196777344,181.61837768554688,443.2099914550781,338.2974853515625,111.72160339355469
2025-09-30,253.9116668701172,219.57000732421875,242.62527465820312,309.50885009765625,732.4749145507812,514.6903686523438,186.3423309326172,444.7200012207031,338.4150695800781,110.28376007080078
2025-10-01,254.72933959960938,220.6300048828125,244.42173767089844,304.87744140625,715.4791870117188,516.4392700195312,187.0015106201172,459.4599914550781,341.3552551269531,109.54037475585938
2025-10-02,256.40460205078125,222.41000366210938,245.210205078125,301.77679443359375,725.1639404296875,512.4942626953125,188.64939880371094,436.0,346.66717529296875,108.8556900024414
2025-10-03,257.2920837402344,219.50999450683594,244.8708953857422,304.210205078125,708.7167358398438,514.0940551757812,187.38099670410156,429.8299865722656,353.01800537109375,110.78260040283203
2025-10-06,255.96583557128906,220.89999389648438,249.9409637451172,304.85113525390625,713.8035278320312,525.2435302734375,185.30364990234375,453.25,351.61651611328125,111.70203399658203
2025-10-07,255.75645446777344,221.77999877929688,245.2800750732422,303.3819885253906,711.230224609375,520.682373046875,184.80429077148438,433.0899963378906,356.4090270996094,111.76072692871094
2025-10-08,257.3320007324219,225.22000122070312,244.1422882080078,299.7732238769531,715.9779052734375,521.5469360351562,188.86911010742188,438.69000244140625,362.544189453125,111.52597045898438
2025-10-09,253.32330322265625,227.74000549316406,241.05833435058594,301.2522277832031,731.6072387695312,519.1123657226562,192.32470703125,435.5400085449219,360.3586730957031,110.44026184082031
2025-10-10,244.5780792236328,216.3699951171875,236.1080322265625,296.6772155761719,703.4703979492188,507.74432373046875,182.92669677734375,413.489990234375,347.431640625,108.30793762207031
2025-10-13,246.96133422851562,220.07000732421875,243.6732177734375,303.6580810546875,713.8433837890625,510.8149108886719,188.0801239013672,435.8999938964844,351.5086975097656,109.78490447998047
2025-10-14,247.07101440429688,216.38999938964844,244.97068786621094,297.85052490234375,706.811767578125,510.337890625,179.80067443847656,429.239990234375,352.75335693359375,109.83380889892578
2025-10-15,248.63658142089844,215.57000732421875,250.53977966308594,301.4100036621094,715.6885986328125,510.1988220214844,179.60093688964844,435.1499938964844,353.9490661621094,109.16868591308594
2025-10-16,246.7519073486328,214.47000122070312,250.9689483642578,294.3600769042969,710.2228393554688,508.3902282714844,181.5784149169922,428.75,349.5583801269531,108.21990966796875
2025-10-17,251.5782470703125,213.0399932861328,252.80535888671875,293.3938293457031,715.0602416992188,510.3478698730469,182.9866180419922,439.30999755859375,349.48974609375,109.78490447998047
2025-10-20,261.50018310546875,216.47999572753906,256.04901123046875,298.1265869140625,730.2706909179688,513.5376586914062,182.40736389160156,447.42999267578125,357.2126770019531,110.2348403930664
2025-10-21,262.0286865234375,222.02999877929688,249.9709014892578,292.9303894042969,731.3678588867188,514.4021606445312,180.9292449951172,442.6000061035156,358.0848693847656,110.24462890625
2025-10-22,257.72088623046875,217.9499969482422,251.19851684570312,289.9920959472656,731.5074462890625,517.2639770507812,180.05035400390625,438.9700012207031,354.2822265625,112.20088195800781
2025-10-23,258.84765625,221.08999633789062,252.58578491210938,290.4161376953125,732.095947265625,517.283935546875,181.92796325683594,448.9800109863281,353.2630310058594,113.44310760498047
2025-10-24,262.07855224609375,224.2100067138672,259.4124450683594,296.2335205078125,736.444580078125,520.3147583007812,186.02272033691406,433.7200012207031,355.2720947265625,112.86600494384766
2025-10-27,268.0516357421875,226.97000122070312,268.7441711425781,299.89154052734375,748.872314453125,528.1749877929688,191.24607849121094,452.4200134277344,358.6827697753906,113.40397644042969
2025-10-28,268.2410888671875,229.25,266.9476623535156,301.0845947265625,749.49072265625,538.6585083007812,200.77394104003906,460.54998779296875,360.5056457519531,112.51387786865234
2025-10-29,268.93914794921875,230.3000030517578,274.0338134765625,301.2325134277344,749.7201538085938,538.1417846679688,206.77627563476562,461.510009765625,348.1764831542969,113.9028091430664
2025-10-30,270.63433837890625,222.86000061035156,280.93035888671875,305.1075134277344,664.7410888671875,522.4512329101562,202.63156127929688,440.1000061035156,337.8760681152344,112.18132019042969
2025-10-31,269.60723876953125,244.22000122070312,280.6408996582031,306.7639465332031,646.6680908203125,514.5512084960938,202.23207092285156,456.55999755859375,334.7496643066406,111.85853576660156
2025-11-03,268.2909851074219,254.0,283.16595458984375,305.0187683105469,636.0557861328125,513.776123046875,206.61647033691406,468.3699951171875,327.13458251953125,111.27166748046875
2025-11-04,269.2781982421875,249.32000732421875,276.9980163574219,304.920166015625,625.6926879882812,511.0931091308594,198.43690490722656,444.260009765625,324.23358154296875,111.64334869384766
2025-11-05,269.3778991699219,250.1999969482422,283.7547912597656,307.3161315917969,634.30029296875,503.96826171875,194.9613494873047,462.07000732421875,321.2052001953125,111.19342041015625
2025-11-06,269.0089416503906,243.0399932861328,284.1939392089844,309.03179931640625,617.3344116210938,493.9715576171875,187.84043884277344,445.9100036621094,315.1484375,111.9954833984375
2025-11-07,267.7126159667969,244.41000366210938,278.2854919433594,309.8106994628906,620.0972290039062,493.6933288574219,187.9103240966797,429.5199890136719,317.74560546875,114.65597534179688
2025-11-10,268.9303283691406,248.39999389648438,289.5334777832031,312.45318603515625,630.1211547851562,502.8155822753906,198.7964630126953,445.2300109863281,315.16802978515625,115.63410949707031
2025-11-11,274.73956298828125,249.10000610351562,290.7411193847656,311.200927734375,625.453369140625,505.4786682128906,192.91395568847656,439.6199951171875,320.9209899902344,117.15998077392578
2025-11-12,272.962890625,244.1999969482422,286.1501159667969,315.92388916015625,607.43017578125,507.9231872558594,193.55313110351562,430.6000061035156,332.2994689941406,115.53629302978516
2025-11-13,272.4438171386719,237.5800018310547,278.0260314941406,305.1469421386719,608.3079223632812,500.12261962890625,186.62197875976562,401.989990234375,325.889892578125,116.19164276123047
2025-11-14,271.90484619140625,234.69000244140625,275.8702087402344,299.35906982421875,607.8790283203125,506.96923828125,189.92774963378906,404.3500061035156,315.4424133300781,117.70126342773438
2025-11-17,266.9639892578125,232.8699951171875,284.4634094238281,296.1644592285156,600.4483032226562,504.2961730957031,186.36231994628906,408.9200134277344,314.129150390625,116.11270141601562
2025-11-18,266.94403076171875,222.5500030517578,283.724853515625,295.2179260253906,596.1395874023438,490.6824035644531,181.1289825439453,401.25,307.3275146484375,117.44471740722656
2025-11-19,268.0619812011719,222.69000244140625,292.2381896972656,299.02386474609375,588.7886352539062,484.05438232421875,186.28240966796875,403.989990234375,302.92706298828125,115.78709411621094
2025-11-20,265.7562561035156,217.13999938964844,288.884765625,294.2023620605469,587.6217651367188,476.3088684082031,180.40989685058594,395.2300109863281,305.3282470703125,115.46148681640625
2025-11-21,270.98651123046875,220.69000244140625,299.0748291015625,293.8473815917969,592.70849609375,470.0268249511719,178.65213012695312,391.0899963378906,313.5901184082031,115.52069091796875
2025-11-24,275.4083557128906,226.27999877929688,317.9578552246094,293.8276672363281,611.459716796875,471.8985290527344,182.3174591064453,417.7799987792969,312.6884765625,114.42547607421875
2025-11-25,276.45635986328125,229.6699981689453,322.8083801269531,298.75762939453125,634.569580078125,474.8752136230469,177.59349060058594,419.3999938964844,319.7743225097656,112.98491668701172
2025-11-26,277.0353088378906,229.16000366210938,319.3252258300781,303.33270263671875,631.9664306640625,483.3475036621094,180.03036499023438,426.5799865722656,323.1358947753906,113.241455078125
2025-11-28,278.3328857421875,233.22000122070312,319.55474853515625,308.6965026855469,646.2691650390625,489.82867431640625,176.7745361328125,430.1700134277344,323.1947021484375,114.37613677978516
2025-12-01,282.57501220703125,233.8800048828125,314.2751159667969,304.59478759765625,639.2075805664062,484.5820007324219,179.69082641601562,430.1400146484375,316.7655334472656,115.0766830444336
2025-12-02,285.6592712402344,234.4199981689453,315.19329833984375,303.5693359375,645.4213256835938,487.82757568359375,181.22886657714844,429.239990234375,318.06903076171875,113.84333038330078
2025-12-03,283.623046875,232.3800048828125,319.0058288574219,307.75982666015625,637.9408569335938,475.6119689941406,179.36123657226562,446.739990234375,332.9365234375,116.2311019897461
2025-12-04,280.179443359375,229.11000061035156,316.9997253417969,311.6742858886719,659.81396484375,478.7081604003906,183.15660095214844,454.5299987792969,326.8405456542969,115.57988739013672
2025-12-05,278.26300048828125,229.52999877929688,320.6426086425781,310.6291198730469,671.673095703125,481.01788330078125,182.1877899169922,455.0,324.31201171875,114.9878921508789
2025-12-08,277.3746643066406,226.88999938964844,313.3121643066406,310.79669189453125,665.0702514648438,488.8430480957031,185.323974609375,439.5799865722656,319.2998352050781,114.43534088134766
2025-12-09,276.6659851074219,227.9199981689453,316.66778564453125,296.30255126953125,655.2557983398438,489.8385925292969,184.7446746826172,445.1700134277344,319.28009033203125,116.67510986328125
2025-12-10,278.26300048828125,231.77999877929688,319.7937316894531,305.76806640625,648.4434814453125,476.4382629394531,183.55612182617188,451.45001220703125,323.9864196777344,117.94792938232422
2025-12-11,277.514404296875,230.27999877929688,312.02386474609375,312.9363098144531,651.016845703125,481.3265075683594,180.70957946777344,446.8900146484375,332.2348327636719,117.94792938232422
2025-12-12,277.763916015625,226.19000244140625,308.887939453125,314.06036376953125,642.558837890625,476.4084167480469,174.80679321289062,458.9599914550781,337.2765808105469,117.23751831054688
2025-12-15,273.6016540527344,222.5399932861328,307.8193359375,315.5393371582031,646.3570556640625,472.7148742675781,176.07522583007812,475.30999755859375,336.5464782714844,116.19164276123047
2025-12-16,274.1007385253906,222.55999755859375,306.1714782714844,311.1319580078125,655.9799194335938,474.2779235839844,177.5034942626953,489.8800048828125,329.7386169433594,113.15265655517578
2025-12-17,271.33587646484375,221.27000427246094,296.3342590332031,310.5699462890625,648.343505859375,474.00909423828125,170.73175048828125,467.260009765625,327.2029113769531,115.84630584716797
2025-12-18,271.68524169921875,226.75999450683594,302.0668029785156,308.6176452636719,663.266845703125,481.8342590332031,173.9278564453125,483.3699951171875,323.7594909667969,114.9878921508789
2025-12-19,273.1625061035156,227.35000610351562,306.7607116699219,312.7686767578125,657.5969848632812,483.7656555175781,180.76953125,481.20001220703125,323.0491027832031,115.1358871459961
2025-12-22,270.4674987792969,228.42999267578125,309.3773193359375,318.5663757324219,660.3221435546875,482.7701110839844,183.4662322998047,488.7300109863281,320.81927490234375,116.57644653320312
2025-12-23,271.85491943359375,232.13999938964844,313.94134521484375,321.3666076660156,663.7559814453125,484.6915588378906,188.97952270507812,485.55999755859375,320.46405029296875,117.82952880859375
2025-12-24,273.3022155761719,232.3800048828125,313.6816711425781,324.5612487792969,666.361328125,485.8563232421875,188.38023376464844,485.3999938964844,323.20697021484375,117.63218688964844
2025-12-26,272.89300537109375,232.52000427246094,313.10247802734375,323.31890869140625,662.1089477539062,485.5477294921875,190.2978973388672,475.19000244140625,327.40020751953125,117.5236587524414
2025-12-29,273.2523498535156,232.07000732421875,313.15240478515625,319.2171325683594,657.5171508789062,484.9404296875,187.99070739746094,459.6400146484375,324.548828125,118.92474365234375
2025-12-30,272.57354736328125,232.52999877929688,313.4420166015625,318.89178466796875,664.7642211914062,485.3187561035156,187.31153869628906,454.42999267578125,327.7257995605469,119.37861633300781
2025-12-31,271.3558349609375,230.82000732421875,312.5931091308594,317.70855712890625,658.9146118164062,481.4758605957031,186.27279663085938,449.7200012207031,325.70318603515625,118.73727416992188
2026-01-02,270.5074462890625,226.5,314.74029541015625,320.92291259765625,649.2518310546875,470.84320068359375,188.6199493408203,438.07000732421875,331.9092102050781,121.01651763916016
2026-01-05,266.764404296875,233.05999755859375,316.1285095214844,329.3630676269531,657.616943359375,470.75360107421875,187.89083862304688,451.6700134277344,337.4541931152344,123.69042205810547
2026-01-06,261.87347412109375,240.92999267578125,313.9313659667969,331.41326904296875,659.4436645507812,476.3885192871094,187.0119171142578,432.9599914550781,344.3114013671875,119.43782043457031
2026-01-07,259.84722900390625,241.55999755859375,321.56146240234375,323.8660888671875,647.534912109375,481.3265075683594,188.87962341308594,431.4100036621094,337.13848876953125,116.91191101074219
2026-01-08,258.55963134765625,246.2899932861328,325.0169372558594,326.63934326171875,644.9096069335938,475.9902648925781,184.8145751953125,435.79998779296875,342.2197265625,121.27305603027344
2026-01-09,258.8890075683594,247.3800048828125,328.14288330078125,326.0450744628906,651.8971557617188,477.15509033203125,184.63479614257812,445.010009765625,339.3880310058594,122.95040893554688
2026-01-12,259.7673645019531,246.47000122070312,331.4285888671875,321.38995361328125,640.8268432617188,475.06439208984375,184.71470642089844,448.9599914550781,335.9643859863281,122.37812805175781
2026-01-13,260.5658874511719,242.60000610351562,335.5332336425781,307.9297790527344,629.96630859375,468.5832824707031,185.58364868164062,447.20001220703125,329.47216796875,124.85469818115234
2026-01-14,259.4779052734375,236.64999389648438,335.4034118652344,304.9287414550781,614.4240112304688,457.3433532714844,182.91690063476562,439.20001220703125,330.4884338378906,128.4659423828125
2026-01-15,257.7311706542969,238.17999267578125,332.347412109375,306.30548095703125,619.694580078125,454.6354064941406,186.82212829589844,438.57000732421875,334.4350280761719,127.41020965576172
2026-01-16,255.05612182617188,239.1199951171875,329.5710144042969,309.48480224609375,619.1455688476562,457.8211975097656,186.0031280517578,437.5,326.6010437011719,128.1600799560547
2026-01-20,246.2425079345703,231.0,321.5814208984375,299.8477478027344,603.0443115234375,452.5048522949219,177.85308837890625,419.25,333.912109375,128.72250366210938
2026-01-21,247.1907501220703,231.30999755859375,327.953125,299.15447998046875,611.8685913085938,442.1409912109375,183.09669494628906,431.44000244140625,343.1076965332031,131.83055114746094
2026-01-22,247.8894500732422,234.33999633789062,330.11029052734375,300.729248046875,646.476806640625,449.1398620605469,184.6148223876953,449.3599853515625,349.7380065917969,131.8601531982422
2026-01-23,247.58001708984375,239.16000366210938,327.5036926269531,294.8757019042969,657.5870361328125,463.8841857910156,187.44137573242188,449.05999755859375,351.5041198730469,133.17242431640625
2026-01-26,254.93637084960938,238.4199981689453,332.8267822265625,298.16400146484375,671.1627197265625,468.1949768066406,186.2428436279297,435.20001220703125,346.9457702636719,133.0441436767578
2026-01-27,257.7910461425781,244.67999267578125,334.1150817871094,297.44097900390625,671.7716674804688,478.4493408203125,188.29034423828125,430.8999938964844,278.92608642578125,135.00765991210938
2026-01-28,255.96444702148438,243.00999450683594,335.57318115234375,297.89654541015625,667.5391845703125,479.4946594238281,191.28668212890625,431.4599914550781,290.094970703125,135.74766540527344
2026-01-29,257.801025390625,241.72999572753906,337.810302734375,303.49261474609375,736.995361328125,431.57806396484375,192.27548217773438,416.55999755859375,288.3880920410156,138.63864135742188
2026-01-30,258.99884033203125,239.3000030517578,337.56060791015625,302.9676818847656,715.2241821289062,428.3822937011719,190.8971710205078,430.4100036621094,283.099609375,139.51678466796875
2026-02-02,269.50927734375,242.9600067138672,343.2431945800781,305.1961975097656,705.152099609375,421.49298095703125,185.38388061523438,421.80999755859375,281.77752685546875,136.55674743652344
2026-02-03,268.98028564453125,238.6199951171875,339.26837158203125,311.8420715332031,690.4683227539062,409.3868713378906,180.12030029296875,421.9599914550781,280.3863220214844,141.81576538085938
2026-02-04,275.97723388671875,232.99000549316406,332.6070861816406,314.2389221191406,667.798828125,412.35369873046875,173.97781372070312,406.010009765625,272.2366027832031,145.6243438720703
2026-02-05,275.3983459472656,222.69000244140625,330.81939697265625,307.1968688964844,669.0166625976562,391.9246520996094,171.67062377929688,397.2099914550781,264.9649963378906,144.13446044921875
2026-02-06,277.6042175292969,210.32000732421875,322.4402770996094,319.3199462890625,660.2822265625,399.3615417480469,185.18414306640625,411.1099853515625,272.95684814453125,147.06491088867188
2026-02-09,274.3672180175781,208.72000122070312,323.8984069824219,319.0228271484375,676.0140991210938,411.76629638671875,189.80848693847656,417.32000732421875,272.01953125,149.19615173339844
2026-02-10,273.4280700683594,206.9600067138672,318.16583251953125,315.2392883300781,669.525634765625,411.437744140625,188.31031799316406,425.2099914550781,269.5726623535156,149.57107543945312
2026-02-11,275.24639892578125,204.0800018310547,310.55572509765625,307.8505859375,667.4993286132812,402.5771789550781,189.81849670410156,428.2699890136719,275.18670654296875,153.4882049560547
2026-02-12,261.4891052246094,199.60000610351562,308.59832763671875,299.74871826171875,648.6529541015625,400.05841064453125,186.7122802734375,417.07000732421875,280.57379150390625,148.91920471191406
2026-02-13,255.5445556640625,198.7899932861328,305.32257080078125,299.6595458984375,638.6307983398438,399.5407409667969,182.58729553222656,417.44000244140625,289.2760314941406,147.44918823242188
2026-02-17,263.6371154785156,201.14999389648438,301.6273498535156,304.19580078125,638.1516723632812,395.1004943847656,184.7446746826172,410.6300048828125,285.23077392578125,145.20443725585938
2026-02-18,264.106689453125,204.7899932861328,302.9356689453125,305.8300476074219,642.0746459960938,397.8283386230469,187.75099182128906,411.32000732421875,284.3526916503906,149.66415405273438
2026-02-19,260.3401184082031,204.86000061035156,302.456298828125,305.1070251464844,643.6318969726562,397.5988464355469,187.6710968017578,411.7099914550781,286.0595703125,149.95220947265625
2026-02-20,264.3364562988281,210.11000061035156,314.570556640625,307.82086181640625,654.4925537109375,396.37152099609375,189.58877563476562,411.82000732421875,286.1286315917969,146.28707885742188
2026-02-23,265.9349670410156,205.27000427246094,311.0850524902344,294.82623291015625,636.1153564453125,383.6390686035156,191.316650390625,399.8299865722656,278.5708923339844,149.74362182617188
2026-02-24,271.8895263671875,208.55999755859375,310.495849609375,294.459716796875,638.1616821289062,388.1593017578125,192.61508178710938,409.3800048828125,270.29290771484375,148.25372314453125
2026-02-25,273.97760009765625,210.63999938964844,312.4932556152344,300.4023742675781,652.5260009765625,399.7342224121094,195.32176208496094,417.3999938964844,280.40606689453125,148.05508422851562
2026-02-26,272.6987609863281,207.9199981689453,306.98040771484375,303.20538330078125,655.8401489257812,400.851806640625,184.66476440429688,408.5799865722656,282.8332214355469,147.53857421875
2026-02-27,263.93682861328125,210.0,311.354736328125,297.4310607910156,647.0258178710938,391.8912048339844,176.97415161132812,402.510009765625,289.3549499511719,151.47189331054688
2026-03-02,264.476318359375,208.38999938964844,306.12152099609375,294.7172546386719,652.396240234375,397.6886291503906,182.25770568847656,403.32000732421875,290.9928283691406,153.1802978515625
2026-03-03,263.5072326660156,208.72999572753906,303.1853332519531,297.3914489746094,653.91357421875,403.0570068359375,179.83065795898438,392.42999267578125,285.34918212890625,150.80641174316406
2026-03-04,262.2783508300781,216.82000732421875,302.7359619140625,296.52978515625,666.541015625,404.32427978515625,182.8170166015625,405.94000244140625,288.0624694824219,148.80996704101562
2026-03-05,260.0504150390625,218.94000244140625,300.4888916015625,290.74554443359375,659.393798828125,409.79241943359375,183.11663818359375,405.54998779296875,284.9150390625,149.74362182617188
2026-03-06,257.2229919433594,213.2100067138672,298.1319274902344,286.7144470214844,643.7117309570312,408.0761413574219,177.6033935546875,396.7300109863281,282.6556396484375,150.1905975341797
2026-03-09,259.6407775878906,213.49000549316406,306.1770935058594,287.1502685546875,646.2372436523438,408.5251770019531,182.427490234375,398.67999267578125,283.550537109375,149.42578125
2026-03-10,260.58990478515625,214.3300018310547,306.8567199707031,285.97161865234375,652.9053955078125,404.8830871582031,184.54490661621094,399.239990234375,280.736572265625,147.13136291503906
2026-03-11,260.5699157714844,212.64999389648438,308.5157470703125,284.7731628417969,653.6939697265625,404.0049743652344,185.8134307861328,407.82000732421875,283.63006591796875,150.55809020996094
2026-03-12,255.52456665039062,209.52999877929688,303.3687744140625,280.18743896484375,637.043701171875,400.9914855957031,182.9268035888672,395.010009765625,275.47662353515625,152.4949493408203
2026-03-13,249.8897705078125,207.6699981689453,302.09954833984375,280.7321472167969,612.6171875,394.69512939453125,180.0401611328125,391.20001220703125,280.4880065917969,155.06747436523438
2026-03-16,252.58729553222656,211.74000549316406,305.3775939941406,283.4261474609375,626.8690185546875,399.08563232421875,183.0067138671875,395.55999755859375,283.8686828613281,156.1699981689453
2026-03-17,253.99598693847656,215.1999969482422,310.7344055175781,284.1492004394531,622.0834350585938,398.5467834472656,181.71820068359375,399.2699890136719,285.9368896484375,157.73934936523438
2026-03-18,249.70994567871094,209.8699951171875,307.5063171386719,284.99102783203125,615.1099243164062,390.9432678222656,180.1899871826172,392.7799987792969,282.71527099609375,156.52757263183594
2026-03-19,248.73085021972656,208.75999450683594,306.9466552734375,285.2188720703125,606.1382446289062,388.1792297363281,178.3521270751953,380.29998779296875,278.8473815917969,157.09373474121094
2026-03-20,247.76173400878906,205.3699951171875,300.8203125,283.82232666015625,593.1102905273438,381.0447082519531,172.4989471435547,367.9599914550781,274.0249328613281,158.5935516357422
2026-03-23,251.25851440429688,210.13999938964844,301.87969970703125,287.14031982421875,603.5006713867188,382.1722717285156,175.43553161621094,380.8500061035156,268.00927734375,160.04371643066406
2026-03-24,251.4083709716797,207.24000549316406,290.2666320800781,289.6065368652344,592.3709716796875,371.9344177246094,174.99603271484375,383.0299987792969,270.73370361328125,164.2650604248047
2026-03-25,252.38746643066406,211.7100067138672,290.7563171386719,292.59771728515625,594.3391723632812,370.2381286621094,178.47198486328125,385.95001220703125,269.0135192871094,162.1593475341797
2026-03-26,252.6572265625,207.5399932861328,280.7523193359375,288.87359619140625,547.032958984375,365.1790771484375,171.04066467285156,372.1099853515625,266.5277404785156,164.31471252441406
2026-03-27,248.57098388671875,199.33999633789062,274.1762390136719,280.13787841796875,525.233154296875,355.9989318847656,167.32498168945312,361.8299865722656,257.54901123046875,169.8372344970703
2026-03-30,246.40298461914062,200.9499969482422,273.33673095703125,281.0589904785156,535.8833618164062,358.1842041015625,164.97772216796875,355.2799987792969,260.3033142089844,170.31399536132812
2026-03-31,253.55638122558594,208.27000427246094,287.3883361816406,291.3497314453125,571.6002197265625,369.3699951171875,174.1969757080078,371.75,269.0533142089844,168.51620483398438
2026-04-01,255.3946990966797,210.57000732421875,297.2124938964844,292.5580749511719,578.6936645507812,368.57171630859375,175.54541015625,381.260009765625,272.424072265625,159.69607543945312
2026-04-02,255.68443298339844,209.77000427246094,295.59344482421875,291.7855224609375,573.9281005859375,372.6528625488281,177.18348693847656,360.5899963378906,275.6854553222656,159.60667419433594
2026-04-06,258.6217041015625,212.7899932861328,299.8109130859375,294.125,572.4894409179688,372.0741271972656,177.43319702148438,352.82000732421875,279.76214599609375,162.2686004638672
2026-04-07,253.26666259765625,213.77000427246094,305.27764892578125,296.0662536621094,574.5175170898438,371.48541259765625,177.89266967773438,346.6499938964844,305.982421875,162.8049774169922
2026-04-08,258.66168212890625,221.25,317.1305847167969,306.5888366699219,611.8529052734375,373.52099609375,181.8680419921875,343.25,304.2423400878906,155.16680908203125
2026-04-09,260.2502136230469,233.64999389648438,318.29986572265625,308.938232421875,627.8081665039062,372.26373291015625,183.69590759277344,345.6199951171875,305.16705322265625,153.99476623535156
2026-04-10,260.240234375,238.3800048828125,317.0506286621094,308.4803161621094,629.2767333984375,370.0684814453125,188.41041564941406,348.95001220703125,302.6016845703125,151.4818115234375
2026-04-13,258.96142578125,239.88999938964844,321.1181945800781,312.2732238769531,633.9425048828125,383.539306640625,189.08961486816406,352.4200134277344,311.22247314453125,151.61094665527344
2026-04-14,258.59173583984375,249.02000427246094,332.7112731933594,309.7247009277344,661.8765258789062,392.2604064941406,196.28123474121094,364.20001220703125,312.40570068359375,148.23387145996094
2026-04-15,266.18475341796875,248.5,336.91876220703125,304.5579833984375,670.9581909179688,410.3312683105469,198.63848876953125,391.95001220703125,312.2664794921875,148.0054168701172
2026-04-16,263.15753173828125,249.6999969482422,335.81939697265625,308.5599670410156,676.2432250976562,419.35174560546875,198.1190948486328,388.8999938964844,314.6031494140625,150.9553985595703
2026-04-17,269.98126220703125,250.55999755859375,341.4760437011719,308.8984375,687.9124145507812,421.87628173828125,201.44520568847656,400.6199951171875,322.78643798828125,145.45274353027344
2026-04-20,272.79864501953125,248.27999877929688,337.2185974121094,315.5683898925781,670.2887573242188,417.1664733886719,201.82476806640625,392.5,321.6429748535156,146.6843719482422
2026-04-21,265.9250183105469,249.91000366210938,332.0916442871094,311.5962829589844,668.220703125,423.2433166503906,199.64732360839844,386.4200134277344,344.0450134277344,147.35980224609375
2026-04-22,272.9185791015625,255.36000061035156,339.1174621582031,311.6161804199219,674.09521484375,431.984375,202.26426696777344,387.510009765625,351.5123596191406,148.4921112060547
2026-04-23,273.1783142089844,255.0800018310547,338.6877136230469,310.29217529296875,658.5396728515625,414.8514709472656,199.4075927734375,373.7200012207031,352.54644775390625,149.51516723632812
2026-04-24,270.81048583984375,263.989990234375,344.19439697265625,306.8974609375,674.4049682617188,423.7023010253906,208.0275421142578,376.29998779296875,352.9044189453125,147.90609741210938
2026-04-27,267.3636474609375,261.1199951171875,350.130859375,310.232421875,677.9916381835938,423.9018859863281,216.3578338623047,378.6700134277344,352.67572021484375,147.19094848632812
2026-04-28,270.4608154296875,259.70001220703125,349.5711975097656,310.0532531738281,670.7183837890625,428.3222961425781,212.92184448242188,376.0199890136719,364.6871032714844,149.5449676513672
2026-04-29,269.92132568359375,263.0400085449219,349.7311096191406,307.86309814453125,668.5004272460938,423.5426330566406,209.00640869140625,372.79998779296875,368.6345520019531,153.62725830078125
2026-04-30,271.1002502441406,265.05999755859375,384.5702819824219,311.82525634765625,611.3433837890625,406.8987121582031,199.33767700195312,381.6300048828125,368.37603759765625,153.28955078125
2026-05-01,279.88214111328125,268.260009765625,385.45977783203125,311.06866455078125,608.1863403320312,413.5443115234375,198.21897888183594,390.82000732421875,366.6856994628906,151.72019958496094
2026-05-04,276.5751647949219,272.04998779296875,383.0212097167969,306.270263671875,609.8447875976562,412.72607421875,198.24893188476562,392.510009765625,368.6445007324219,152.65386962890625
2026-05-05,283.9184265136719,273.54998779296875,388.1981201171875,308.0124206542969,604.3998413085938,410.4909362792969,196.271240234375,389.3699951171875,361.8035583496094,153.83584594726562
2026-05-06,287.245361328125,274.989990234375,397.8023986816406,313.4877624511719,612.3125,413.0653381347656,207.5880584716797,398.7300109863281,365.1942138671875,147.6875762939453
2026-05-07,287.1754150390625,271.1700134277344,397.7524108886719,304.8964538574219,616.2388305664062,419.8606262207031,211.2537841796875,411.7900085449219,367.6402282714844,145.591796875
2026-05-08,293.0500183105469,272.67999267578125,400.56072998046875,300.74517822265625,609.0654907226562,414.22283935546875,214.94947814941406,428.3500061035156,377.8221130371094,143.59535217285156
2026-05-11,292.67999267578125,268.989990234375,388.40802001953125,298.6545715332031,598.3054809570312,411.7681579589844,219.18453979492188,445.0,382.25677490234375,148.6708984375
2026-05-12,294.79998779296875,265.82000732421875,387.1187744140625,303.5126953125,602.441650390625,406.8887023925781,220.52297973632812,433.45001220703125,394.138916015625,149.614501953125
2026-05-13,298.8699951171875,270.1300048828125,402.3796691894531,298.9034729003906,616.0590209960938,404.3342590332031,225.56710815429688,445.2699890136719,398.8818054199219,150.5481719970703
2026-05-14,298.2099914550781,267.2200012207031,400.8305969238281,298.56500244140625,617.8573608398438,408.5451354980469,235.465576171875,443.29998779296875,396.82354736328125,151.75
2026-05-15,300.2300109863281,264.1400146484375,396.54315185546875,296.4743957519531,613.6612548828125,421.0081481933594,225.05770874023438,422.239990234375,391.61334228515625,157.9199981689453
2026-05-18,297.8399963378906,264.8599853515625,396.70306396484375,299.3813171386719,610.64404296875,422.6246643066406,222.0612030029297,409.989990234375,388.9087829589844,160.49000549316406
2026-05-19,298.9700012207031,259.3399963378906,387.4285888671875,294.3738708496094,602.052001953125,416.51788330078125,220.35317993164062,404.1099853515625,387.02947998046875,162.5500030517578
2026-05-20,302.25,265.010009765625,388.6778564453125,300.625732421875,604.499755859375,420.1499938964844,223.20985412597656,417.260009765625,381.12322998046875,156.27999877929688
2026-05-21,304.989990234375,268.4599914550781,387.4285888671875,301.6411437988281,606.8175659179688,419.0899963378906,219.25445556640625,417.8500061035156,380.3078918457031,155.2899932861328
2026-05-22,308.82000732421875,266.32000732421875,382.74139404296875,305.0059814453125,609.6949462890625,418.57000732421875,215.07933044433594,426.010009765625,386.2638854980469,154.9199981689453
2026-05-26,308.3299865722656,265.2900085449219,388.6478576660156,305.3643493652344,611.7730102539062,416.0299987792969,214.60987854003906,433.5899963378906,374.71978759765625,149.80999755859375
2026-05-27,310.8500061035156,271.8500061035156,388.5978698730469,297.93780517578125,634.6718139648438,412.6700134277344,212.35250854492188,440.3599853515625,381.8292236328125,147.89999389648438
2026-05-28,312.510009765625,274.0,389.8971252441406,295.3992614746094,634.7017211914062,426.989990234375,214.00057983398438,442.1000061035156,380.35760498046875,146.9600067138672
2026-05-29,312.05999755859375,270.6400146484375,380.1129455566406,297.9676818847656,631.92431640625,450.239990234375,210.8942108154297,435.7900085449219,378.15020751953125,145.25999450683594
2026-06-01,306.30999755859375,261.260009765625,376.14532470703125,295.2499084472656,599.9139404296875,460.5199890136719,224.09881591796875,415.8800048828125,377.7027587890625,149.3800048828125
2026-06-02,315.20001220703125,256.5199890136719,361.6340026855469,299.6102600097656,597.0765991210938,441.30999755859375,222.56060791015625,423.739990234375,375.7738037109375,149.55999755859375
2026-06-03,310.260009765625,250.02000427246094,358.77569580078125,299.50079345703125,622.4031372070312,427.3399963378906,214.5,423.70001220703125,374.8590087890625,152.52999877929688
2026-06-04,311.2300109863281,253.7899932861328,371.96783447265625,309.4957580566406,626.9888916015625,428.04998779296875,218.66000366210938,418.45001220703125,394.21844482421875,152.0399932861328
2026-06-05,307.3399963378906,246.02999877929688,368.30999755859375,310.9691162109375,592.450927734375,416.6700134277344,205.10000610351562,391.0,397.201416015625,149.9199981689453
2026-06-08,301.5400085449219,245.22000122070312,363.30999755859375,309.7147521972656,584.8479614257812,411.739990234375,208.63999938964844,408.95001220703125,404.2610778808594,151.75
2026-06-09,290.54998779296875,244.19000244140625,364.260009765625,311.2976379394531,584.0487060546875,403.4100036621094,208.19000244140625,396.67999267578125,410.6545715332031,148.91000366210938
2026-06-10,291.5799865722656,238.0,356.3800048828125,307.75360107421875,570.4512939453125,397.3599853515625,200.4199981689453,381.5899963378906,405.1460266113281,150.6199951171875
2026-06-11,295.6300048828125,241.50999450683594,357.7699890136719,312.0840759277344,567.9036254882812,390.3399963378906,204.8699951171875,399.1499938964844,403.2468566894531,146.60000610351562
2026-06-12,291.1300048828125,238.5500030517578,359.67999267578125,319.28167724609375,566.4549560546875,390.739990234375,205.19000244140625,406.42999267578125,406.20001220703125,147.00999450683594
2026-06-15,296.4200134277344,246.02000427246094,369.3500061035156,317.96759033203125,593.47998046875,399.760009765625,212.4499969482422,411.1499938964844,411.0400085449219,140.9199981689453
2026-06-16,299.239990234375,246.0,373.25,329.6549377441406,600.2100219726562,393.8299865722656,207.41000366210938,404.6600036621094,407.6499938964844,141.86000061035156
2026-06-17,295.95001220703125,237.5,363.7900085449219,331.9645080566406,567.5800170898438,378.9100036621094,204.64999389648438,396.3800048828125,399.5299987792969,140.74000549316406
2026-06-18,298.010009765625,244.38999938964844,368.0299987792969,323.761474609375,577.219970703125,379.3999938964844,210.69000244140625,400.489990234375,400.9599914550781,137.80999755859375
2026-06-22,297.010009765625,232.7899932861328,349.67999267578125,329.993408203125,563.8499755859375,367.3399963378906,208.64999389648438,405.04998779296875,406.67999267578125,138.47000122070312
2026-06-23,294.29998779296875,234.11000061035156,346.1300048828125,332.6414794921875,562.2000122070312,373.94000244140625,200.0399932861328,381.6099853515625,409.25,139.72999572753906
2026-06-24,293.0799865722656,234.27000427246094,345.2900085449219,331.95458984375,557.6699829101562,365.4599914550781,199.0,375.5299987792969,405.79998779296875,136.89999389648438
2026-06-25,275.1499938964844,227.00999450683594,343.7099914550781,333.6170654296875,542.8699951171875,352.8299865722656,195.74000549316406,375.1199951171875,415.5299987792969,137.5500030517578
2026-06-26,283.7799987792969,232.69000244140625,337.3900146484375,327.57427978515625,550.25,372.9700012207031,192.52999877929688,379.7099914550781,427.8900146484375,136.5399932861328
2026-06-29,281.739990234375,240.13999938964844,353.6499938964844,327.91278076171875,562.5999755859375,368.57000732421875,194.97000122070312,411.8399963378906,419.82000732421875,136.05999755859375
2026-06-30,289.3599853515625,238.33999633789062,357.3699951171875,325.86199951171875,563.2899780273438,373.0199890136719,200.08999633789062,420.6000061035156,415.6300048828125,136.72000122070312
2026-07-01,294.3800048828125,241.6999969482422,361.2099914550781,332.5718078613281,612.9099731445312,384.2799987792969,197.5800018310547,425.29998779296875,426.5400085449219,136.27999877929688
2026-07-02,308.6300048828125,242.6699981689453,359.9100036621094,332.9700012207031,582.9000244140625,390.489990234375,194.8300018310547,393.45001220703125,425.3599853515625,137.08999633789062
2026-07-06,312.6600036621094,244.16000366210938,366.4599914550781,337.7200012207031,600.2899780273438,386.739990234375,195.5500030517578,419.7699890136719,417.989990234375,136.44000244140625
2026-07-07,310.6600036621094,245.97999572753906,367.0299987792969,339.2200012207031,615.5800170898438,388.8399963378906,196.92999267578125,402.8999938964844,428.19000244140625,141.69000244140625
2026-07-08,313.3900146484375,243.6199951171875,361.9200134277344,330.6199951171875,603.1199951171875,383.3399963378906,204.1199951171875,394.05999755859375,425.6000061035156,141.1300048828125
2026-07-09,316.2200012207031,247.0399932861328,358.8900146484375,335.4700012207031,631.47998046875,384.3599853515625,202.77999877929688,406.54998779296875,431.67999267578125,137.4600067138672
2026-07-10,315.32000732421875,245.33999633789062,357.17999267578125,336.4700012207031,669.2100219726562,385.1000061035156,210.9600067138672,407.760009765625,424.6199951171875,138.8800048828125
2026-07-13,317.30999755859375,247.30999755859375,352.510009765625,334.5299987792969,656.72998046875,390.989990234375,203.52999877929688,394.760009765625,429.0899963378906,144.50999450683594
2026-07-14,314.8599853515625,247.49000549316406,359.510009765625,342.8900146484375,661.0399780273438,384.92999267578125,211.8000030517578,396.17999267578125,425.19000244140625,145.08999633789062
2026-07-15,327.5,254.9600067138672,370.9200134277344,346.9100036621094,681.3099975585938,395.6300048828125,212.5,394.4599914550781,418.5199890136719,144.50999450683594
2026-07-16,333.260009765625,249.88999938964844,354.4599914550781,343.1499938964844,664.5399780273438,401.1000061035156,207.39999389648438,391.05999755859375,423.3800048828125,145.9499969482422
2026-07-17,333.739990234375,247.22999572753906,346.7699890136719,341.1000061035156,646.010009765625,393.82000732421875,202.80999755859375,380.8399963378906,426.0899963378906,147.36000061035156
2026-07-20,326.5899963378906,249.99000549316406,351.989990234375,338.8699951171875,645.8499755859375,402.2900085449219,203.27999877929688,369.57000732421875,421.54998779296875,148.36000061035156
2026-07-21,327.739990234375,247.5500030517578,347.1499938964844,345.2300109863281,643.8099975585938,397.75,207.2899932861328,378.92999267578125,436.3500061035156,151.7100067138672
2026-07-22,325.8900146484375,244.85000610351562,342.0899963378906,348.2099914550781,627.1699829101562,390.3399963378906,212.05999755859375,374.010009765625,431.30999755859375,154.4499969482422
2026-07-23,321.6600036621094,233.66000366210938,317.69000244140625,349.8999938964844,606.0999755859375,381.5799865722656,208.75999450683594,319.69000244140625,423.55999755859375,156.88999938964844
2026-07-24,333.0199890136719,232.11000061035156,319.739990234375,353.2099914550781,595.1900024414062,381.70001220703125,206.83999633789062,313.0299987792969,420.739990234375,156.94000244140625
